county_fips,year,population,youth_population,median_income,poverty_rate,pct_bachelors,pop_density
01001,2022,58761,13766,68315.0,11.373968537166974,29.558574698915095,98.8485251196474
01003,2022,233420,49396,71039.0,10.21395057049129,32.561578714181366,146.81768177509633
01005,2022,24877,5151,39712.0,24.16365383735298,11.881188118811881,28.109350423950968
01007,2022,22251,4715,50669.0,20.622960261086583,10.919937205651491,35.74630102655549
01009,2022,59077,13564,57440.0,14.173187897053033,14.741406766788348,91.60772905808889
01011,2022,10328,2175,36136.0,27.943011647254572,9.376746785913918,16.58277337572152
01013,2022,18981,4234,44429.0,21.107656015440703,13.048394391677972,24.433634253687057
01015,2022,116162,24599,54339.0,18.039163328882953,19.153437812773184,191.72126953737478
01017,2022,34612,7191,48805.0,17.87814631851329,12.733748886910062,58.01989425936294
01019,2022,25069,4726,46621.0,14.259063995457863,14.592668574205042,45.28981579841163
01021,2022,45140,10705,62471.0,14.450619923044036,13.973014472867456,65.15240958551578
01023,2022,12669,2526,43299.0,19.142284569138276,13.046840477242599,13.868955936589675
01025,2022,23058,5075,47549.0,22.360823379027636,13.768342179206993,18.618885353918703
01027,2022,14209,2910,48074.0,17.570389572981927,12.762359494678204,23.526314569459668
01029,2022,15144,3446,51553.0,12.89224195486714,16.49106302916275,27.037787557690073
01031,2022,53559,12670,62199.0,16.299584542712424,21.60794397636503,78.88086057739041
01033,2022,57270,11977,56149.0,15.87873012511691,18.043345169584914,96.58438358520827
01035,2022,11576,2368,39888.0,18.429737710613168,13.314244810307802,13.61435481765397
01037,2022,10329,1658,52279.0,11.054268231517705,10.634861473474967,15.868577635276207
01039,2022,37542,8227,48772.0,18.783075962764947,16.30808787386093,36.42834894442014
01041,2022,13205,3020,48557.0,14.858472276075998,17.195015303891562,21.68789468929894
01043,2022,88284,19672,58119.0,13.031960642653182,18.296488946684004,120.15695369376064
01045,2022,49455,11403,52813.0,17.518927640561003,19.161694422180663,88.13732706246334
01047,2022,38326,9038,37180.0,27.08211997670355,15.694273399014778,39.158589939289165
01049,2022,71680,17146,47920.0,20.221928965703174,14.149013123902035,92.2431110430498
01051,2022,87694,19063,73258.0,9.600288513554126,24.16046915440815,141.7812958759353
01053,2022,36755,8335,41153.0,21.810036891725712,12.556458897922312,38.877394733279175
01055,2022,103348,22164,52177.0,15.865653895663623,17.7198652272571,193.13592659384605
01057,2022,16297,3436,45650.0,22.181180742502974,13.003150157507875,25.963701480362733
01059,2022,32011,7920,47359.0,16.623360162240953,14.828345276567841,50.4938016496335
01061,2022,26647,5834,47608.0,20.831749410780812,13.913180908228847,46.38415276290939
01063,2022,7706,1696,32796.0,32.89542827115082,16.71866397504129,11.909932104422872
01065,2022,14742,3454,35851.0,25.00692137320044,16.372745490981963,22.891659808382116
01067,2022,17282,3517,58395.0,15.517343963824597,20.961706870472096,30.756800239191872
01069,2022,107040,24470,55064.0,17.8361882446311,22.4602327247172,184.60710626981196
01071,2022,52618,10852,46748.0,18.61252115059222,16.188562514871904,48.810081492372554
01073,2022,672265,152346,63595.0,15.873651272868392,35.5714941724432,604.8050452525325
01075,2022,13885,3026,49565.0,15.339254513686662,10.238528401051141,22.956256633920038
01077,2022,94329,18256,56081.0,13.263107493416326,25.8255374512112,141.207272857917
01079,2022,33116,7172,54786.0,15.834988540870896,15.780730897009967,47.94667315299037
01081,2022,175126,36525,59288.0,18.498982654406806,40.16286279929775,288.2518990362854
01083,2022,104199,23004,80146.0,11.193978042467098,29.53043097431125,184.94543879702664
01085,2022,10153,2237,33125.0,25.527658297489246,16.318407960199004,14.178484397801936
01087,2022,19198,3179,41206.0,25.013637190132737,20.555555555555554,31.541159751258906
01089,2022,389781,83734,78058.0,10.687160080127274,45.085576401488936,486.2525293100566
01091,2022,19180,4350,42975.0,21.453086224193463,21.958913595445104,19.633574846094476
01093,2022,29203,6153,49743.0,16.44596624855875,11.830647101274957,39.33901086022345
01095,2022,97923,24723,58272.0,16.600404837286554,21.421647819063004,173.05622564483207
01097,2022,413878,96226,55352.0,17.566020595816337,24.208198150556694,336.6575183792727
01099,2022,19816,4188,39965.0,22.860648195481033,13.511344568468667,19.320073045007696
01101,2022,228132,53805,56707.0,19.557909237288523,33.677579535399694,290.48264797448286
01103,2022,123102,28181,61588.0,13.723088129392192,23.847114546268585,212.36602267845961
01105,2022,8479,1792,32332.0,32.83423877037233,15.223936770794127,11.781788875456808
01107,2022,18925,3653,45339.0,22.333969134732097,14.508534432018836,21.471327693871622
01109,2022,32997,6220,42616.0,23.6365416625869,27.711533454829475,49.09778340552356
01111,2022,22179,4627,49879.0,19.857003574910628,18.803637760983733,38.20342778399794
01113,2022,58849,14160,47420.0,22.027809766074835,16.36400120397311,91.7820525217489
01115,2022,91719,20453,73218.0,10.917732110583039,19.32799156889791,145.2238073372706
01117,2022,223916,51063,90618.0,6.853642019915557,45.60382700380748,285.08315710537136
01119,2022,12196,2303,31726.0,30.374479889042995,21.756867011150394,13.493747690374033
01121,2022,81105,16771,52457.0,18.693186232615957,16.602794133017454,110.07482183500109
01123,2022,41251,8410,53282.0,16.844754830590038,18.15136854213892,57.570674139740525
01125,2022,231558,47215,61645.0,16.693333577843696,30.87652068555005,175.3101038120965
01127,2022,64978,14409,52987.0,16.411667583929553,15.288973300059627,82.14353437922709
01129,2022,15434,3180,51184.0,15.80290537887711,14.21904761904762,14.287367334564523
01131,2022,10441,2397,38208.0,26.76387122027596,11.614089687367379,11.759763385586435
01133,2022,23655,4785,49494.0,18.196332254584682,13.8251559006942,38.58903291691
02013,2022,3407,417,79961.0,12.636229749631811,16.934579439252335,0.4876719340579372
02016,2022,5219,887,100662.0,9.584920794064567,15.436415436415437,1.1880193743447
02020,2022,290674,69388,95731.0,9.640066669948592,37.03430430128758,170.28313934823822
02050,2022,18538,6453,64094.0,25.256085471968277,9.694331783559203,0.45616753617707784
02060,2022,854,163,94167.0,7.885304659498208,26.257861635220124,1.7719606931810636
02063,2022,7000,1519,83068.0,4.93377965361665,31.466828971393788,0.7345076852063752
02066,2022,2614,692,70606.0,11.245136186770429,28.084868788386373,0.10586244685616072
02068,2022,2101,272,87292.0,7.309941520467836,25.149342891278376,0.16620456102970568
02070,2022,4854,1466,69412.0,15.8911508101371,20.468642315644384,0.26475409558877355
02090,2022,96299,22959,81655.0,6.884674126146814,32.945395273023635,13.129141925998315
02100,2022,2079,628,68276.0,5.842588121680348,33.66197183098591,0.8870948816033418
02105,2022,2329,310,62344.0,11.550021468441392,27.529923830250276,0.35504612931880686
02110,2022,32108,6625,95711.0,6.904210426119237,40.73735128775004,11.873368974148761
02122,2022,59235,13074,76272.0,12.545762243558748,27.96734301836955,3.698135730040774
02130,2022,13910,2928,82763.0,9.67601019293775,28.49326172864525,2.8638959691333365
02150,2022,13065,3135,91138.0,8.037880566643187,28.46884410470234,1.9530663141131577
02158,2022,8372,3446,42663.0,34.259482966900215,4.590325765054295,0.49024746019374493
02164,2022,999,255,61607.0,15.175879396984925,15.514592933947775,0.041918675252372244
02170,2022,108661,28387,86435.0,10.217970773389794,23.65452787624879,4.397929907858024
02180,2022,10018,3411,70121.0,21.14149575305573,18.314162473040977,0.4361434298026758
02185,2022,10924,2493,83472.0,7.940331696469934,14.195500592027365,0.12298529949644928
02188,2022,7682,2783,77647.0,18.477117306680693,15.153664302600472,0.2154036187695793
02195,2022,3374,606,77826.0,4.601503759398496,24.793062672447775,1.1631161861371995
02198,2022,5799,1244,61779.0,15.308254963427379,19.392917369308602,1.1008355073837985
02220,2022,8462,1709,95261.0,6.897801401304663,34.19535496623291,2.948367335490545
02230,2022,1303,207,79583.0,6.216423637759018,27.835051546391753,3.0025047756647334
02240,2022,6888,1845,75378.0,13.167155425219942,19.783855315394796,0.2773810046363059
02275,2022,2134,472,61000.0,10.09478672985782,18.02437459910199,0.8348554905832292
02282,2022,564,105,76875.0,9.982174688057041,10.831234256926953,0.0739647880397364
02290,2022,5355,1459,47826.0,22.90881688018086,14.14082874529122,0.03678342665047115
04001,2022,66054,17525,37483.0,32.539093887137646,13.782567503552817,5.898567043089437
04003,2022,125504,26498,58421.0,14.702482661574026,26.696217025087577,20.210429763104273
04005,2022,144705,28779,67266.0,16.881199988012106,39.593217208620466,7.7730043165272855
04007,2022,53419,10347,55242.0,18.99340693038945,18.08534771759131,11.228192159960383
04009,2022,38453,10108,64089.0,17.6677443139924,13.952056481405467,8.319780037417697
04011,2022,9483,2589,73756.0,12.812897751378872,16.672360778954562,5.1458674066846894
04012,2022,16681,2708,46634.0,20.99120019555121,12.382468911131332,3.709709092178743
04013,2022,4430871,1024140,80675.0,11.528376061801518,34.984860480414035,481.510899350751
04015,2022,214229,35434,53592.0,16.01015973466509,14.40628883767511,16.068640861762614
04017,2022,107110,27769,50335.0,25.47909240734353,17.290805053538044,10.765373749735161
04019,2022,1042393,210717,64323.0,14.94909349575073,34.98408712828637,113.44313434253853
04021,2022,433338,95425,73313.0,11.295184753544344,21.404759547149883,80.7461459813728
04023,2022,47838,12601,51885.0,20.208342084260934,23.503203356206708,38.695743613802925
04025,2022,237830,37480,62430.0,12.321749075815275,28.679766906084836,29.278836755004228
04027,2022,204374,51343,56439.0,17.53336773827955,16.423649446073018,37.06577291242732
05001,2022,17024,3901,58695.0,16.843112626353253,15.77929178231979,17.158868708045237
05003,2022,19018,4295,44804.0,23.27184054283291,11.579186204810163,20.549070116219266
05005,2022,41801,7350,47403.0,13.526862455511706,18.160215121005567,75.46246734701614
05007,2022,286528,73739,85269.0,7.88173681809663,35.508041807855676,337.99321248553497
05009,2022,37662,8555,52275.0,13.162661187856505,16.62985529322163,63.86388185639699
05011,2022,10461,2558,43688.0,15.150053073434332,12.540464461646728,16.114497502183568
05013,2022,4773,892,60237.0,12.489120974760661,12.536106296938184,7.59305187233237
05015,2022,28362,6237,56826.0,15.435356200527705,21.442021803766103,45.02419324113232
05017,2022,10234,2243,36593.0,27.436596101446238,17.62208067940552,16.066488952522693
05019,2022,21469,4165,48071.0,19.98951232302045,26.44880875724404,24.79182328276582
05021,2022,14537,3043,44685.0,19.424710962529602,15.383871591568363,22.741636734540627
05023,2022,24948,4715,52780.0,14.121717891308771,17.187835804857084,45.03582395087002
05025,2022,7548,1556,48913.0,13.557280513918629,15.86920376870497,12.623973507718553
05027,2022,22707,4760,47441.0,22.523607631528233,18.98653886813729,29.641087897241093
05029,2022,20782,4685,50282.0,20.889233302658983,19.146585652143894,37.654212499343195
05031,2022,111038,27699,55169.0,19.115741992003656,28.20610203823269,157.0191837231073
05033,2022,60593,14557,56702.0,17.84843952202484,20.317328985471978,101.79095501361569
05035,2022,47945,12991,51860.0,19.6977074027816,17.627240612325004,78.230931771271
05037,2022,16827,4042,48129.0,20.209499729095178,16.064326474148366,27.302463987746584
05039,2022,6472,1314,40085.0,11.909075934771867,13.037893384714195,9.698451874129919
05041,2022,11285,2852,38067.0,27.22719141323792,13.0672214276427,15.224755709114753
05043,2022,17309,3974,44968.0,21.360817219992704,25.022923161562442,20.887763118357555
05045,2022,124611,28137,61273.0,15.506100733430678,32.478909378361216,192.5258365096262
05047,2022,17160,3879,47695.0,20.2204575085931,12.2993762993763,28.178866835148703
05049,2022,12183,2570,38917.0,15.328892589508742,14.389067524115756,19.71378362896727
05051,2022,100021,19768,54229.0,16.862844665617224,25.245847677305207,147.6074171911779
05053,2022,18022,3906,68598.0,13.547807534669587,18.78023633912285,28.520877117463854
05055,2022,45954,11068,54879.0,17.560411196653465,16.561106443482196,79.59607856722208
05057,2022,20037,5053,45049.0,22.99386627464896,15.788286594992856,27.5536303630363
05059,2022,33129,6495,50260.0,19.741446345256612,15.502456081924903,53.87319820991831
05061,2022,12779,3308,44824.0,18.31423113658071,14.979423868312757,21.75771114122847
05063,2022,37910,9038,52361.0,19.336101837526805,17.106610984162003,49.63913098131233
05065,2022,13748,2377,46159.0,19.739747634069403,18.93417527745886,23.695236650746896
05067,2022,16784,3269,41929.0,20.441034149039126,11.85545401190576,26.489439103803438
05069,2022,66934,14390,46855.0,19.503259344830433,20.151409067040085,76.72872919690123
05071,2022,25925,6397,42470.0,21.156519321656937,15.03916449086162,39.22147082406693
05073,2022,6277,1191,40262.0,21.61106590724166,10.611431103234382,11.855206696482535
05075,2022,16258,3650,43606.0,17.783866445775455,12.949771689497716,27.671872659686006
05077,2022,8666,1612,33801.0,27.619181549711712,7.70224446956241,14.447980767146765
05079,2022,13016,1913,50526.0,17.67936015279933,8.134305985809934,23.26504202221404
05081,2022,12024,2662,58627.0,11.845683208701562,15.923945335710041,22.63319874636474
05083,2022,21247,4486,51131.0,14.531878230901782,14.343075302790941,29.96269998519281
05085,2022,74292,18589,68078.0,11.84174624829468,19.929254763244632,96.30176939529457
05087,2022,16737,3922,51514.0,16.450816215890608,12.313368800411876,20.062620019706607
05089,2022,16905,3112,42891.0,17.767408470926057,15.23106796116505,28.335663210402988
05091,2022,42682,10091,47613.0,20.529177238129755,15.601146686008358,68.39625665021474
05093,2022,40361,10506,50012.0,21.868165403590865,14.800976056123227,44.741506696094525
05095,2022,6787,1465,41786.0,23.81451009723261,14.189897296164325,11.172733722823358
05097,2022,8555,1537,47103.0,18.152639087018546,16.390907685170866,10.961582568072645
05099,2022,8292,1863,43421.0,27.825225894293848,10.942195509987625,13.42203661438353
05101,2022,7243,1408,50699.0,11.354442739573162,14.782276546982429,8.82135149486771
05103,2022,22606,5058,47348.0,19.071235347159604,14.953982862583306,30.852125160872966
05105,2022,10055,2248,53980.0,15.34439416792358,15.198545861297537,18.237517593627118
05107,2022,16373,4323,37458.0,30.451914788819114,15.238987816307404,23.716611622921373
05109,2022,10205,2210,49248.0,17.477964743589745,18.505537641945885,16.998842313041884
05111,2022,22997,5496,43440.0,20.951619352259097,11.544861128887751,30.327247311402555
05113,2022,19384,4394,48449.0,17.783018867924525,16.269606392423793,22.6227128115233
05115,2022,63475,14549,51678.0,17.85470583340268,23.88099705172876,78.27220353362468
05117,2022,8217,1645,47045.0,9.978715412545386,15.98264931598265,12.690033914219882
05119,2022,398322,91711,58326.0,16.557972589151724,37.04134409852588,525.2371546192735
05121,2022,18619,4437,45993.0,19.22320550639135,15.5475650746502,28.56055946115509
05123,2022,23138,4929,39822.0,28.10389352403655,13.27069516089413,36.4501940817664
05125,2022,123988,28519,73236.0,9.549643767566508,28.457548647613745,171.36870504591468
05127,2022,9871,2293,45340.0,17.126225490196077,12.042263713996238,11.05560844486756
05129,2022,7880,1590,42063.0,26.568361143448456,14.945936519009418,11.833981849555249
05131,2022,128184,30495,54047.0,16.50493134176894,23.92137225903369,241.31796386556047
05133,2022,15913,4506,53567.0,20.0920245398773,11.667006317505605,28.236116606839627
05135,2022,17422,3613,43332.0,15.916126394486305,11.513757830465467,28.813791985657605
05137,2022,12393,2453,37664.0,21.186716587986325,14.438325991189426,20.43565727854363
05139,2022,38815,9275,49745.0,18.619519832985386,18.472804136941832,37.35562769292067
05141,2022,15900,3089,45768.0,18.915133380021647,16.75588410230266,22.407937201403666
05143,2022,247331,58576,61985.0,15.193660717653025,34.464857286458745,262.7128365818684
05145,2022,77118,17884,51144.0,16.086703086662418,20.48364435121604,74.58465752258779
05147,2022,6259,1347,49608.0,19.00497512437811,16.503305219968087,10.6813795174863
05149,2022,20342,4843,55879.0,12.44792450936104,13.805296961824348,21.864043526020385
06001,2022,1663823,332827,122488.0,9.152310478464955,50.93735760808384,2256.156613452409
06003,2022,1515,345,101125.0,13.72937293729373,39.60674157303371,2.0519002085759945
06005,2022,40577,6244,74853.0,7.838492454286551,20.563618695338704,68.24423757747
06007,2022,213605,43011,66085.0,18.2135704634962,30.833321341717873,130.52630935722186
06009,2022,45674,7690,77526.0,13.079627623112133,21.396701683045297,44.77772897680037
06011,2022,21811,5807,69619.0,10.944444444444445,14.285714285714285,18.95489532701996
06013,2022,1162648,258051,120020.0,8.259944364282147,44.49742419463564,1621.7805651028882
06015,2022,27462,5798,61149.0,14.285145043034747,17.715534770231802,27.29273048552875
06017,2022,191713,37685,99246.0,8.597879427928921,37.952585900768455,112.25459512917186
06019,2022,1008280,282976,67756.0,19.54692118959933,23.38386782662174,169.22040761730153
06021,2022,28657,7580,64033.0,15.252269368798817,14.86874154262517,21.809511342741985
06023,2022,136132,25608,57881.0,19.824394054334192,31.083621757894285,38.153320114068705
06025,2022,179578,51049,53847.0,21.051035287255758,15.91637099481856,43.00725560935048
06027,2022,18829,3838,63417.0,11.92904415753499,28.953630922333595,1.8464762253314884
06029,2022,906883,261013,63883.0,19.29297777959345,18.320038168628713,111.48364537824692
06031,2022,152515,41048,68540.0,16.213118629255817,14.72487484750326,109.64634802138362
06033,2022,68024,14511,56259.0,16.591444122895144,18.212279088773112,54.19884915885974
06035,2022,31873,5460,59515.0,15.231289958631065,12.095687331536388,7.018368249750241
06037,2022,9936690,2093072,83411.0,13.738451180984365,34.58292388181746,2447.312305707585
06039,2022,157243,42872,73543.0,20.060672991205077,17.150790044929074,73.58401211464361
06041,2022,260485,50946,142019.0,6.962270273228743,61.1280766319526,500.7968993023046
06043,2022,17130,2927,60021.0,15.990566037735848,28.92827761573555,11.823251704812126
06045,2022,91145,19250,61335.0,16.155227609900834,23.98753894080997,25.99088002276715
06047,2022,282290,82317,64772.0,18.522920633085622,14.644843118520146,145.6601740760081
06049,2022,8651,1636,54962.0,16.895085066162572,23.82122561818461,2.19110675585762
06051,2022,13219,2509,82038.0,11.286750668193967,31.709597008724554,4.335656353889791
06053,2022,437609,113042,91043.0,12.323736361823551,27.06606990927095,133.34753321278671
06055,2022,137384,27447,105809.0,7.887173317291625,37.83899340337161,182.69756308387912
06057,2022,102322,17355,79395.0,10.371108983029094,38.809219436252484,106.83469762779819
06059,2022,3175227,680041,109361.0,9.683239717952256,42.764155060093,4004.771328139485
06061,2022,406608,89190,109375.0,6.809019482339866,42.441141104508304,288.97208695429697
06063,2022,19650,3412,67885.0,10.868553101236355,21.18009976371751,7.696640347942981
06065,2022,2429487,597531,84505.0,11.3860513014266,24.055583437892096,336.995663767106
06067,2022,1579211,365288,84010.0,13.100342077449104,32.62334575803854,1636.0133847173877
06069,2022,64753,16474,104451.0,7.510219307107664,21.997635933806148,46.63011323211287
06071,2022,2180563,564737,77423.0,13.776948522440227,22.421731322304648,108.6578061663529
06073,2022,3289701,697372,96974.0,10.571216813986691,41.046810357810436,781.3162932316184
06075,2022,851036,115402,136689.0,10.484575504124656,59.78954733127261,18223.468950749462
06077,2022,779445,207464,82837.0,12.877444831712829,20.306970047128434,559.850399141526
06079,2022,281712,49037,90158.0,12.583759905681497,37.971898463015826,85.34549669447976
06081,2022,754250,150187,149907.0,6.431902299541695,52.878789814846925,1681.3194651877147
06083,2022,445213,98581,92332.0,13.530337570312446,35.67693808003858,162.84660129827236
06085,2022,1916831,405816,153792.0,6.882042572679826,55.32795837200547,1484.6679224589568
06087,2022,268571,50320,104409.0,11.383175028650234,42.480199366157706,603.3866090324552
06089,2022,181852,39190,68347.0,13.28318979979868,22.754746553075268,48.16440926346212
06091,2022,2916,406,61108.0,12.578836720392431,23.877278790573587,3.059271817769795
06093,2022,44049,8872,53898.0,16.68039727218637,21.99850625505695,7.015549390509316
06095,2022,450995,98997,97037.0,8.995690768456969,28.199650790199097,548.8319849684084
06097,2022,488436,94082,99266.0,8.910852037299986,37.84658913177644,310.0517540056509
06099,2022,552063,148111,74872.0,13.726400184175858,18.217773785591056,368.98907195134177
06101,2022,99101,25242,72654.0,13.316278169049973,20.622903394577293,164.4294967944038
06103,2022,65484,15576,59029.0,16.17846780665473,18.170097363624237,22.20446184765238
06105,2022,15889,2608,47317.0,21.99529172233887,19.182665498287264,4.997691292461032
06107,2022,473446,142992,64474.0,18.470705701500258,15.61704596829601,98.14591889258045
06109,2022,54993,9333,70432.0,11.369474111126133,24.437948571700176,24.76146049976789
06111,2022,842009,187695,102141.0,8.951058553160122,34.71285162177459,457.4209232524344
06113,2022,217141,44537,85097.0,17.421730771982887,43.2709136812106,214.35693216504043
06115,2022,81705,22163,66693.0,15.411150823796063,17.358527131782946,129.2788359604181
08001,2022,520149,133106,86297.0,9.618385119171064,27.15323856525538,445.8139774071344
08003,2022,16460,3931,52271.0,15.53385583965052,28.214540634240848,22.777435670349895
08005,2022,654453,149726,92292.0,7.983627441001108,44.92169187324059,820.2357736212281
08007,2022,13509,2393,66813.0,8.154730789336122,39.43553806278199,10.006014422763553
08009,2022,3496,777,42115.0,23.03155411383073,24.361022364217252,1.3683012047391128
08011,2022,5561,933,45776.0,27.06660368445914,15.498241500586166,3.675850895695335
08013,2022,328658,59565,99770.0,11.282385386094525,63.23035887265232,452.45703036268645
08014,2022,73946,15908,117541.0,5.007963192355335,58.38161378198979,2242.962873089056
08015,2022,19564,2929,65703.0,11.777349131992285,41.42488716956802,19.30515646215542
08017,2022,1726,431,65577.0,10.87344028520499,23.42857142857143,0.9706029885124693
08019,2022,9403,1110,87169.0,6.623725174449813,55.03074708883946,23.800664687285643
08021,2022,7553,1932,44093.0,15.682878081279148,24.648453194053836,5.866735848529005
08023,2022,3534,631,34578.0,22.532005689900426,23.65303782957585,2.8788042942571357
08025,2022,5782,840,40685.0,24.185210159586422,12.741589119541876,7.3428935724917075
08027,2022,4885,844,66250.0,7.71123872026251,36.46686031159229,6.613631255872391
08029,2022,31173,6105,56349.0,15.031225086367261,24.4988864142539,27.293860129145234
08031,2022,710800,132983,85853.0,11.695867087148905,54.24859124696062,4643.505755386283
08033,2022,2329,338,64708.0,16.70244740231859,26.32406921866807,2.182407676377709
08035,2022,360206,88073,139010.0,3.010342039974354,60.00460691118945,428.3638249089058
08037,2022,55650,11528,98887.0,8.047305227047035,51.805933961556725,33.03709772213218
08039,2022,26457,5566,124360.0,4.256608346587896,35.61744613767735,14.300416304971769
08041,2022,730323,171802,82748.0,9.208382200369886,40.180719369173715,343.4525511470944
08043,2022,49107,7913,56165.0,15.001480165778567,20.222888082847078,32.01582960357535
08045,2022,61683,15193,82772.0,8.088900587296626,33.69412562351688,20.92775897605537
08047,2022,5856,1047,95902.0,9.30795847750865,43.88149420352082,39.03401478439972
08049,2022,15724,2691,79367.0,8.57835321130174,37.82370517928287,8.51581442630089
08051,2022,17018,2684,76538.0,10.80913762149446,59.34280639431616,5.253863679865644
08053,2022,911,101,58712.0,7.354555433589462,44.5997458703939,0.8154088098164122
08055,2022,6896,1090,49631.0,20.595643799081344,26.07516466485858,4.334290992078731
08057,2022,1440,259,38686.0,20.850767085076708,27.509293680297397,0.8923447970721176
08059,2022,580519,110522,103167.0,6.6744605856623345,49.12937929865292,759.4608985286171
08061,2022,1347,325,45250.0,15.945330296127564,17.956989247311828,0.7619601438843223
08063,2022,7039,1811,58992.0,9.383995394358088,18.049187161317214,3.25755661502891
08065,2022,7403,1236,78942.0,7.256954007160561,39.23426838514026,19.6408246864711
08067,2022,55983,10200,81936.0,11.42092142923091,46.96328208175493,33.13226985906224
08069,2022,359363,67643,87199.0,11.449404191950517,50.886950412739296,138.4429992599433
08071,2022,14422,2634,48965.0,19.04865491987528,16.548731012359656,3.0216189692805564
08073,2022,5583,960,59167.0,11.591778202676863,22.745657863430882,2.1658591085955474
08075,2022,21302,4106,54864.0,11.68922305764411,19.718122590081105,11.585995641246406
08077,2022,156131,32769,68077.0,11.458408590850876,30.032430457223768,46.90420134339886
08079,2022,794,95,58929.0,11.209068010075567,57.66423357664233,0.9066410888827989
08081,2022,13232,3345,63983.0,14.841070203521609,20.541860981567844,2.7896519765797416
08083,2022,26070,5504,61377.0,12.545623980740855,30.064034151547492,12.846484266629348
08085,2022,42823,8809,62817.0,11.57695939565628,27.7166725800729,19.10934043033612
08087,2022,29045,7525,70471.0,12.82886670169907,17.732111646628887,22.68281159092063
08089,2022,18580,4340,47500.0,23.993381136238277,18.321335337394192,14.72329243882068
08091,2022,4936,630,78750.0,4.84688704116812,49.55688622754491,9.129396620125732
08093,2022,17597,2616,85019.0,6.8017449202158184,35.48660084626234,8.022302154993595
08095,2022,4493,1143,58474.0,13.877551020408163,26.264329062710722,6.531206754195207
08097,2022,17325,2736,96123.0,6.662804171494785,63.10837839839988,17.8479263954606
08099,2022,11968,3118,49422.0,17.580046603952706,18.24207874850855,7.304656291141335
08101,2022,168135,37327,59436.0,16.631603339248365,24.06816496196768,70.449859234364
08103,2022,6511,1565,69882.0,12.939271255060728,23.808427354363342,2.021440118523265
08105,2022,11442,2407,57591.0,10.2575528027805,31.277805239742957,12.546657952795968
08107,2022,24944,4386,95144.0,7.975161329599416,50.04268487888166,10.560452494051702
08109,2022,6454,1232,51946.0,17.494936906060136,24.382779024688837,2.036883561838384
08111,2022,690,86,67344.0,19.130434782608695,41.66666666666667,1.7805716409128913
08113,2022,8082,1317,72829.0,8.478368970661363,62.16173193250557,6.281062387067944
08115,2022,2391,531,45855.0,16.066129715981347,26.48428405122235,4.362812271344661
08117,2022,30955,4976,100611.0,7.392604146357315,52.257796257796265,50.8853776252285
08119,2022,24758,4141,69655.0,7.014337354291052,37.963154626371356,44.437584022715974
08121,2022,4817,1066,59087.0,9.695652173913045,24.480712166172104,1.9129623952179515
08123,2022,331466,85134,89182.0,9.67704196299375,30.656324803770573,83.17929574163642
08125,2022,9938,2646,60118.0,14.038541234977206,24.437443744374438,4.203182288606957
09110,2022,977165,200946,88190.0,10.759296171995897,41.10339046806645,951.1519454440507
09120,2022,326381,71713,83147.0,13.307322247054811,41.72384219554031,2328.2827201974587
09130,2022,175244,30301,99742.0,6.4892250691004225,45.2667493796526,413.19925020336467
09140,2022,451887,93594,82939.0,10.231123907658239,33.26980304571062,1094.7299313926897
09150,2022,95687,19152,83119.0,8.849726226157317,25.03192106790482,172.75295859323518
09160,2022,112696,21501,87971.0,9.43636183243287,37.93103448275862,143.26211923594212
09170,2022,571298,113362,83617.0,11.77059347943797,40.39796671146908,1555.9537978424105
09180,2022,280293,54146,80330.0,9.94651886788927,33.812545826907034,468.6116010599614
09190,2022,620666,138162,118930.0,7.4470046082949315,54.2353061756923,1166.3869715312323
10001,2022,182400,41732,69278.0,12.328890794804375,26.28184771722403,311.2304009309611
10003,2022,570567,121453,85309.0,10.523250152380196,38.274202562825124,1338.3004524589703
10005,2022,240668,43517,75406.0,11.623791163643258,31.699884697743368,257.08383094090027
11001,2022,670587,124056,101722.0,15.101881746931534,62.63609274529711,10970.568988646402
12001,2022,279729,49377,57566.0,20.18254420992584,46.684224823138976,319.4548018888933
12003,2022,27969,6575,67872.0,13.682854151566401,14.128645031072395,47.79146660287408
12005,2022,181055,37708,65999.0,12.198062215443963,26.632563961889456,238.67054751001191
12007,2022,27816,5474,54759.0,18.18105861219033,13.166906546230583,94.62318771558616
12009,2022,610723,110393,71308.0,10.104466052264536,32.89386470482369,601.7153216351222
12011,2022,1940907,405002,70331.0,12.422889986073134,34.94202757079795,1613.5110802230258
12013,2022,13753,2683,41526.0,19.902749832327295,11.069082221779814,24.241366668076765
12015,2022,189900,22419,62164.0,10.487798315710172,25.131872590789207,278.8063154989297
12017,2022,155173,22889,52569.0,15.002069658801965,19.685414680648236,266.6605947290999
12019,2022,219650,50346,82242.0,9.365250283000636,27.58234519104084,363.2992500802186
12021,2022,380221,63332,82011.0,10.392007414705656,38.73495297375854,190.41058708524636
12023,2022,69832,15466,53501.0,15.68518860377823,16.041004909038406,87.57714355944553
12027,2022,34258,6261,45000.0,26.388292323740565,11.589800975141875,53.80598245627812
12029,2022,16737,2985,45057.0,16.14500792393027,7.979870596693027,23.7392469877382
12031,2022,995708,222816,65579.0,14.337131092130893,32.24178889944393,1305.6462155970821
12033,2022,321296,66849,61642.0,14.851121429446087,28.07031210620134,489.03947372426535
12035,2022,117515,19306,69251.0,9.774823517287578,28.37073084799507,241.70542029778423
12037,2022,12276,1932,58107.0,21.66821994408201,20.950123660346247,22.524811972132056
12039,2022,43746,9673,45721.0,25.547712673717122,19.66826970262047,84.71750181554103
12041,2022,18070,3591,56823.0,12.434593450526192,14.633578906552927,51.673601281116404
12043,2022,12179,1763,37221.0,21.865246924912796,12.979412686801128,15.095027155927825
12045,2022,15002,2242,56250.0,12.324884606040975,21.40149919986524,27.105794265539938
12047,2022,13492,2714,47668.0,26.423220973782772,9.239566613162118,26.233970775527666
12049,2022,25528,6490,44665.0,28.474131731460723,10.361256860261745,40.03958787205777
12051,2022,39902,10129,49259.0,22.293449112501595,10.483555972189674,34.51879406548726
12053,2022,196621,36103,59202.0,12.46906500095582,20.00298775022408,415.71910031587896
12055,2022,102339,17157,53679.0,15.634124540669381,18.283308468404684,100.56305642355993
12057,2022,1468560,320513,70612.0,13.67533507754731,36.24510488298752,1436.241689502808
12059,2022,19529,3996,46063.0,16.614084507042254,11.009564293304996,40.782530066387245
12061,2022,160986,24668,67543.0,11.428410145763818,32.72562689577411,320.35293626014123
12063,2022,47704,8922,46144.0,19.225261702547897,13.877890629482986,51.95212528451477
12065,2022,14458,2480,51573.0,18.33232077764277,19.536301496397563,24.17406396144991
12067,2022,8107,1476,57852.0,19.33955279135199,8.083219645293315,14.920538516044132
12069,2022,386829,73351,66239.0,9.681287521960083,25.67755373581935,406.2775041223362
12071,2022,772902,132836,69368.0,11.701281415148578,30.1228282204908,989.5982976238948
12073,2022,294128,54119,61317.0,19.44491508621156,47.51717952965504,440.0294422136715
12075,2022,43268,8430,49933.0,15.659308640824223,16.10134859011034,38.69246164109406
12077,2022,7704,1478,51723.0,21.777003484320556,16.841914430746918,9.220130618517096
12079,2022,17986,3239,43386.0,22.44669609001057,12.954993070245823,25.822327569993497
12081,2022,405069,71417,71385.0,10.171008998104346,32.831945300751265,545.355039703162
12083,2022,378225,70465,55265.0,14.363685710408468,21.988854638520667,238.1136750813071
12085,2022,159399,25580,77894.0,10.517568850902185,35.09720966283426,293.10877456226484
12086,2022,2688237,540286,64215.0,15.258113297620019,32.536896046928426,1414.9174309512218
12087,2022,82044,12862,80111.0,11.705437842643354,36.33278854385556,83.45998205555453
12089,2022,91538,17888,84085.0,9.207186527468162,32.00371467739795,141.11404527032548
12091,2022,212021,47292,73988.0,10.178331661019579,33.274202938255534,228.013404139539
12093,2022,39870,8515,50476.0,19.211862575626622,16.834791196388263,51.827278801382064
12095,2022,1427403,308436,72629.0,13.508562566838753,37.350949091590415,1580.748223683045
12097,2022,393745,94791,64312.0,13.428333653415276,26.515860257139696,296.5970191526897
12099,2022,1494805,281121,76066.0,11.356805525130993,38.75833050609274,760.9892011981925
12101,2022,569211,114850,63187.0,11.815807839840355,27.113529941522458,762.4001478695533
12103,2022,959918,150931,66406.0,11.468997078125067,35.07344556979006,3506.139921543418
12105,2022,736229,161066,60901.0,14.822715720178326,21.44138028456401,409.44398007028457
12107,2022,73604,15663,44852.0,22.849786120686076,13.324217563050745,101.05525609799629
12109,2022,278722,59977,100020.0,6.795140313113677,47.35764690497387,464.0409162877659
12111,2022,334682,65662,66154.0,12.48011158645384,25.021652095759457,585.2383308881517
12113,2022,188994,41211,84715.0,8.947629617106676,29.9009009009009,186.6789937979121
12115,2022,439392,61315,77213.0,8.14262696048315,38.28762424235552,790.2648532569793
12117,2022,471321,97621,79490.0,9.603519318089242,41.726838380572616,1523.442121152373
12119,2022,131832,9405,70105.0,9.26221214941924,33.69023149240152,236.6210530850193
12121,2022,43881,9317,49729.0,14.412012012012013,15.879442195231668,63.72624479730927
12123,2022,21421,4188,46239.0,15.121977782618165,13.921655207216299,20.53123774964369
12125,2022,15524,3343,64043.0,15.900144023043685,10.029737766964045,63.73919648539344
12127,2022,558520,97528,63075.0,12.188860445927643,26.153846153846157,507.23084579644654
12129,2022,33732,6949,72035.0,6.148435210212655,19.746376811594203,55.62499793871554
12131,2022,76618,15576,74832.0,10.547542735042734,33.14725220196005,73.7919171567315
12133,2022,25014,4991,47536.0,22.7266585596541,12.4026330224904,42.78259620268969
13001,2022,18441,4547,43268.0,25.305468015701887,10.021981600586177,36.28246849066033
13003,2022,8265,2123,38007.0,27.51335599805731,11.356986100950987,24.116037091719722
13005,2022,11138,2848,43938.0,21.637537993920972,10.909339158929548,39.2069895311917
13007,2022,2878,553,45417.0,23.1410701876303,18.97810218978102,8.41626286345944
13009,2022,43778,8243,54699.0,22.657328357445937,23.45147042981795,169.22369239927482
13011,2022,18381,3958,69096.0,13.17702355577417,17.121434644817192,79.01864016232761
13013,2022,84399,21481,75053.0,9.551580202742993,21.175034992642573,524.0969466644311
13015,2022,109410,25821,74812.0,10.82090932632903,21.032494329206635,238.4117216372638
13017,2022,17169,4215,38255.0,26.490935114503817,12.197878629803514,68.64360022069583
13019,2022,18187,4362,48670.0,23.20672755624861,14.831496822971124,40.11460686053078
13021,2022,156554,37914,48897.0,25.062087608445243,25.857404660092502,627.7653248216599
13023,2022,12413,2375,56021.0,17.060508413891874,18.562139614771194,57.50006948368986
13025,2022,18105,4089,40166.0,16.31075519964409,10.324272770624702,40.84740600358726
13027,2022,16275,3505,42263.0,26.532258064516128,14.67448372418621,32.999854009862446
13029,2022,44995,13160,90627.0,7.158836689038031,33.903234960272414,102.83067162746478
13031,2022,79829,15917,53675.0,22.784253353859686,29.628313868289002,118.09670055905427
13033,2022,24337,6091,50321.0,17.332108252589375,14.656057494866529,29.426629909073323
13035,2022,25522,5239,60076.0,15.76810581918191,13.061703554661303,138.94060645653002
13037,2022,5594,940,48663.0,25.82051282051282,11.372269705603038,19.951209769459027
13039,2022,55105,13245,68104.0,16.374113811274974,21.660426226739112,87.43050619415109
13043,2022,10946,2678,45519.0,18.285123966942148,12.230117518447663,45.034333227734834
13045,2022,120060,28371,66895.0,16.878351436821116,21.23189163746666,240.53612750057601
13047,2022,68052,15279,68896.0,8.932338870234451,23.235851041447507,419.65441965441966
13049,2022,12547,2295,45770.0,20.48524477329433,12.130637636080872,16.084103439744542
13051,2022,296266,61607,66171.0,13.97937681662477,36.07201260813501,684.6661551687481
13053,2022,9402,2072,52943.0,16.858522094318605,30.013489208633093,37.79896034767646
13055,2022,24902,5543,43556.0,19.929705805779747,9.473927889345449,79.4760745163998
13057,2022,268567,63058,100824.0,6.631273841348031,39.49880538069626,637.8975770689684
13059,2022,128864,21777,48692.0,26.597602436370078,47.94786050638095,1080.1676445934618
13061,2022,2855,660,43264.0,25.73266619013581,16.57172449508027,14.610755153425723
13063,2022,296312,81330,56207.0,16.91088973097169,20.608062595312894,2090.29600158018
13065,2022,6713,1682,53350.0,32.45733272919499,12.879627577033917,8.236850242209778
13067,2022,765813,175215,94244.0,8.286030771840004,49.69639249639249,2254.34051797731
13069,2022,43056,10480,48398.0,20.040762558099072,12.88708492249554,72.69939737980944
13071,2022,45813,11820,47235.0,24.364584714670908,14.709919319741555,83.74829991664107
13073,2022,156921,39255,92571.0,7.192936400714556,37.42974110372074,540.7451566882844
13075,2022,17242,4348,46706.0,21.784513770124434,16.006792385378496,75.47351510827268
13077,2022,147449,34729,90031.0,8.327706044049739,34.1464873540759,334.29765275885285
13079,2022,12156,2478,56948.0,16.61371237458194,11.272727272727273,37.41297697236807
13081,2022,20255,4763,47463.0,23.55325833586703,14.091208549886538,74.28120874284876
13083,2022,16239,3156,59531.0,6.535730873863711,18.31060740216044,93.28684023070383
13085,2022,27355,5453,84516.0,9.643382352941178,35.46146381326932,129.75031779460033
13087,2022,29063,7068,47383.0,24.34269361473797,14.98702646600934,48.66226083695137
13089,2022,761209,173012,76044.0,13.399239259346318,46.65823395232774,2843.6957147073217
13091,2022,19977,3856,46091.0,22.33752048061169,14.745680383040732,40.27921437687892
13093,2022,11236,1824,54109.0,20.960604425256342,13.041953955825639,28.617200373887954
13095,2022,85038,20362,45640.0,26.37404439645123,23.291492329149232,258.7541534304597
13097,2022,144735,36951,76930.0,11.59719356170037,29.861029764123316,722.930381706842
13099,2022,10753,2622,48355.0,22.245302615428194,13.991829588561425,20.97737026921576
13101,2022,3707,884,61184.0,14.971675209063934,13.958608542492293,8.817645757563504
13103,2022,65314,17258,79474.0,6.618225575045124,25.187978730880044,136.40331641710003
13105,2022,19570,4269,48190.0,18.98944741903623,14.065081531499175,55.73862940504638
13107,2022,22907,5717,47905.0,21.360998126228235,11.608721272834414,33.65835309606303
13109,2022,10759,2810,55222.0,21.245242510002928,16.358422939068102,58.82610240848574
13111,2022,25436,4021,54857.0,11.770062156063185,23.20475375163662,65.7082703659214
13113,2022,119259,27183,105910.0,5.266452376924378,47.24576531050301,612.9456691011322
13115,2022,98541,22300,57868.0,17.52466957083956,22.310404297858703,193.28093709116513
13117,2022,253225,66879,131660.0,4.595372514193282,56.19504492831358,1127.2881869012429
13119,2022,23480,5101,52597.0,18.434690171413383,16.845271667606692,89.84395925645323
13121,2022,1061944,224381,86267.0,12.483738190193861,57.054091266180706,2016.0686486691727
13123,2022,31519,5933,70334.0,14.83829650976625,23.415050095928375,73.95076674737692
13125,2022,2903,622,60469.0,15.526409074796172,12.934071464519375,20.195344566109664
13127,2022,84566,17781,65970.0,16.410564947957404,30.620760739460035,201.5222716830777
13129,2022,57785,13550,57555.0,14.019312854243928,16.68201115032479,162.1156818902321
13131,2022,26075,6385,51929.0,19.79895611830659,15.81566299123551,57.37553414806959
13133,2022,19020,3400,77527.0,12.916578221184464,33.422818791946305,49.081717705287765
13135,2022,957977,252386,82296.0,10.123288578538514,38.90998148920638,2222.0451656599957
13137,2022,46326,10230,61292.0,13.563423040927663,22.94228496598422,167.32221608208994
13139,2022,204953,50269,74153.0,13.51283354134704,25.495023882406876,522.0030155770858
13141,2022,8588,1160,31767.0,27.49786507258753,9.62558738820676,18.23095228491913
13143,2022,30178,7175,65940.0,12.512556083841156,17.865742078397382,106.95160632962983
13145,2022,34914,7448,85936.0,7.5221624763842465,32.419663584897975,75.27602719199332
13147,2022,26110,5395,61765.0,10.849093930521486,18.25854476829524,112.33876311192573
13149,2022,11489,2619,62965.0,16.69025296302848,11.608053007135576,38.81772999564149
13151,2022,240853,60622,79663.0,8.429406850459483,27.490716044971354,755.7334303940056
13153,2022,164117,41717,76968.0,9.746989364788377,32.00397046272589,436.4279901926892
13155,2022,9487,2083,46383.0,21.99089134677944,16.81727676520141,26.771982402225966
13157,2022,77033,19388,82056.0,8.136741365050607,26.52390380807751,226.8505430301317
13159,2022,14882,3449,57374.0,13.34829321365429,18.30065359477124,40.395650450861275
13161,2022,14791,3844,41780.0,22.588970388481393,11.505608726973346,44.696738476787374
13163,2022,15591,3630,46865.0,19.40942269409423,10.81516587677725,29.609442508379946
13165,2022,8704,1623,31463.0,27.89887785373404,9.051006508248827,25.056278751101107
13167,2022,9225,1665,47796.0,21.863754808288867,9.497290788681518,30.443635547605925
13169,2022,28382,6398,66288.0,14.291814946619215,17.8856416772554,72.04613877169736
13171,2022,18676,3873,64966.0,11.231656483754925,17.48696219035202,101.77601211982495
13173,2022,9964,2266,39971.0,32.09647495361781,18.41985081443142,50.697575023659546
13175,2022,49407,12138,46776.0,24.389388563412822,17.0772153043688,61.197568298700915
13177,2022,32968,8628,83632.0,8.838001514004542,32.637517630465446,92.6473398455503
13179,2022,65550,18049,55149.0,15.355805243445692,20.22088034323852,126.92099918096747
13181,2022,7726,1491,50754.0,18.108284409654274,16.242317822651447,36.72384863652136
13183,2022,16804,4615,56819.0,15.768996960486323,12.962962962962962,41.9681367835584
13185,2022,118257,28595,52821.0,20.642991376433603,26.086026107425635,237.82728225259885
13187,2022,33405,5755,67592.0,14.5317683082419,32.02718334297281,118.06223139561185
13189,2022,21715,5402,54752.0,16.138898037924058,18.381502890173408,84.37203736226162
13191,2022,11183,1699,51262.0,20.324834407041102,17.809139784946236,25.9257627849504
13193,2022,12099,2294,33960.0,26.2215628090999,10.061435029558364,30.197523099270708
13195,2022,30378,7046,53626.0,20.57925817795767,19.589462551677723,107.59977897734517
13197,2022,7508,1536,48836.0,12.38339867513857,12.186978297161936,20.5293105946883
13199,2022,20679,4372,52392.0,22.13770236005461,13.12275469396055,41.28311243404465
13201,2022,5923,1330,52132.0,24.47528187337381,19.670923379174855,20.97208796733977
13205,2022,21634,4923,45966.0,28.735398679532757,12.287270251872021,42.24087098122064
13207,2022,28287,5860,74867.0,13.719106112179963,28.557726286031603,71.41522676549893
13209,2022,8687,1771,49138.0,16.63496893622417,19.583843329253366,36.02396898131829
13211,2022,20171,4535,81524.0,8.601665162002208,29.876818150184427,58.06091344257954
13213,2022,40063,9616,60617.0,13.063382062825635,11.351531291611185,116.29520398033056
13215,2022,204572,50763,54561.0,18.6946319010698,28.420480842926132,944.905311778291
13217,2022,113298,28935,70732.0,13.387174844481095,22.57795290673015,413.77723564171293
13219,2022,41978,11019,116221.0,4.468871501944031,53.45950864422202,227.7180458061646
13221,2022,14974,3157,66672.0,11.143456773407353,22.66514806378132,34.104522823655884
13223,2022,169898,43628,89237.0,6.694013330018586,26.54454859928665,543.8737455383581
13225,2022,28054,5882,60940.0,20.727728031567764,22.899194668147736,186.6732320140534
13227,2022,33439,6429,72558.0,13.481146304675718,24.282291793559914,144.0969753381683
13229,2022,19822,4884,54861.0,15.25907792737658,17.000075488789914,58.22191413868458
13231,2022,19145,4498,83866.0,8.142750771194555,20.151654411764707,88.59898373795617
13233,2022,43019,10840,51956.0,17.1875,14.355290819901892,138.6189340723078
13235,2022,9887,1871,42545.0,18.91860465116279,12.880434782608695,39.66525048042012
13237,2022,22206,4330,60825.0,16.031262780024537,25.596555965559652,64.42460006614793
13239,2022,2180,239,38889.0,15.275229357798164,10.946745562130179,14.414462069467127
13241,2022,16915,2624,57261.0,14.484258867605293,28.0437756497948,45.699665526539036
13243,2022,6365,1592,24638.0,28.107321803782128,12.426175289392866,14.863299675879656
13245,2022,206153,47231,50605.0,20.719038288839904,23.555617840784205,635.6076956280447
13247,2022,93641,22497,68999.0,11.371876213906514,28.125848872697055,721.3196835594174
13249,2022,4565,1100,53274.0,15.92552026286966,17.952964557800595,27.350232761564687
13251,2022,14026,2886,49941.0,18.419894366197184,15.726829268292683,21.718092164856824
13253,2022,9117,1814,46063.0,21.023359288097886,17.00507614213198,38.37993483367432
13255,2022,67415,15767,57367.0,18.783861497018677,18.317238990170182,344.00673572485584
13257,2022,26732,5734,52901.0,12.793682900264509,15.99432283421584,149.45600518835752
13259,2022,5121,552,43094.0,21.941176470588236,15.805834528933524,11.162991446284234
13261,2022,29378,6591,38899.0,24.20918830579263,22.17534750392125,60.8395098544764
13263,2022,5793,946,48065.0,18.408220132358064,15.393334844706416,14.801585172352999
13265,2022,1635,239,45881.0,18.872549019607842,11.461538461538462,8.401547734665249
13267,2022,24309,4931,51868.0,20.059180812957482,13.975136982265951,50.55527826303968
13269,2022,7799,1572,40727.0,28.962536023054753,16.328379847770933,20.704247038647576
13271,2022,12619,3007,41801.0,31.34238913304035,8.046901942752042,28.856158259529344
13273,2022,9004,2042,43507.0,29.78258368802485,12.974839664528862,26.814298179522382
13275,2022,45665,10903,55958.0,18.68536682792597,23.821762457030875,83.84545189145717
13277,2022,41247,10305,52561.0,20.960443359772217,18.715902764891446,158.10111541262603
13279,2022,26946,7091,47310.0,21.737489621858252,16.367000057813495,74.02482878358741
13281,2022,12546,1561,55574.0,15.30288749892897,31.98660247016956,75.36085632422106
13283,2022,6411,1503,38641.0,28.14569536423841,13.699261992619927,32.14645666922394
13285,2022,69527,16912,53599.0,19.17622431229177,20.309122351923907,167.93596274477125
13287,2022,8894,2189,39666.0,22.431646305991855,10.508025814992553,31.16142346111129
13289,2022,7955,1518,50446.0,15.65239486723415,10.646766169154228,22.142737850025053
13291,2022,24880,3781,59783.0,11.710228442066269,25.487593178801184,77.24716920793708
13293,2022,27638,6279,48740.0,22.443489631982068,15.373714045769473,85.44302819143839
13295,2022,68065,14552,52276.0,13.728384647827921,19.669113802263077,152.51430696907363
13297,2022,97752,23554,79425.0,13.067562941524288,24.277949483107747,299.10042225078024
13299,2022,35917,8868,44138.0,23.672883787661405,15.136722789889545,39.941506160757974
13301,2022,5197,1057,45091.0,22.94921875,11.05092091007584,18.2762573938486
13303,2022,19975,4283,43810.0,16.804635761589402,17.424996445329164,29.438812956320024
13305,2022,30277,7359,49847.0,18.15105910548761,14.124265903370675,47.17417690199482
13307,2022,2354,419,35000.0,27.872340425531917,9.303686366296079,11.227862651855173
13309,2022,7550,1204,36354.0,26.685837526959023,12.75041736227045,25.550780060238925
13311,2022,28165,5451,66256.0,12.962288875946419,23.125188234113043,116.9914930382481
13313,2022,103033,26237,59659.0,13.454038176263127,18.57707509881423,354.74186162612546
13315,2022,8839,1588,46759.0,23.047154937652287,13.627254509018035,23.395295531363566
13317,2022,9610,1983,51780.0,17.833456153279293,15.63791874554526,20.468540003109684
13319,2022,8852,1989,40757.0,21.820692830014963,12.054884024828487,19.705530103692226
13321,2022,20706,4620,56496.0,19.582964492967445,9.508650519031143,36.28233141927943
15001,2022,202163,43024,74238.0,14.095377284830526,30.663486198053114,50.18405428813352
15003,2022,1010100,211222,99816.0,8.846245768995855,36.6381445429148,1681.2975002746405
15005,2022,50,0,87813.0,14.893617021276595,34.0,4.169794012175799
15007,2022,73511,15802,88869.0,8.299895564227999,30.37049690619899,118.59673464119773
15009,2022,164765,35271,95379.0,9.279546333290373,30.13583851720198,141.85047437023263
16001,2022,497494,112655,83881.0,8.76908556570515,42.760296111550645,472.8958494927833
16003,2022,4464,741,55891.0,14.582862310648881,21.29550014330754,3.27559702231794
16005,2022,87434,22345,60998.0,12.533739194539898,29.510044183675294,78.5931366512388
16007,2022,6436,1719,63244.0,10.573589662779703,20.782280867106504,6.596100552613024
16009,2022,9731,2166,54191.0,14.513939647071108,18.601276842716192,12.52492177555021
16011,2022,48253,14446,69433.0,10.38870893105044,19.850238257317905,23.046407085529573
16013,2022,24248,4955,81794.0,6.930816047695938,44.52596583744125,9.192724978750734
16015,2022,7809,1217,70776.0,9.399846114388305,27.08604954367666,4.110960666597879
16017,2022,47976,9359,61816.0,11.853148327780355,27.16505880063388,27.68019155043344
16019,2022,124490,37614,73103.0,9.459843812217104,31.878620326487628,66.7163283242942
16021,2022,12335,2855,58810.0,18.49382716049383,18.152085036794766,9.722711576371958
16023,2022,2605,627,37358.0,22.135619641465315,16.23064602242392,1.164773146456921
16025,2022,1133,342,63750.0,6.707855251544571,27.012278308321964,1.0547050270239073
16027,2022,235006,64307,68473.0,10.172628798115987,21.59643490863776,400.31683842943534
16029,2022,7058,1961,65380.0,6.7164179104477615,15.663185958675848,4.000693801248616
16031,2022,24859,7699,63525.0,10.362440240264782,20.491417031302593,9.689313652503692
16033,2022,756,157,53500.0,9.163346613545817,15.261044176706829,0.42877925525126975
16035,2022,8810,1293,55885.0,11.255627813906953,18.102231008189776,3.5852154018574756
16037,2022,4344,653,60357.0,11.574289706567303,28.782181081862884,0.8825363248822625
16039,2022,28752,7000,55000.0,12.016680689175843,20.853705433170354,9.350003690962085
16041,2022,14376,4489,61679.0,9.610517435320585,17.209084523530787,21.682636545860678
16043,2022,13519,3285,67015.0,11.432093059086357,21.379690949227374,7.252838043734844
16045,2022,19250,4324,65204.0,11.75592063153403,22.45018450184502,34.38918553903485
16047,2022,15520,4119,60938.0,13.304245897369107,15.799422942990748,21.280038172439607
16049,2022,16787,3254,54745.0,10.392168934310163,21.459502806736168,1.9801830705022792
16051,2022,31383,10479,77491.0,8.922349029762476,26.772176415250954,28.69483880583095
16053,2022,24474,7332,67347.0,14.742187177475952,13.102529960053264,40.957721871062
16055,2022,173396,38981,71949.0,9.273858678488297,26.72716482864349,140.08628350757002
16057,2022,39872,7357,62258.0,13.953829887218044,44.320626452112556,37.060342960607585
16059,2022,8043,1371,49216.0,10.727872178544255,22.177888611803823,1.7623877143411206
16061,2022,3630,807,46484.0,17.694444444444443,18.51851851851852,7.581105295913722
16063,2022,5203,1385,62250.0,11.748633879781421,11.20234604105572,4.330910531695639
16065,2022,52487,10682,53025.0,30.108245644298776,39.052613578065326,111.84890478128656
16067,2022,21626,6270,63594.0,15.08667009297762,15.915848944394886,28.568182658825148
16069,2022,42200,9012,65023.0,14.140246452025481,25.667288451755127,49.74537910222557
16071,2022,4572,1266,67383.0,13.490836829322145,23.78673957621326,3.8133334890249895
16073,2022,12043,3029,58440.0,13.099336636157528,13.918040979510247,1.5705111653263268
16075,2022,25571,6538,62721.0,10.553640074505607,20.154720740784153,62.8445316090471
16077,2022,7918,2469,56671.0,11.14791693209326,14.678519743642754,5.640300151158335
16079,2022,13399,2759,44807.0,15.995730405611466,11.642283123840922,5.080334037934728
16081,2022,11813,2798,88906.0,9.975442459141332,47.08481649687001,26.304245687399657
16083,2022,90592,24161,61183.0,12.482470016716592,23.593825208003853,47.1412499466622
16085,2022,11830,2106,72878.0,13.987455967007476,36.403792286145226,3.2277260301780104
16087,2022,10612,2395,50046.0,18.127871362940276,17.479892761394105,7.304253977693529
17001,2022,65583,14756,63767.0,12.058396892985822,26.92467748647524,76.6917187724741
17003,2022,5261,1156,40365.0,21.425796425796424,10.34849694067571,22.349762525807794
17005,2022,16750,3048,58617.0,14.890719684074352,21.062701104443864,44.04000673089058
17007,2022,53459,12906,80502.0,9.752679619740181,24.005214828250764,190.42106425495388
17009,2022,6334,1117,64760.0,10.041027855754697,14.031277150304083,20.71782995940823
17011,2022,33203,6972,64165.0,12.633898512578808,21.45603583048126,38.205163904905355
17013,2022,4472,903,88059.0,8.356290174471992,19.529339853300733,17.61816025749619
17015,2022,15594,2818,61539.0,11.242806248287202,18.677859391395593,35.01075423321644
17017,2022,12955,3145,64826.0,12.27715064227326,19.237375472346272,34.47734421988854
17019,2022,206525,38942,61090.0,18.7173339851368,45.62334878620209,207.3327684659433
17021,2022,33893,7110,56933.0,11.852772169591551,17.186008879299614,47.771405375463544
17023,2022,15467,3553,65874.0,9.042342698852394,24.420876360591684,30.849164796808775
17025,2022,13248,3022,58028.0,15.749000307597663,15.009725524097686,28.286477449605105
17027,2022,36998,7894,78054.0,7.214731621105441,23.605411156710744,78.06456921853143
17029,2022,47076,8501,53732.0,19.37824783096399,26.97730849947534,92.61969968835584
17031,2022,5225367,1121812,78304.0,13.375672083257825,41.283601164622425,5529.927772045401
17033,2022,18729,3757,64163.0,9.597177300793884,18.919316843345115,42.216376681250466
17035,2022,10447,2346,71274.0,9.747538746466518,17.739975698663425,30.198529241726984
17037,2022,100686,21631,68617.0,15.391236712470832,34.06541977970549,159.48059435768852
17039,2022,15535,3278,61823.0,10.190457490673474,21.489169675090253,39.07576447387948
17041,2022,19714,4833,67177.0,9.467486183564898,19.87174651075066,47.315833307332106
17043,2022,930559,207472,107035.0,6.282885634792157,51.06481603904922,2838.4980249210735
17045,2022,16852,3310,56687.0,11.798229659270037,18.79189211015101,27.035698930251364
17047,2022,6182,1427,60784.0,14.173998044965789,13.900414937759336,27.796762589928058
17049,2022,34594,8268,73181.0,10.80446271285966,25.94590039605629,72.25614022628866
17051,2022,21464,4332,51962.0,14.6856265173661,14.822121391464457,29.959117473406817
17053,2022,13484,3080,58930.0,12.128199216047959,19.770804326871584,27.76788159729158
17055,2022,37810,8357,51031.0,17.81518027585836,17.656975872920725,92.46149068171091
17057,2022,33691,6696,57223.0,13.380861850443598,17.688409350989044,38.91840315681375
17059,2022,4967,948,51868.0,19.17255297679112,12.404787812840043,15.380518422869814
17061,2022,12015,2585,58900.0,13.71477369769428,15.44705882352941,22.12120542618532
17063,2022,52624,12984,89993.0,5.975820379965457,25.68681710552592,125.85619714537175
17065,2022,8008,1753,60574.0,12.904448938321536,17.163917163917162,18.424146491290635
17067,2022,17582,3661,61026.0,13.108700669282253,24.561819043107533,22.150606993655416
17069,2022,3665,506,53026.0,11.532033426183844,12.02277294038848,20.660807603628182
17071,2022,6374,1197,64946.0,9.100981323203545,20.704107292539817,16.827132497168638
17073,2022,49157,10790,66313.0,9.235451214210299,24.662492100878957,59.724613364015546
17075,2022,27043,5817,62866.0,10.714692374843436,17.648287385129493,24.201826569834303
17077,2022,53176,9859,44847.0,22.957229652503457,35.222343579341555,91.12188769127953
17079,2022,9295,2091,67429.0,9.190776593430499,21.377928483353884,18.792432078347964
17081,2022,37043,8269,58384.0,14.133673903788846,18.140720992233685,64.84721699475698
17083,2022,21462,4210,77607.0,8.077505002684367,21.786521334573976,58.07525266875025
17085,2022,21942,4059,67729.0,7.772306842759191,27.856668076620945,36.51376879605408
17087,2022,13313,2703,63295.0,16.453462726069695,16.645662675908422,38.73030465240766
17089,2022,517254,127191,96400.0,8.32769126607989,36.34327157876267,995.9373387450804
17091,2022,107421,24649,65489.0,14.041466811078445,20.3200155698279,158.7917042380523
17093,2022,132795,36742,106358.0,4.746177739821792,35.770059710984704,414.67595975493225
17095,2022,49751,9937,50263.0,16.293985470887236,20.407987605439835,69.44729440175325
17097,2022,713159,167959,104553.0,7.849825420251251,46.948658345438034,1607.6441879600095
17099,2022,109495,23231,67942.0,13.650189756001094,18.40926979702964,96.45963750662915
17101,2022,15302,2885,55811.0,13.709857685716415,14.116690751445088,41.11462495197204
17103,2022,34221,6764,64588.0,12.4956292316984,18.894432249052084,47.21642343974425
17105,2022,35771,7824,68175.0,10.2085490312084,18.661957858815125,34.2756231147497
17107,2022,28027,5471,62547.0,11.54064809550881,20.176104448155456,45.34731705422845
17109,2022,27370,4811,48904.0,19.7926369932364,31.179708064130175,46.44312202306715
17111,2022,311133,71397,100101.0,6.036202318502688,35.312425297754366,515.6356428686254
17113,2022,171284,36489,75356.0,14.15867705572331,45.98298542285112,144.7574811028626
17115,2022,103542,23232,59622.0,15.470858727419628,23.875573257787188,178.35217759771803
17117,2022,44907,9331,64706.0,14.669576485030348,19.30612754274304,52.03748896258752
17119,2022,265512,56841,71759.0,12.00682481064609,29.356054452711266,371.07817446175136
17121,2022,37543,8792,59099.0,16.960498044184895,16.707711251346776,65.57294013672455
17123,2022,11740,2432,64940.0,12.286749756916821,17.434094903339194,30.349876687468655
17125,2022,13074,2696,58479.0,13.730670603776518,17.32233502538071,24.24019935033151
17127,2022,14135,3053,57365.0,13.752441582869132,14.730598121601583,59.60337506483211
17129,2022,12284,2757,84846.0,7.944618427558925,25.86863673092462,39.07236530307801
17131,2022,15692,3266,67028.0,8.023218316672041,17.879084676342266,27.959518209678567
17133,2022,34905,7713,100685.0,4.28865143485941,37.86470540693445,90.5915115714727
17135,2022,28352,5665,61796.0,13.976347719244355,18.19020788809015,40.28611782893746
17137,2022,32882,6284,61188.0,12.909359121455498,22.44045311625102,57.79326805622198
17139,2022,14531,3675,72833.0,9.17901538029356,20.73982990060457,43.25243036331922
17141,2022,51672,11503,75782.0,8.298055816870493,23.40236275191105,68.11010025650693
17143,2022,181186,42973,63409.0,15.470189663481984,33.70539378221332,292.8518898649577
17145,2022,20996,4060,56338.0,17.469427161553313,10.946453270104723,47.51000162922467
17147,2022,16698,3669,81151.0,7.153170496931777,30.8277027027027,38.020164485368454
17149,2022,14776,3331,55514.0,13.450251537171603,18.061461151913413,17.77345817415487
17151,2022,3799,617,57582.0,18.70344827586207,15.442950706652878,10.299105097501267
17153,2022,5177,1061,41038.0,24.995083579154375,14.5023435346016,25.98008711885501
17155,2022,5628,1113,75726.0,8.754448398576512,23.488147073052733,35.15368807660356
17157,2022,30413,6122,63860.0,12.52786609655374,13.738718205852857,52.85843644143651
17159,2022,15716,3609,61607.0,13.742195629552551,18.86550777676121,43.6514329202242
17161,2022,143819,32089,64435.0,15.165181365038949,24.06162691824918,336.4218612571814
17163,2022,256791,59716,68915.0,13.798629816370006,30.3788367275902,390.4171132751032
17165,2022,23662,4878,51710.0,17.978111346628022,20.216040420465763,62.26989586595472
17167,2022,196122,43115,71653.0,12.907484407484407,34.57008546383688,225.88714971839258
17169,2022,6879,1209,63737.0,19.505697794879385,16.922785050275092,15.730619711868282
17171,2022,4899,1059,70500.0,10.975609756097562,22.0103986135182,19.534271701423503
17173,2022,21042,4534,65585.0,10.270945426594928,18.279498573986867,27.74126608913012
17175,2022,5395,1143,58125.0,12.483374501235037,18.97089397089397,18.72574677375688
17177,2022,44482,9477,57527.0,13.339588530105043,20.275055327220993,78.83426938911505
17179,2022,131276,29305,74606.0,8.70860592294109,27.504553734061933,203.0661949760932
17181,2022,17122,3565,54090.0,20.095351609058405,21.72859450726979,41.41631108917981
17183,2022,74113,17326,52787.0,17.454243630685255,15.618705320115328,82.50187294268517
17185,2022,11321,2472,54074.0,13.338729987407808,18.476640159045726,50.69339029119258
17187,2022,16760,3680,62700.0,14.89712979425959,21.07717629846379,30.900616537360982
17189,2022,13781,2909,75111.0,7.976409878363436,23.054405975572827,24.49533147172843
17191,2022,16127,3629,53522.0,13.937694704049845,15.806679625375509,22.592213832425085
17193,2022,13834,2982,54605.0,15.31733572549899,15.99399098647972,27.948434592703183
17195,2022,55569,12157,62828.0,11.645714075355704,19.313172731932344,81.22947117303197
17197,2022,696774,168067,103678.0,6.651425845698322,36.0775851848339,833.5863615971288
17199,2022,67120,14474,60325.0,13.198683376860194,27.112389767965478,159.7296589800338
17201,2022,284591,66483,61738.0,16.07651302691015,24.140155992711392,554.7042198616119
17203,2022,38414,9189,80093.0,7.464125080316984,35.39521560733917,72.81488066692319
18001,2022,35827,11186,61731.0,11.45871741781774,15.390344956007635,105.70775245260751
18003,2022,385456,97853,66222.0,12.025443412162161,30.484579398425772,586.5606729706946
18005,2022,82371,19690,76912.0,11.51092412164157,34.80889618149066,202.41558952179682
18007,2022,8709,2160,58620.0,14.167636786961582,18.68300153139357,21.42867687946892
18009,2022,12074,2655,51108.0,17.01786918408631,14.774604673117771,73.13940950557905
18011,2022,71235,18247,103038.0,5.764304013663535,49.49848280512475,168.4512464469994
18013,2022,15513,2649,73933.0,8.1651376146789,27.504614868266486,49.72322564722248
18015,2022,20397,4475,61464.0,7.278496702860826,16.64564943253468,54.79750151118275
18017,2022,37820,8586,55862.0,13.878115592199833,15.406764694590546,91.76404363523429
18019,2022,121484,26856,69005.0,9.696387554813112,24.599334387613002,326.14292579338337
18021,2022,26396,6133,68364.0,10.918712790380948,16.942216402029793,73.81431767337807
18023,2022,33020,8846,59515.0,8.9539696865955,16.324622504791737,81.51737860650213
18025,2022,10511,2269,46706.0,21.94559261751418,12.228586652457706,34.39317044759222
18027,2022,33337,9776,64113.0,9.636858689999082,15.137239821179637,77.61563068957007
18029,2022,50709,11223,80352.0,8.460338413536542,24.74229715609026,166.21160521425037
18031,2022,26432,6273,71566.0,9.555221232110481,20.454545454545457,70.94543814820382
18033,2022,43312,10476,68110.0,9.978986691571329,18.961286804798256,119.37139297860729
18035,2022,112156,20222,53377.0,20.626235425559344,25.468678555098307,286.0327102922912
18037,2022,43584,10605,68945.0,9.653860604922036,23.92683837252706,102.00647370379646
18039,2022,206841,56588,63978.0,12.013534714674247,20.035409575848227,446.58552857429703
18041,2022,23391,5128,52219.0,16.372105171513144,15.423251255665809,108.78472335260278
18043,2022,80191,17981,75686.0,9.370105810000382,31.2950807847663,540.0649228199671
18045,2022,16468,3565,60559.0,12.059653860316681,13.493020851283818,41.62075275230749
18047,2022,22850,5221,75985.0,7.353070755132611,20.68551192057168,59.439267895511755
18049,2022,20420,4847,62644.0,14.789607034626659,17.804494060397882,55.42993487932724
18051,2022,33006,7893,64153.0,9.969563326914715,17.964045144310123,67.72156313990374
18053,2022,66560,14009,53033.0,19.0630206801921,18.430305092435066,160.7383919881958
18055,2022,30900,6621,57771.0,13.97341211225997,16.124476034262802,56.96199031461822
18057,2022,349527,90813,114866.0,4.231191107502828,60.77449775743866,886.2673404651847
18059,2022,80170,18543,85262.0,4.905274841704296,32.824743753715346,262.0302853015293
18061,2022,39684,8799,71302.0,7.599203309330474,20.646127513906716,81.97801607582201
18063,2022,175639,43096,95261.0,5.22117814184744,39.229524446967325,431.6578764985475
18065,2022,48913,9928,57632.0,13.715198040373554,17.0626288069613,124.81722581320159
18067,2022,83452,18987,62014.0,12.085513237966317,19.837375821356126,284.74719695367037
18069,2022,36699,7898,59894.0,11.115518658090838,21.923152709359606,95.91024438178022
18071,2022,46212,11058,65609.0,12.44782878962792,18.561543832920712,90.6156736172933
18073,2022,33045,7648,77777.0,7.499536493418206,19.010187950114172,59.04266723842196
18075,2022,20451,5219,52231.0,13.510163609320774,12.943340691685062,53.270991521339916
18077,2022,33057,6630,57801.0,12.859543662335984,17.97874179052886,91.64730605659028
18079,2022,27610,6366,66892.0,13.91831122012859,14.141520344863842,73.31444488405378
18081,2022,161952,39402,82730.0,7.491255160243279,32.43575408669618,505.44450166190717
18083,2022,36148,7714,58173.0,13.207106124357177,18.108085740296286,70.07721521195896
18085,2022,80442,18946,70945.0,8.908592739173454,24.127207434008366,151.3643907377231
18087,2022,40364,12951,81658.0,5.663685779414343,11.227697536108751,106.3242991220422
18089,2022,497682,116017,66375.0,14.718613838437031,24.451259687345807,997.5786245464932
18091,2022,112215,23903,66854.0,14.722800612301167,21.08458165412009,187.5598581956212
18093,2022,45113,9624,64210.0,10.706705802664258,18.998029833943146,100.44172718893188
18095,2022,130545,28061,60060.0,14.141316749425508,19.433331506549024,288.8668594732265
18097,2022,971737,239052,59504.0,15.355294399078387,33.214638444935225,2453.9432813959947
18099,2022,46208,11406,66016.0,10.82812362419653,20.03295744612104,104.16121906135882
18101,2022,9863,2173,65489.0,14.144329896907218,14.073642846747198,29.375061427622622
18103,2022,35952,7564,59551.0,15.745741587037806,15.526274011747896,96.16896977867655
18105,2022,140065,22077,60308.0,20.690950356423617,48.20287781993623,355.02456136793387
18107,2022,38018,8693,62937.0,12.719646920145838,20.841698841698843,75.33582880706712
18109,2022,71757,15942,79134.0,8.501404135818229,20.285628682712474,177.689787610225
18111,2022,13829,2910,63673.0,12.646301067353699,13.412907141412097,34.421475775037024
18113,2022,47431,11498,70286.0,7.25290353164257,17.730051732246434,115.44715051381783
18115,2022,5974,1214,66333.0,10.016920473773265,15.664845173041893,69.34416715031921
18117,2022,19768,4493,60775.0,14.698000412286127,13.947732401543277,49.62108946505714
18119,2022,21361,4337,57947.0,12.29767263672062,15.29899042195185,55.44063639548917
18121,2022,16327,3585,63393.0,15.552488003681061,15.066701543290609,36.7129053946182
18123,2022,19186,4043,58936.0,12.108028702186564,16.163020414136238,50.25933881699586
18125,2022,12227,2615,64182.0,10.981793997838556,14.116416869989543,36.569353762961676
18127,2022,173355,37488,82915.0,9.308265886406003,29.910104877642752,414.6127960623085
18129,2022,25226,5519,75594.0,10.010855144132192,25.478275419711082,61.619258155525976
18131,2022,12498,2697,56823.0,12.75971645074554,14.0524379024839,28.818815933590823
18133,2022,36942,7264,70609.0,8.914644377466365,19.430802672892682,76.87649442186554
18135,2022,24586,5661,59674.0,13.035521171283587,15.127874237447209,54.3482345555386
18137,2022,28990,6816,70285.0,9.623225080837901,18.998885398723274,64.93782858115661
18139,2022,16716,3720,62386.0,11.709188333434817,15.658821508331902,40.95683557236908
18141,2022,272388,63116,61877.0,14.416593712082815,31.957369905585487,595.0181418625937
18143,2022,24403,5423,49343.0,15.765286583549637,11.523747866517569,128.16499740025105
18145,2022,44940,10106,66449.0,12.94240504892279,19.623493496994943,109.30689601494396
18147,2022,19935,4331,66168.0,7.212028542303772,19.913817462560047,50.22827598718027
18149,2022,23308,5330,59916.0,13.576301925900335,13.11465282925624,75.39528504515695
18151,2022,34507,6855,68837.0,9.306070365194143,24.427030670711154,111.75270419068593
18153,2022,20791,4131,54556.0,12.165358563595312,13.839166444028853,46.49191853236612
18155,2022,9896,2398,66525.0,16.607015032211883,10.824818599141123,44.8456504794533
18157,2022,186955,37833,55728.0,19.149609251426497,39.07026088633843,374.73591796319084
18159,2022,15328,3177,71947.0,12.065195786126019,24.795044634723993,58.83143152133445
18161,2022,7041,1453,68514.0,6.0369728480647025,19.908693926161174,43.68136981202308
18163,2022,179900,38764,58839.0,14.258979880920847,27.05705170766465,770.7764748223015
18165,2022,15488,3379,59567.0,14.865663798200094,17.85321100917431,60.28945790870943
18167,2022,106355,21676,52789.0,19.954423456727604,25.606528129158683,263.49561852285876
18169,2022,31032,6490,66194.0,10.969913449649678,21.687248508394617,75.22197901289333
18171,2022,8454,1846,72833.0,12.545018007202883,19.20277869665895,23.181332090268448
18173,2022,64065,14978,91105.0,6.060172830092769,34.48790076594591,166.5626706185165
18175,2022,28133,6376,60695.0,13.109656892873927,14.134095315848555,54.766600024528465
18177,2022,66522,14870,54854.0,16.045728603868138,19.017516133280655,165.578524224963
18179,2022,28167,6913,68074.0,6.367245838341893,19.113544243827974,76.52266991227617
18181,2022,24630,5707,65345.0,8.69403907989117,18.285075329566855,48.75914605175635
18183,2022,34259,7906,73636.0,9.144717372003552,22.763406940063092,102.07614518714506
19001,2022,7479,1653,63172.0,10.076670317634173,19.01608325449385,13.137855256986567
19003,2022,3680,777,64750.0,9.466962798445309,21.44478063540091,8.690867268257316
19005,2022,14046,3319,64049.0,11.621463983668708,18.449994860725667,21.97877857076913
19007,2022,12279,2695,50684.0,17.346854645890016,18.78440366972477,24.691382850156547
19009,2022,5651,1247,54973.0,11.841627315655648,21.68228909718796,12.757359581000543
19011,2022,25652,5917,79444.0,8.297914597815293,23.322326076006046,35.82171254932957
19013,2022,131041,28385,62329.0,15.698955410781936,29.973116659232556,231.62064278479986
19015,2022,26700,5575,75759.0,7.474207107374857,26.385751063941576,46.804251298511204
19017,2022,25012,5637,84727.0,6.564709891795177,34.009568218978984,57.43560539084549
19019,2022,20631,5307,73493.0,8.629292632814794,21.111994794302653,36.12635029479284
19021,2022,20687,5438,62662.0,7.075999593041001,21.631558789735735,35.98371192157231
19023,2022,14376,3232,65743.0,11.825138160691512,19.362141943104636,24.780310891546492
19025,2022,9893,2152,65614.0,9.03954802259887,21.404351511726478,17.360830820958643
19027,2022,20728,4948,68041.0,7.79890903729913,22.125212947189095,36.39984335845101
19029,2022,13116,2901,60815.0,15.344532586716442,20.852878464818765,23.24468594153738
19031,2022,18479,3982,76959.0,7.832523199292973,20.89382940108893,31.88992548260283
19033,2022,42979,8919,63149.0,9.328553112683412,23.962325430334523,75.62730951961993
19035,2022,11601,2538,63638.0,13.343965975544922,21.717049576783552,20.108960369695634
19037,2022,11957,2800,72734.0,6.309148264984227,18.619094008767657,23.70896487178877
19039,2022,9737,2490,63120.0,16.915161696766067,15.248058329370739,22.585830563358392
19041,2022,16423,3791,61756.0,11.453224905332423,26.021677327647474,28.95257369922325
19043,2022,17123,3652,60441.0,13.023090164420964,17.16769580760481,21.995879064414023
19045,2022,46488,10466,61080.0,12.408566721581549,21.60946453878859,66.89315484798384
19047,2022,16450,4157,61188.0,16.984732824427482,16.115702479338843,23.032828431331367
19049,2022,100367,27025,99533.0,5.6673712894597115,51.530410442084765,170.6245654358052
19051,2022,9093,2686,77176.0,9.407432206226982,18.954018954018952,18.106764797247248
19053,2022,7684,1685,56068.0,14.486316091130536,24.868725057760972,14.446786229302308
19055,2022,17523,4172,75896.0,6.642832429938876,18.526822786912472,30.333192541250927
19057,2022,38824,8738,58084.0,14.642951251646904,23.342663523865646,93.29799172852648
19059,2022,17692,3354,72446.0,6.223139075124635,32.70822261028016,46.492804810107955
19061,2022,98812,22232,73495.0,9.951810517695723,32.030354233299136,162.43985276977276
19063,2022,9349,1790,64461.0,12.696941612604263,15.199161425576522,23.61514562125843
19065,2022,19519,4131,56043.0,11.829552681789272,17.167855304757005,26.708464636153785
19067,2022,15601,3534,62356.0,10.868576625738973,18.20689655172414,31.16640796210727
19069,2022,10015,2345,62214.0,13.748602784269892,18.537708693149106,17.208731691559045
19071,2022,6639,1469,69375.0,7.536991368680641,19.16420430561418,12.987902216101164
19073,2022,8801,1951,56884.0,11.534464842396952,19.700868446445803,15.45233321277201
19075,2022,12351,2904,80701.0,5.943194877688393,26.14219114219114,24.610694324057746
19077,2022,10619,2310,75795.0,10.1230798587921,21.649348941207418,17.97989854454084
19079,2022,14979,3322,66685.0,7.780725022104333,22.516993957703928,25.97224702677678
19081,2022,10790,2295,67865.0,9.913752250971472,20.187426786411557,18.896507035840315
19083,2022,16861,3228,64656.0,8.409880834160873,20.814406229720962,29.616709437965806
19085,2022,14623,3347,75830.0,7.610816838583774,20.598072004721622,20.983707241194246
19087,2022,20436,4267,62365.0,11.310410900574835,22.805254468451654,47.056331282466935
19089,2022,9479,2418,63947.0,8.678309616213884,19.197617928224417,20.02970964422384
19091,2022,9606,2264,66617.0,13.3424599831508,18.355381840048103,22.114685108616577
19093,2022,6969,1674,63125.0,11.5237815619495,19.70464135021097,16.150150748644887
19095,2022,16575,3874,69787.0,9.128783237348365,22.76190476190476,28.263038084763537
19097,2022,19470,4281,69709.0,10.239991670571087,18.401392616232684,30.611186053751165
19099,2022,37808,8334,67784.0,8.8183958997091,19.66948962002548,51.761574752267855
19101,2022,15785,2593,52210.0,13.973857970623904,39.49097563004242,36.24369724745364
19103,2022,153360,29762,72977.0,16.88497636500651,54.127276538007564,250.180669725953
19105,2022,20733,4285,68781.0,11.405358152928473,22.466283883028442,36.01867905451184
19107,2022,10026,2289,60016.0,12.212890822624708,16.358952340060114,17.310830059999137
19109,2022,14718,3198,62553.0,10.47460910474609,19.90612127598429,15.130596228556508
19111,2022,33442,7102,58094.0,12.765559195133363,20.342037976275307,64.61597913245097
19113,2022,229308,52269,75457.0,9.480934567757949,34.591868812913404,319.8114391710018
19115,2022,10823,2408,72500.0,10.061004223369311,14.428910577683988,26.93782869601794
19117,2022,8666,1961,63405.0,16.617973588874605,14.886251236399604,20.121621339227875
19119,2022,12023,3381,73735.0,3.877344145970603,19.432936302433973,20.460884703944288
19121,2022,16609,4105,88110.0,6.136128206690635,25.80816110227875,29.605743967087697
19123,2022,22059,5248,65200.0,11.969981238273922,22.3837999456374,38.64230771252043
19125,2022,33487,7801,74193.0,7.685760221934995,31.724199928083426,60.39243268589154
19127,2022,40049,10163,70828.0,11.16716945802559,21.009038992473812,69.95421858051398
19129,2022,14605,3493,81907.0,6.905636830063093,30.522765598650924,33.38812292681589
19131,2022,10537,2488,66056.0,6.704999512718059,21.43646408839779,22.45469423939172
19133,2022,8671,1907,59897.0,12.269938650306749,15.688487584650112,12.492940213695409
19135,2022,7574,1805,76324.0,10.827168796234028,22.66000384393619,17.463362446623073
19137,2022,10285,2317,61261.0,14.488298294327647,18.603684720875467,24.25152736284388
19139,2022,42968,10483,67427.0,11.716265603493284,23.21780296485711,98.22604242867594
19141,2022,14138,3365,65076.0,12.135852321892125,21.573864803780562,24.672140445173508
19143,2022,6149,1394,67561.0,12.639281556627308,14.174668495656151,15.423126412448863
19145,2022,15225,2869,58264.0,13.429491667833638,17.6817981489643,28.460923012502246
19147,2022,8938,2123,67306.0,10.69462340400609,20.171673819742487,15.851340039442134
19149,2022,25621,6358,79963.0,5.671429136818776,24.072361576696334,29.694214837719684
19151,2022,7061,1571,61434.0,9.06458152331306,17.064294379296403,12.232325839640636
19153,2022,493378,120657,78827.0,10.334607478101496,38.91650507897757,861.9748034962727
19155,2022,93543,21694,68718.0,11.329021489672439,23.425886641839124,98.33465086747007
19157,2022,18608,3694,61192.0,10.766874779125928,28.881578947368418,31.812734325714665
19159,2022,4690,1123,67898.0,8.247653106839516,22.595704948646127,8.758415268401542
19161,2022,9778,2168,68778.0,8.679757677041987,21.645899739206026,17.004566781792697
19163,2022,174315,40828,72792.0,11.89692499955996,34.92314322654791,380.5206768886871
19165,2022,11737,2566,70295.0,8.785956374380811,22.7987987987988,19.86709006459301
19167,2022,35815,9646,81914.0,6.078039765105673,31.265218205656492,46.63951942347486
19169,2022,98573,15811,66197.0,19.625389254830232,52.535755701584854,172.1666806393919
19171,2022,17017,4098,65483.0,15.158643986005549,18.32370440631198,23.60158166796346
19173,2022,5916,1333,65926.0,8.542886668963142,15.450121654501217,11.122349605754442
19175,2022,12107,2791,56495.0,11.890011032843928,24.08014571948998,28.57817276257244
19177,2022,7207,1640,58417.0,11.097028587522884,18.454258675078865,14.866169408736118
19179,2022,35292,8264,56209.0,17.443753270158712,18.462241042886205,81.72414511755429
19181,2022,52709,12870,89741.0,6.162888989364839,32.15073792806992,92.5274462923368
19183,2022,22534,5540,71122.0,7.486655206731204,24.397413286302175,39.614786895159874
19185,2022,6484,1685,58257.0,13.317610062893081,15.028768699654776,12.339452945844569
19187,2022,36986,7740,65335.0,12.15199508182324,20.71673443354859,51.67778858298962
19189,2022,10704,2322,62853.0,7.752786624203821,25.864223240316537,26.727325844155523
19191,2022,20050,3726,67770.0,8.934151785714285,30.52247692765704,29.06454212836525
19193,2022,105526,27052,68399.0,13.505805861340653,23.954829052862454,120.89183591172375
19195,2022,7417,1536,69897.0,7.366255144032922,19.49438202247191,18.53679993402029
19197,2022,12897,3188,58240.0,14.276699794920333,21.011541072640867,22.220422734195708
20001,2022,12554,2801,55059.0,15.188515799026483,19.60899086864903,25.093094701747162
20003,2022,7799,1943,67651.0,13.167213114754098,15.263963274674827,13.45487983079182
20005,2022,16309,3662,55281.0,14.482107958757329,22.167978479625386,37.82463692152125
20007,2022,4081,964,53774.0,20.316423907584127,23.63061797752809,3.5985274342525844
20009,2022,25477,6103,54634.0,14.468702167082897,21.67626728110599,28.457750120915
20011,2022,14405,3726,55826.0,12.791114295951273,23.715288860517074,22.668582336288143
20013,2022,9486,2441,55876.0,14.493221433182699,20.07458048477315,16.61671375844981
20015,2022,67618,16894,77724.0,7.911185744938893,32.004489337822676,47.29470748036673
20017,2022,2570,550,52481.0,8.755573571139037,26.47220693450743,3.324480986426545
20019,2022,3389,780,51210.0,17.580113806528903,16.217337204479467,5.304587239251128
20021,2022,19380,4473,53382.0,13.697553821172281,19.798657718120804,32.98347252313353
20023,2022,2619,559,52730.0,15.241057542768274,22.210414452709884,2.5679239918030374
20025,2022,1977,502,58287.0,11.739594450373533,26.051660516605168,2.028445433073613
20027,2022,8088,1897,57765.0,11.353877241727709,26.345509087700727,12.53374409962529
20029,2022,9008,2096,51197.0,11.950052514879216,22.429122630431138,12.592578095512357
20031,2022,8334,1822,67645.0,11.24375685223535,22.192059721750933,13.294304377995964
20033,2022,1825,412,49754.0,8.705612829324169,21.0727969348659,2.315114334934251
20035,2022,34661,8143,55726.0,13.95830115830116,24.479825517993454,30.789579813420172
20037,2022,39012,8611,49779.0,20.902856525730332,30.88589104657158,66.14770817825902
20039,2022,2771,577,49412.0,12.248696947133283,24.821683309557773,3.1012280684083233
20041,2022,18492,4214,62971.0,8.84090783588271,23.518105635427077,21.830596835200954
20043,2022,7501,1459,66358.0,11.43367574810183,18.882113821138212,19.06347290170913
20045,2022,119094,21143,66153.0,16.28758429911949,52.308376107590405,261.3051434288648
20047,2022,2849,643,52750.0,13.611811307166006,17.88303528274529,4.581166565363229
20049,2022,2453,557,50000.0,14.817846909537455,18.217488789237667,3.807445395055443
20051,2022,28921,5927,59665.0,15.290198776204786,38.719302272205645,32.13758678626355
20053,2022,6374,1155,59844.0,8.746518105849582,20.839454354669463,8.907521922929112
20055,2022,38187,11411,68481.0,12.824905640174533,18.5024368630926,29.329560667190474
20057,2022,34212,10153,67997.0,11.87498125318696,19.77989728539985,31.150781546631023
20059,2022,25968,6069,68217.0,8.335317932841152,23.93662331762167,45.4167045605591
20061,2022,36247,11274,57992.0,18.618943295302586,23.845091318360872,94.23322899659952
20063,2022,2758,722,59417.0,6.39083856667898,19.702602230483272,2.5735630317654943
20065,2022,2430,500,47071.0,9.93322203672788,24.354657687991022,2.704426244286482
20067,2022,7336,2283,84808.0,5.337931034482759,20.22346368715084,12.762522442276378
20069,2022,5719,1666,74500.0,4.112554112554113,21.889269406392696,6.582135125398939
20071,2022,1279,372,69948.0,8.067092651757187,28.809523809523807,1.643105636661682
20073,2022,6001,1288,51812.0,15.281773565747164,15.951342666972687,5.2488227103202645
20075,2022,2520,764,58750.0,7.885304659498208,19.220607661822985,2.5288154506610043
20077,2022,5457,1370,53032.0,15.530873493975902,17.46987951807229,6.810404430943722
20079,2022,33959,8110,70685.0,9.689079491499463,30.661305126972334,62.91546550663634
20081,2022,3735,1000,66458.0,9.014390442573989,15.789473684210526,6.467297293085447
20083,2022,1770,410,63125.0,8.786127167630058,30.523731587561375,2.0581586805458656
20085,2022,13274,3231,70385.0,7.918067869153164,20.96919271418934,20.22800315138696
20087,2022,18387,4121,74562.0,6.036904434040209,24.50065551014113,34.52140901871107
20089,2022,2929,598,47109.0,18.74352778736624,18.474807081252838,3.2187838953109495
20091,2022,610742,145210,103644.0,5.269957536628174,56.692064179876986,1289.5353600189185
20093,2022,3964,1188,68750.0,15.640298892038135,16.60313426514189,4.553479839594368
20095,2022,7369,1604,59640.0,7.884908009406557,24.323805869940536,8.534674358567509
20097,2022,2445,557,70347.0,5.183199285075961,25.33013205282113,3.383427432746596
20099,2022,20096,4862,56143.0,15.179070358140716,22.55110264488241,31.137616924881428
20101,2022,1528,312,52222.0,8.995403808273144,19.88950276243094,2.1298868567302613
20103,2022,82050,19378,84307.0,10.093328272052569,35.49101516079081,177.05817995843827
20105,2022,2929,658,52540.0,12.822299651567945,23.696911196911195,4.071471067395426
20107,2022,9696,2141,56697.0,11.499635758143407,22.06245461147422,16.321006731405312
20109,2022,2752,686,70382.0,9.886071297317162,26.663174436877945,2.564788400297113
20111,2022,32182,7113,56415.0,16.21673861220282,26.705046418754215,37.97384710871551
20113,2022,30085,6427,71250.0,10.626319493314568,31.374601275917062,33.49159787817898
20115,2022,11867,2511,60011.0,8.76796528970442,27.639250713311004,12.566994140627068
20117,2022,10014,2442,64306.0,10.548823948681397,20.806824754193176,11.124466494404441
20119,2022,4019,1056,74063.0,7.053411704574495,23.982952344052695,4.1090582292095865
20121,2022,34312,8091,85564.0,6.968113532450568,30.551517742625055,59.581960793847315
20123,2022,5829,1356,63008.0,15.016704765254088,28.80879345603272,8.30587980484246
20125,2022,31448,7498,51513.0,16.90372170942417,20.12341608177493,48.863103136449375
20127,2022,5385,1166,52866.0,10.976989815164089,27.886095433555667,7.744379392616306
20129,2022,2688,687,57943.0,13.193116634799235,17.545748116254035,3.683549143451491
20131,2022,10219,2791,72788.0,8.713651050080776,28.26349110642147,14.243957921851282
20133,2022,15826,3862,54894.0,14.95975394280479,21.14927219103796,27.692959170996062
20135,2022,2677,555,64907.0,10.522302706824247,20.896328293736502,2.4908373102678882
20137,2022,5431,1055,52710.0,9.412819363514119,20.77596996245307,6.185339231291371
20139,2022,15787,3689,66155.0,11.146990441746318,20.03668042182485,22.376847255728514
20141,2022,3493,745,58750.0,13.416075650118204,23.141153081510936,3.913655329428268
20143,2022,5768,1308,74551.0,10.400847607275296,23.688118811881186,8.002996961414121
20145,2022,6288,890,54141.0,11.88448722695298,18.34807073954984,8.336614682146678
20147,2022,4960,1106,57611.0,16.426809210526315,20.125786163522015,5.599009336573835
20149,2022,25482,7356,85241.0,7.248915250189085,37.85539215686274,30.309193741190743
20151,2022,9175,2307,61685.0,11.607761607761608,27.903005464480874,12.482330869518488
20153,2022,2544,577,61827.0,10.920685532084494,17.475728155339805,2.3788684665275253
20155,2022,61881,13772,57390.0,12.327041884371223,20.50789035571084,49.295471708935175
20157,2022,4686,1097,54531.0,10.117493472584856,26.425970873786408,6.532130246718253
20159,2022,9441,2181,58523.0,9.773403524834059,23.721614115340632,12.999942167400588
20161,2022,72105,11481,56327.0,22.729870511585375,47.82972317470938,118.27083948430273
20163,2022,4925,1042,60821.0,4.631400042489909,22.68765813888108,5.530433103095134
20165,2022,2939,592,53523.0,12.840195394277739,19.538606403013183,4.094666345297821
20167,2022,6702,1463,49929.0,17.498469075321495,20.175805776475514,7.562114954979352
20169,2022,54160,12361,59887.0,11.951608614730125,28.218454923943508,75.19653007444678
20171,2022,5128,1357,53365.0,7.605859923740718,19.917622830244188,7.146191740351317
20173,2022,522700,131426,65372.0,13.664023245018578,31.745002289027923,524.272292605524
20175,2022,21942,6796,57131.0,13.55570008361981,11.288805268109126,34.30297364352234
20177,2022,178625,41508,63463.0,12.867140099282956,31.74813655643866,328.33908673482523
20179,2022,2450,626,66719.0,7.717842323651452,24.298507462686565,2.734506231883896
20181,2022,5940,1387,61404.0,10.490753911806545,26.089295320064547,5.624659111568995
20183,2022,3561,695,50943.0,7.322654462242563,23.0973116243847,3.97670928144515
20185,2022,4054,971,60000.0,11.05476673427992,26.096411743385282,5.118389588483497
20187,2022,2060,502,66000.0,13.201970443349753,17.388218594748047,3.0278444099524955
20189,2022,5275,1538,67950.0,15.820085304381543,12.530712530712531,7.2532519319088085
20191,2022,22517,5448,59397.0,11.579806776432168,23.92444910807975,19.05526763862608
20193,2022,7907,1875,72417.0,6.557596888829289,26.469993938169328,7.35749791101773
20195,2022,2798,526,77500.0,7.290132547864507,24.96500233317779,3.1456793565635417
20197,2022,6922,1604,70000.0,5.926581158779301,25.11482254697286,8.714196511300004
20199,2022,1489,349,57708.0,15.552523874488402,25.929549902152644,1.6297233519983538
20201,2022,5529,1257,59432.0,9.928031002029895,22.536307053941908,6.179317559253385
20203,2022,2131,505,69551.0,14.943074003795068,21.428571428571427,2.9656287661815335
20205,2022,8667,2069,55439.0,16.28698919680601,19.539078156312627,15.193987619713791
20207,2022,3134,641,50670.0,13.263979193758127,21.09777015437393,6.295460800009642
20209,2022,167989,45763,57771.0,16.836009063735418,19.9878396707357,1107.8291721072553
21001,2022,18887,3829,49690.0,19.784580498866212,18.62660269015968,46.600969177778
21003,2022,20773,4772,57159.0,16.52088932323479,18.296925003478503,60.43511654699701
21005,2022,23839,5537,69885.0,13.370567826013371,25.342340697462113,117.86314644516959
21007,2022,7742,1555,57111.0,14.297008828567664,17.341248425975895,31.332078755134663
21009,2022,44511,10414,48141.0,21.097230514857852,17.446532728451068,91.32990674340587
21011,2022,12739,3211,51471.0,23.128172588832488,14.361639305539153,45.8250597139486
21013,2022,24248,5260,33658.0,26.29374813042178,11.665292662819455,67.54336363053936
21015,2022,136150,35007,91697.0,5.736244152372466,34.64034853738775,552.8529894261536
21017,2022,20228,4575,54580.0,15.119602828343615,23.238930419781482,69.81190681622088
21019,2022,48242,10381,58327.0,17.41503937857374,20.84682005073922,301.7652283787672
21021,2022,30613,6194,56568.0,14.995307198036242,26.76069991759973,169.75534557714488
21023,2022,8420,1979,59911.0,16.963426371511066,17.57314974182444,41.54639429600572
21025,2022,13580,2772,38209.0,28.503937007874015,17.02650158600225,27.57797173968669
21027,2022,20528,4633,51756.0,23.518306920363656,14.338157430285916,36.0314186669007
21029,2022,82482,17689,73900.0,10.581771564617545,17.548031684658945,277.6386476552086
21031,2022,12365,2836,47589.0,19.751335113484647,11.328396204582273,29.018192400120153
21033,2022,12635,2839,52488.0,16.176470588235293,16.13121406831248,36.64071222468717
21035,2022,37345,6729,48276.0,18.737384079805754,31.532112458086146,97.03780693776795
21037,2022,93122,19251,71979.0,11.702635758794193,39.267595240291485,615.3978324081418
21039,2022,4782,1108,53065.0,20.084656084656086,13.337356668678336,25.239756575162435
21041,2022,10842,2887,50625.0,20.29397818871503,5.7608542925389905,84.24242424242425
21043,2022,26671,5899,47004.0,23.881114837515902,14.49148843299869,65.13112428174077
21045,2022,15942,3652,42190.0,26.102893890675244,12.214983713355048,35.88455357022271
21047,2022,72766,20014,48920.0,16.737730335738565,19.096121742917283,101.39341749575009
21049,2022,36897,8222,61878.0,15.05842702837095,19.951347594408837,146.13715037111555
21051,2022,20322,4206,37888.0,31.217211594510097,14.274045333877886,43.30316047867444
21053,2022,9295,2003,41180.0,20.276194651468654,13.999696647959958,47.16765704368654
21055,2022,8979,2004,45810.0,17.91044776119403,12.470439854958222,24.971771524560165
21057,2022,5974,1282,40515.0,28.25012779008349,17.127708621484555,19.57744955709871
21059,2022,102916,24999,64021.0,13.977559971625253,25.41055824366289,224.51281312923078
21061,2022,12179,2265,53029.0,16.959746645553796,11.426985008328707,40.2204711927769
21063,2022,7378,1279,39469.0,24.677472709229242,10.160043157705449,31.486721207232815
21065,2022,14138,3072,39980.0,23.958556627366917,11.114410134600158,55.863537760637904
21067,2022,321276,66303,66087.0,14.93238567649893,46.545586424760685,1131.8313927885715
21069,2022,15111,3695,46885.0,20.987408880053017,15.784832451499117,43.338725220264315
21071,2022,35780,7930,38723.0,29.284592317578177,13.050901294369888,90.97381133994406
21073,2022,51475,10769,62929.0,13.259357536284325,31.559851548219132,247.58427966081317
21075,2022,6480,1381,35449.0,27.37636211232188,14.02625820568928,31.466697744886662
21077,2022,8720,1963,58641.0,16.82188591385332,13.030920829085968,88.72518594641893
21079,2022,17175,3709,58263.0,15.678291142975157,19.918500407497962,74.69827117538327
21081,2022,25085,6650,65461.0,12.82342905885698,15.745925096429017,97.2377275405464
21083,2022,36701,8786,52526.0,19.77623307208729,18.637805710614032,66.51660060497647
21085,2022,26465,6300,47024.0,21.06196737747272,13.250873592545343,52.97916466480894
21087,2022,11198,2374,38595.0,21.34831460674157,13.546706363974693,39.15891216695866
21089,2022,35853,7684,58562.0,15.067368659420291,17.61741033054622,104.08646727864969
21091,2022,9058,2169,68102.0,15.141281098727907,17.423750811161582,48.264286665778606
21093,2022,111005,27285,64136.0,11.512788376734902,23.929587000677046,177.92142638471933
21095,2022,26589,6182,35128.0,30.020401093190653,10.520368078351181,57.07876263873087
21097,2022,18803,4281,58840.0,15.839064276818107,18.054916398220584,61.35587910904593
21099,2022,19345,4734,45561.0,22.63619452564443,10.498425620152062,46.877650422856036
21101,2022,44770,10146,56912.0,17.003409376930644,18.859186867235156,102.5985365328249
21103,2022,15731,3689,58294.0,16.237344611047032,14.74756831866605,54.95526653181998
21105,2022,4491,894,68589.0,16.71270718232044,22.215440952090326,18.532503063990987
21107,2022,45223,10320,54466.0,19.186006787072678,15.46542722526423,83.40849190408476
21109,2022,13002,2995,38516.0,22.64224473889322,11.158892931966038,37.662175901653114
21111,2022,779232,171022,66296.0,14.126009075460386,36.11215928260677,2046.1413228999818
21113,2022,53381,12563,69905.0,12.106312549604135,30.307364406304337,310.1526912708004
21115,2022,22631,4996,44231.0,21.40334993209597,14.566336136563324,86.38907339120344
21117,2022,169066,39621,76016.0,11.92163151973574,36.46498744914741,1054.2180319384427
21119,2022,14282,2863,38336.0,27.728699715266114,16.301947400120458,40.628804861119015
21121,2022,30207,7128,34254.0,34.03692140627121,16.714047642388003,78.18963062666633
21123,2022,14902,3369,57867.0,18.839590443686006,15.232613908872903,57.087036469506586
21125,2022,62442,14244,53693.0,20.54892757024578,16.59202190611004,143.97410209290692
21127,2022,16228,3995,42488.0,26.331820724808853,10.861759425493716,39.04744259462893
21129,2022,7338,1494,31682.0,31.360144600090372,7.3339569691300275,35.140143951039406
21131,2022,10468,2239,37019.0,33.62840660433658,11.553895115538952,26.11268266155788
21133,2022,21490,4616,38466.0,29.01025518721679,13.090980035117383,63.59229908798759
21135,2022,13063,2990,36662.0,26.594259115593484,10.172092513427602,27.053502271889457
21137,2022,24320,5795,49487.0,17.37492149884865,15.381855152203816,73.05431311823564
21139,2022,8980,1834,56125.0,16.838449473448353,13.186813186813188,28.693762781186095
21141,2022,27498,6540,58869.0,15.745010513889401,17.11338013188683,49.795732104828545
21143,2022,8721,1194,64081.0,9.962845741021054,14.524328249818447,40.7933203919826
21145,2022,67573,14730,58490.0,15.171653400595087,28.198482932996207,271.61094273793543
21147,2022,16892,3686,35000.0,33.65372041323395,6.798579401319127,39.58706834932799
21149,2022,9173,2154,64020.0,7.928304376511985,17.977704506201917,36.325116325116326
21151,2022,92955,19356,59797.0,16.12448094702792,33.338516291766005,212.26043491068188
21153,2022,11647,2612,31927.0,30.444985225099945,10.886014156700025,37.76062351877008
21155,2022,19627,4690,49627.0,22.480370011831774,12.838748315616112,57.129800233444236
21157,2022,31706,6437,64597.0,12.112193070428003,22.41161890681393,104.943318163012
21159,2022,11298,2183,45265.0,23.529999001697117,10.791540785498489,49.20260253808433
21161,2022,17068,3896,48460.0,18.739190075744023,22.59015840916751,71.07905400059136
21163,2022,29964,6623,68518.0,13.283021422044738,17.82178217821782,98.09371347757339
21165,2022,6174,1363,43797.0,26.885943380788742,10.772033705306308,30.333402116558087
21167,2022,22662,4911,60728.0,11.206666072542554,21.658462703521394,90.87227276919437
21169,2022,10313,2384,46932.0,24.004316264469296,14.108635097493035,35.60491764226604
21171,2022,11331,2610,47252.0,20.910231141372513,15.977539561000512,34.39107671295242
21173,2022,28188,6541,53436.0,16.393145672571823,18.166207004215018,142.8137159533074
21175,2022,13840,2592,46018.0,20.43424825891028,17.748875415607277,36.315546412527816
21177,2022,30735,6397,50935.0,16.314973370188092,13.309942586348308,65.77426810477658
21179,2022,46779,10899,66212.0,8.766690471553162,22.531103595916974,111.72838769002949
21181,2022,7613,1813,57539.0,16.18489409884108,7.084942084942085,38.979857249649264
21183,2022,23782,5584,52474.0,14.039843380233208,14.388753056234718,40.50792461186009
21185,2022,67997,17139,117334.0,3.989842338131738,45.35358013744181,363.04953709141773
21187,2022,11229,2435,56485.0,14.137868970482362,18.872704243191894,32.038460989771316
21189,2022,4054,751,32844.0,28.815312984997416,11.096389532957932,20.53677267707521
21191,2022,14638,3438,58723.0,17.787388392857142,16.552136241410217,52.81654567234834
21193,2022,28136,6587,45330.0,23.82883870496236,13.222760908394998,82.8201716687664
21195,2022,58196,11880,41271.0,23.893727611154038,15.848493598998942,74.01980611074227
21197,2022,13089,3156,38415.0,21.10568593479288,15.064498037016264,73.13843162235558
21199,2022,65145,14370,48768.0,21.368686631250686,17.789036508730348,98.98951527123538
21201,2022,2207,560,53798.0,21.983390327308257,12.19672131147541,22.16063700535189
21203,2022,16171,3475,45693.0,23.55379807385675,12.043160459450052,51.082393300628304
21205,2022,24551,4776,50038.0,24.585356913772564,27.08011786165287,87.71942361217805
21207,2022,18021,4126,48220.0,21.63007621431009,16.438576718724843,71.15275277172368
21209,2022,57286,14117,80782.0,9.282753422936816,31.886283021864575,203.0021899827778
21211,2022,48105,10678,81012.0,7.9210036976083105,30.214174919460685,126.66210274098843
21213,2022,19574,4570,55907.0,14.190897597977244,14.551223934723481,83.58706095868475
21215,2022,19549,4527,101118.0,8.331173207527605,22.071972216064434,104.72491562650667
21217,2022,26056,6051,63211.0,14.271360823084962,22.99424409726301,97.8026680279565
21219,2022,12281,3298,57891.0,21.131199203848066,16.459821988216124,32.791919105611825
21221,2022,14154,3066,55864.0,18.17276928546036,20.482047212854592,32.06375599468096
21223,2022,8510,1835,66492.0,13.703703703703704,13.672654690618764,57.58910747034263
21225,2022,13495,2517,58260.0,18.84804850322092,10.193864507882402,39.35802238697146
21227,2022,135307,31083,63074.0,17.165371430344205,32.93214384876323,249.77110115113967
21229,2022,12025,2742,65456.0,14.130990960259254,19.787943769359064,40.44953647017667
21231,2022,19666,4042,41583.0,25.36509580528224,13.825541619156215,42.93483362915709
21233,2022,12951,3010,55451.0,16.061641115259352,11.451942740286299,39.005981459283305
21235,2022,36648,9340,44332.0,23.489759623658998,18.71009490940466,83.68613588721279
21237,2022,6573,1503,28666.0,36.76836861768369,7.047279214986619,29.5869174780225
21239,2022,26886,5850,78295.0,8.436517853761975,40.65881092662025,141.82399392318527
22001,2022,57674,14909,44977.0,23.72256984224905,13.704063673855368,88.01911959514318
22003,2022,22798,5227,52755.0,19.577947771036666,12.046142208774583,29.91533741687268
22005,2022,126973,33567,93800.0,9.897393916754755,29.033613445378155,437.8832292995827
22007,2022,21067,4423,47023.0,16.02867383512545,13.441114794020159,61.23754073152511
22009,2022,39529,9348,38696.0,27.945099980746484,12.278288030342468,47.529383473111494
22011,2022,36553,9144,68525.0,13.314890882163915,17.883031301482703,31.579893164183822
22013,2022,12958,2903,34268.0,31.080867225826868,12.382101338012722,15.971030783490109
22015,2022,128877,31739,64598.0,16.662186309081424,27.572513411207357,153.50248220530364
22017,2022,236259,55774,47572.0,21.941658716008234,24.287295015727377,268.63854057225507
22019,2022,210770,52559,64370.0,17.136747196855858,23.554681915654037,198.07702609105888
22021,2022,9658,2215,45707.0,24.86111111111111,12.054675003635307,18.230552881439117
22023,2022,5447,1130,69847.0,12.365988909426987,14.397972116603293,4.24010169393892
22025,2022,8895,1948,48259.0,24.651224006317452,17.556402923419128,12.564411146518408
22027,2022,14203,2692,32034.0,32.61400651465798,11.651703832416256,18.817054719565867
22029,2022,18677,4428,38929.0,33.87441511177864,17.56495078263676,26.790888487247898
22031,2022,26821,6392,49807.0,20.218681896746073,16.32221318144833,30.601894690963196
22033,2022,454369,101236,62083.0,17.860897383612915,38.18193953615817,997.512634412143
22035,2022,7371,1675,30856.0,40.28358480276314,11.793916821849782,17.513014181953825
22037,2022,19452,3332,64709.0,14.669471153846153,16.12661163790163,42.91264149236807
22039,2022,32335,8079,34526.0,27.763928906730552,12.22747006345117,48.81263105138497
22041,2022,19752,4916,41129.0,26.021631413500984,15.347063310450038,31.638736628981672
22043,2022,22185,4598,57362.0,15.008937020292294,12.02543720190779,34.4621359223301
22045,2022,69958,17760,55190.0,23.10388274993121,14.156075905292479,121.72091429008893
22047,2022,30210,6188,59410.0,16.832045695873457,14.928023929706487,48.82668869066571
22049,2022,15093,3251,40406.0,26.20377571943718,12.829558113627924,26.50787350406935
22051,2022,436171,96252,63257.0,15.476743621573263,29.778641840802187,1449.7281163582218
22053,2022,32277,8126,52470.0,16.019448127801983,15.201490798975076,49.5410731827112
22055,2022,243175,57910,66617.0,16.810797636756337,34.636484590008564,904.5780371763253
22057,2022,97220,22155,61381.0,16.552065976250237,18.618953588278742,91.04760941493343
22059,2022,14764,3214,59926.0,15.190889845974159,17.696009625025066,23.627919481990993
22061,2022,48323,9461,37001.0,29.700744204869935,36.573123431439654,102.45825170258419
22063,2022,143425,36479,77978.0,11.606765922715375,21.738168718861584,221.29014041914368
22065,2022,10028,2571,34508.0,38.096926713947994,14.021856241342157,16.073475079541904
22067,2022,25438,5891,37875.0,28.801401964380325,12.86758358750072,31.9994968236996
22069,2022,37478,8510,41310.0,25.924462259357533,22.832537593146224,29.910423556753027
22071,2022,380408,74728,51116.0,22.924960421588423,40.73569986167718,2244.2949852507377
22073,2022,159585,39084,49261.0,23.442275428853833,25.82312587185416,261.4647333497174
22075,2022,23305,5833,77996.0,14.698333985819303,19.00379689812729,29.855430793177
22077,2022,20652,4414,53045.0,19.132640616615447,14.774590163934425,37.085521885521885
22079,2022,129536,32198,55407.0,18.323141472545426,22.300999779886236,97.8287302414452
22081,2022,7631,1799,43821.0,24.762690879075528,10.644147682639435,19.617975217234818
22083,2022,20028,4765,48125.0,24.02910080602952,16.334395612539833,36.04667277403516
22085,2022,22209,5161,40777.0,23.924166285975332,13.312160910414187,25.627001298139334
22087,2022,44038,11489,55857.0,22.52231631952392,16.824612003845626,116.65170045322462
22089,2022,52191,12638,79191.0,10.181557202156961,27.163297751533044,187.91180304023158
22091,2022,10872,2220,46402.0,27.45683621091927,12.014514178201855,26.61268410655844
22093,2022,20090,4478,62946.0,11.463304365298638,18.667904054825815,84.46109282311939
22095,2022,41986,10265,65114.0,14.05462741978255,16.37785063227294,195.7626565457818
22097,2022,82574,21837,44478.0,27.493088467614534,14.116286875769216,89.36299618302023
22099,2022,51856,12436,50806.0,17.564462101737167,14.199249829506705,70.3160806541283
22101,2022,49114,11721,47322.0,21.920719754029015,12.322597848952624,87.9348715460488
22103,2022,266168,62728,76914.0,11.655877704838318,36.387060773662014,314.8870020738666
22105,2022,133953,32510,55274.0,19.21803234397314,21.49197463871594,169.30958122886048
22107,2022,4127,905,35653.0,35.06623344163959,14.217848659653887,6.840686753897716
22109,2022,108862,27320,63088.0,16.35401994347173,17.046659962253234,88.51375084560546
22111,2022,21049,4561,47068.0,26.825466413366456,17.36881005173688,24.00352144397449
22113,2022,57202,14373,56194.0,19.2973766605933,18.739830997743137,48.80487690424084
22115,2022,48452,12254,56547.0,18.046115460724426,18.732380352227125,36.51997473479829
22117,2022,45514,10503,41803.0,23.54798124213657,11.72019666687951,67.96816782824128
22119,2022,36761,8390,34263.0,27.598526292285364,14.406413329665579,61.958238316993054
22121,2022,27377,6410,80510.0,14.749351284269114,23.082466797076084,142.33204745614674
22123,2022,9800,2265,45035.0,19.21135646687697,11.434420236876736,27.245986777355807
22125,2022,15358,2476,71985.0,14.210615567237578,21.163220709362918,38.079322417161734
22127,2022,13665,2814,44922.0,19.643897162825528,13.274877650897226,14.384149961473845
23001,2022,111532,23632,64500.0,12.366678414423772,22.808015513897868,238.3396658645935
23003,2022,67237,12392,50843.0,14.949275140221289,21.40155285685845,10.078793177054102
23005,2022,303357,55317,87710.0,7.2131692491384225,50.627530364372475,362.78347223667265
23007,2022,29839,5198,56890.0,12.11836051861146,28.776877967048307,17.58330990974109
23009,2022,55851,9266,64149.0,10.937873467061355,36.59503196433205,35.18997837603521
23011,2022,124003,23606,62118.0,12.424623011087176,29.86924982503694,142.94755335042515
23013,2022,40729,7051,68904.0,9.974116501371057,37.851218414453804,111.54168469598461
23015,2022,35466,6019,69638.0,9.141314027981268,39.227813357731016,77.79900716656392
23017,2022,58276,10404,54780.0,14.42746091361691,21.479951893621365,28.058356528324854
23019,2022,152640,27174,59438.0,13.416444861066445,29.783772483935177,44.93135781362318
23021,2022,16936,2873,51805.0,14.97794695184581,20.833652007648183,4.275853119294938
23023,2022,36868,6762,77591.0,10.893311796753087,38.6575735821967,145.16160784946786
23025,2022,50656,9402,53527.0,16.782160267515412,19.74717689683442,12.908388056887013
23027,2022,39772,7179,62694.0,12.912905211325402,33.26148457496969,54.48360984737959
23029,2022,31096,5840,51669.0,17.53581280951906,24.626281939857467,12.13395896945634
23031,2022,212691,38701,79743.0,7.996673628469152,33.18943176790342,214.5801637617585
24001,2022,68161,11991,55248.0,15.863039706700711,20.826898192595067,161.44282672389087
24003,2022,588109,131607,116009.0,5.83277205145209,44.129352747327964,1417.792895956182
24005,2022,850737,183823,88157.0,10.211079031580619,41.162563113646115,1421.785954228071
24009,2022,93244,21519,128078.0,4.2689238731938755,35.57560458738469,437.37511140297386
24011,2022,33320,7817,65326.0,12.918996547193448,17.70810526776722,104.30688513094708
24013,2022,173225,37568,111672.0,5.097606848693171,38.75446876633018,386.99552070417656
24015,2022,103876,23166,86869.0,10.092226613965744,26.752351010345834,299.9595726248917
24017,2022,167035,39741,116882.0,5.872588550595166,31.059469155426108,364.84942739379534
24019,2022,32557,6852,57490.0,15.396336722953011,19.153770309083896,60.20544968701747
24021,2022,273829,63171,115724.0,6.162476425251341,43.62508098152283,414.50241515180414
24023,2022,28856,5200,64447.0,11.060348491287717,24.622201492537314,44.45697505842912
24025,2022,261059,57975,106417.0,7.136225474522011,38.77229310733098,597.2181870174435
24027,2022,332011,79569,140971.0,5.3691173208800365,64.01161345313776,1323.0165371587966
24029,2022,19289,3021,71635.0,9.532120939136309,37.354921908582895,69.63839588718645
24031,2022,1056910,242251,125583.0,7.177323456262276,60.028334123437034,2143.2120094982592
24033,2022,957189,211186,97935.0,9.582183003224664,35.63409493708502,1983.2236249153102
24035,2022,50316,10644,108332.0,6.858438145674109,36.5718405146121,135.37852228730404
24037,2022,113814,27261,113668.0,7.5927771642018875,34.91771628206307,317.41613770484486
24039,2022,24672,4129,52149.0,19.837135198017297,16.847441641122376,77.16052278505953
24041,2022,37663,6864,81667.0,9.307330195023537,41.45267791636097,140.24263095965088
24043,2022,154645,33537,73017.0,12.345485732955783,22.97659295386946,337.8121559512783
24045,2022,103815,22903,69421.0,13.83832628622265,28.948129212884773,277.26143738482494
24047,2022,52827,9057,76689.0,8.194835815745586,32.088032192359286,112.78132885854458
24510,2022,584548,119442,58349.0,19.571793409536088,34.90167495081919,7221.4562794949725
25001,2022,229436,33372,90447.0,7.016514894273808,46.05599658273282,582.029426686961
25003,2022,128763,21134,69744.0,10.968485281230729,37.95510596497095,138.92179519546346
25005,2022,576699,118520,80628.0,11.143108593896939,29.684031665586264,1042.6460511542891
25007,2022,20543,3667,93225.0,6.712268097042469,43.164186697189365,199.05621984070078
25009,2022,806103,169088,94378.0,9.721732024283456,41.74360905862308,1636.7141577988805
25011,2022,70980,11981,70383.0,11.963365769891242,39.80108699670944,101.51485680941866
25013,2022,464575,98465,66619.0,15.767554050764568,28.6475130557117,752.9517588998468
25015,2022,153931,23316,84025.0,10.609723139751367,50.401564144984214,291.9584398637422
25017,2022,1623109,317065,121304.0,7.43872189983877,58.46730179798632,1984.5659313383856
25019,2022,14065,3211,135590.0,4.944936298855539,57.372762019714344,304.4899549705577
25021,2022,722112,149056,120621.0,6.458762317206844,56.29435077821814,1823.0409767156523
25023,2022,529548,111064,105387.0,6.651187595179925,40.54278236359976,804.1718995111625
25025,2022,785443,128719,87669.0,17.02346446009755,49.23820565997681,13483.305580828455
25027,2022,858898,178358,88524.0,9.987842513794071,38.36764666523927,568.5517155553438
26001,2022,10238,1317,50295.0,15.83728278041074,19.976303317535546,15.17516360213739
26003,2022,8866,1599,55528.0,10.250831840286665,20.71014934471198,9.689257448357111
26005,2022,120189,28389,75543.0,9.511431888154242,24.13361828205066,145.63897374502122
26007,2022,28911,5373,49133.0,16.50926774261752,16.730903180868353,50.55263254525712
26009,2022,23662,4081,68850.0,9.380198780019622,32.450294346329,49.743629632588366
26011,2022,15031,2757,53487.0,13.558525283728425,14.57615133032794,41.387418841449644
26013,2022,8245,1405,51911.0,12.173792337590228,15.558042852574353,9.177150731222458
26015,2022,62581,13693,75182.0,8.339794533824385,23.63035407045187,113.14508663831757
26017,2022,103752,20572,57887.0,15.284734717696836,20.08595912284437,234.51602476441482
26019,2022,18058,3116,71327.0,10.445416806911254,32.438900572920446,56.48491066513187
26021,2022,153938,33131,60379.0,15.713926629536044,30.075890791300324,271.12214040272573
26023,2022,44795,10411,60600.0,15.016049295939645,16.061623926102964,88.45581948259418
26025,2022,134011,30707,58191.0,14.834794335805798,22.044962494806132,189.7468644780549
26027,2022,51604,10536,65183.0,12.856723716381419,21.167348930517527,105.291078701021
26029,2022,26174,4754,69764.0,8.634040576118942,32.98905818590858,62.86839766531357
26031,2022,25709,4045,59557.0,11.919096525400386,22.507265257039784,35.94261819513784
26033,2022,36670,6564,58408.0,16.46741926697134,22.865948813982524,23.52891355065229
26035,2022,30998,6112,47816.0,22.128091063718436,12.164595318607,54.925252539570884
26037,2022,79249,17247,82594.0,9.554310795809782,32.24256707759246,139.68298172729658
26039,2022,13197,2310,57998.0,13.831833217939844,19.56952985518746,23.717908395711834
26041,2022,36839,7170,53852.0,13.248723961925782,19.69981238273921,31.456911230012278
26043,2022,25937,5119,59651.0,9.702691057229034,23.878794244302068,34.08511488301435
26045,2022,109072,22408,77158.0,7.608705792355844,30.277100192305213,189.62151148539056
26047,2022,34072,6282,69690.0,8.368996671421778,37.87721123829345,72.87395705672371
26049,2022,405280,90266,58594.0,16.249781441238916,22.786834336951596,636.2892754924695
26051,2022,25461,4793,53717.0,14.197751559210264,14.371573175875158,50.740754026616926
26053,2022,14597,2391,47913.0,14.103743542565988,22.36644591611479,13.244282012383227
26055,2022,95315,18772,75553.0,10.40393501266955,38.660847627194826,205.27161365907446
26057,2022,41534,8005,57934.0,14.117746574183727,18.128347862619474,73.07422310034994
26059,2022,45698,9779,59425.0,15.152958251128195,19.562595226003047,76.39864114806939
26061,2022,37414,7361,52736.0,17.27321143262915,35.773257691065915,37.076566171275225
26063,2022,31461,6013,54475.0,11.261217794075074,16.594901825697555,37.632009875397266
26065,2022,282540,55421,62548.0,16.536363018919182,40.640596373744394,508.0859649659136
26067,2022,66663,14154,71720.0,10.341978133740147,16.84460773719473,116.68241965973534
26069,2022,25319,4170,46224.0,15.078856776879354,16.32684269548374,46.078361787663546
26071,2022,11585,1988,52241.0,14.694827277608734,19.854423292273236,9.934859565593227
26073,2022,64938,11205,52638.0,23.60619245168471,30.653837622005327,113.38920900995285
26075,2022,160637,33839,62581.0,12.114141782388229,22.481539614026328,228.8612146796467
26077,2022,261426,55928,67905.0,13.36246640764763,40.48248593052591,465.20806826169354
26079,2022,17934,3666,56380.0,14.715813168261112,17.34144088669951,32.039646695632285
26081,2022,657321,155537,76247.0,10.731856700295873,38.5889094354268,774.2926103534916
26083,2022,2088,313,55560.0,7.821497120921306,38.292964244521336,3.8658648576591523
26085,2022,12285,1833,45946.0,20.296864576384255,12.15515453225472,21.64399200837218
26087,2022,88687,17918,75402.0,10.163406214039124,19.10813018346318,137.07779029742667
26089,2022,22426,3508,82345.0,6.676270652320714,48.63910716319326,64.5911998594466
26091,2022,99263,20511,65484.0,11.079659902889977,22.480140455906056,132.41457877001966
26093,2022,194302,40104,96135.0,4.857169539186287,38.13937347725186,343.7251783619886
26095,2022,5442,1023,51015.0,18.26857532379005,17.284848484848485,6.052887690125963
26097,2022,10843,1652,60620.0,15.811203903537582,25.722679200940068,10.610845315345554
26099,2022,878453,182534,73876.0,9.81591566986402,26.80073366489343,1832.599697923012
26101,2022,25058,4254,59467.0,11.254589188504873,22.52058530445272,46.204766514543856
26103,2022,66376,11749,63115.0,13.565059838840412,34.68497978177875,36.69106067214247
26105,2022,29178,5854,60744.0,13.680194242108914,24.20301422602,58.949146310172964
26107,2022,40128,7814,54132.0,17.967818042043316,23.74934175882043,72.28251569381524
26109,2022,23433,4177,54074.0,10.754189944134078,16.655255049640534,22.444520856939526
26111,2022,83503,17607,73643.0,10.146532629067986,35.62313514606969,161.2465941501451
26113,2022,15089,3366,57667.0,11.203957483789024,16.862376702677313,26.71621918312712
26115,2022,154823,32602,72573.0,10.905004279675138,22.597605792671832,281.82789572460695
26117,2022,66901,14136,61250.0,12.295452772794633,14.364419301726686,94.85077176750141
26119,2022,9261,1396,46345.0,18.528670101962504,15.189528224706844,16.940595417752778
26121,2022,175947,39748,61347.0,12.92081191946815,20.693713937657936,349.16076949638233
26123,2022,50130,11097,59065.0,15.218883773523947,18.257956448911223,59.75775044791492
26125,2022,1272264,260597,92620.0,7.699791621073865,49.534252919188916,1466.767658950441
26127,2022,26707,5837,60691.0,13.927714514224778,19.595744680851062,49.63157748023155
26129,2022,20820,3772,50377.0,17.069109075770193,14.568734870684164,36.94745192128524
26131,2022,5862,676,48316.0,13.682577976908494,15.207562679819153,4.471470917132095
26133,2022,23022,5169,54875.0,15.677704194260485,16.53737224479744,40.65436899375934
26135,2022,8264,1620,48692.0,13.898718730933496,13.782467532467532,14.609121154587271
26137,2022,25221,5263,62865.0,10.665755407252552,26.25883392226148,48.972244983553594
26139,2022,296183,69256,83932.0,7.555569522133535,36.497394229275685,525.5944775695627
26141,2022,13083,2051,55986.0,12.703683682137617,19.834871296745995,19.861336507179868
26143,2022,23556,3424,49898.0,16.17039586919105,18.510683308652425,45.308974662288875
26145,2022,189821,40593,56579.0,18.213727912406057,22.876674703207495,237.03743478445466
26147,2022,160257,32905,66887.0,11.850050530570995,19.895287958115183,222.120118421928
26149,2022,60887,14794,62281.0,12.869750913428652,17.18176291793313,121.61832853946949
26151,2022,40759,8605,55740.0,14.952060764537418,15.272139269249294,42.34388943776615
26153,2022,8062,1401,55071.0,16.00201283180274,20.135637009526885,6.879567462769098
26155,2022,68124,14196,62498.0,11.00947451400354,19.176613684622836,128.30175886637022
26157,2022,53218,10785,59815.0,12.29932232509306,15.304664154865533,66.12245912231002
26159,2022,75636,17430,65531.0,14.153792697920565,22.22094669574867,124.44368395160852
26161,2022,370231,67596,84245.0,13.78694918346866,57.41527592914918,524.4042872339069
26163,2022,1781641,420181,57223.0,20.190559730200196,26.497813985515062,2911.9631926908396
26165,2022,33766,7731,58652.0,13.301070097390886,19.8549064528446,59.770766030889064
27001,2022,15859,2583,56406.0,12.35681832725411,18.34262175914708,8.70718673700936
27003,2022,363985,86079,95782.0,6.337549676771655,31.453361385025534,862.5788853789223
27005,2022,35202,8421,68683.0,10.876430537447487,26.30643294195469,26.768828557675562
27007,2022,46274,11503,62173.0,16.14248675459362,31.440303441556182,18.475287695691563
27009,2022,41300,10561,70346.0,9.32297447280799,23.64802933088909,101.1503711704298
27011,2022,5161,1095,63024.0,10.472567080496596,20.3416978109984,10.34001230142909
27013,2022,69022,13549,70906.0,16.40409339779469,35.16358884587885,92.29563701132334
27015,2022,25880,5618,67038.0,7.730753728335349,23.93722124992943,42.349237206455804
27017,2022,36362,8022,74660.0,12.727641217174787,25.09764099359475,42.22292151218487
27019,2022,107216,27700,116308.0,3.783156842591632,49.76200901117216,302.97361527527767
27021,2022,30288,6258,61970.0,12.230890280242408,24.84804826437351,14.983200294440069
27023,2022,12466,2910,62112.0,11.21771217712177,19.788642434095923,21.447878008956977
27025,2022,56927,12837,97446.0,6.256872465074357,23.572470694772854,137.2065557965775
27027,2022,65307,16118,75006.0,14.74871662831303,36.686064011237086,62.484213185147766
27029,2022,8541,2127,62723.0,11.251640615678319,18.263421370619714,8.549523875303677
27031,2022,5611,839,71937.0,8.583768220262732,46.401599289204796,3.8627927213447006
27033,2022,11481,2834,63586.0,12.857396554786005,22.512820512820515,17.939819336128245
27035,2022,66558,13935,65975.0,10.432488486290298,27.15705434737411,66.66740120537803
27037,2022,439179,105529,101360.0,5.642111250507446,44.120968039161156,780.6835573995169
27039,2022,20893,5301,92890.0,4.937193850332218,30.30368451352907,47.5493632167794
27041,2022,39081,8385,72472.0,8.511024643320363,28.405351266275574,61.36340083972126
27043,2022,13931,3037,64000.0,11.426262032478506,21.403331650681473,19.552856996486913
27045,2022,21251,5199,73234.0,8.714333993144402,23.294908741594618,24.672223170365005
27047,2022,30857,6745,65679.0,9.545004945598418,17.07272644473792,43.62985952534129
27049,2022,47697,10537,78338.0,9.087024336046836,27.790135539935346,63.031823161489235
27051,2022,6091,1395,67600.0,10.108243130724397,19.03664438810786,11.119021540708289
27053,2022,1270787,275165,92595.0,9.842650846328306,52.568080867371414,2293.8145074241074
27055,2022,18826,4094,71580.0,7.192812567247686,26.680017801513127,34.098092238364245
27057,2022,21479,4529,67197.0,10.13813984293689,29.589881180528938,23.19516377757524
27059,2022,41257,9583,84063.0,8.786180910670158,19.700609225413405,94.67370078089682
27061,2022,45054,9166,63962.0,11.760818540209193,24.67274890916303,16.88988957129731
27063,2022,9990,2157,68368.0,9.736761866043297,23.076923076923077,14.211092333691811
27065,2022,16145,3456,68995.0,9.770404945124259,14.98176133402814,30.95224401372673
27067,2022,43686,10634,73285.0,10.900462799821458,25.89614283767207,54.78795783612273
27069,2022,4191,911,66000.0,10.995284189625217,27.205635692720563,3.813466787989081
27071,2022,12072,2138,59779.0,11.69516033001616,17.077715663707114,3.888290871985946
27073,2022,6736,1411,66967.0,8.674478770354588,20.78054760931753,8.804987052643
27075,2022,10915,2075,73860.0,8.603456328818309,26.05410675115769,5.17517358048995
27077,2022,3786,702,61667.0,10.68559185859668,21.231933929800412,2.9175750373944345
27079,2022,28795,6723,87180.0,7.445726510714411,24.661382562456104,64.16956185526806
27081,2022,5630,1318,64750.0,9.117647058823529,22.351748606183477,10.488351037471173
27083,2022,25352,6604,68919.0,12.364247366911192,27.509109999382375,35.48657565463018
27085,2022,36727,8200,73296.0,7.121620877608324,18.913205183416203,74.72279302557425
27087,2022,5389,1691,52739.0,20.561989747484336,13.707934547699907,9.660008568350522
27089,2022,9017,2100,69396.0,7.412017653049678,18.50736808746633,5.079828287494507
27091,2022,19960,4377,61674.0,11.703478040111703,23.077463798678476,28.020681396710238
27093,2022,23352,5614,75926.0,7.558342041100661,20.031397174254316,38.40991631138481
27095,2022,26680,6264,68088.0,10.986950365466305,16.658535263186426,46.61841742005151
27097,2022,34023,7859,66264.0,10.307305990673203,17.468557440702288,30.24013993497432
27099,2022,40082,10159,66972.0,11.870229007633588,23.98695505491622,56.35248350492708
27101,2022,8170,1780,71500.0,7.396817503729487,21.582115219260533,11.594128858027975
27103,2022,34380,7451,79113.0,10.342994715942845,34.90549135537042,76.6526129444369
27105,2022,22194,6146,62973.0,12.24105461393597,17.045617045617046,31.035480907320064
27107,2022,6457,1534,65278.0,8.940502704422526,21.8686981850773,7.398122570289039
27109,2022,162307,39178,90420.0,7.87237111979477,47.66367055523682,248.36230258496823
27111,2022,60072,13009,67990.0,8.657495256166984,26.559985070797083,30.46811402719063
27113,2022,13995,3148,71504.0,9.625862695241555,19.65759075907591,22.699993511970415
27115,2022,29090,5631,65059.0,10.637989191541838,15.396085740913326,20.61166114117323
27117,2022,9380,2541,68341.0,13.035908596300327,20.515695067264573,20.169744093683946
27119,2022,31128,7629,69540.0,11.559999999999999,26.665713468687446,15.793006490617195
27121,2022,11312,2379,71212.0,9.618678445866763,22.39114570664072,16.769598875701575
27123,2022,547202,126500,78108.0,12.893376468074418,44.724197160437456,3594.125412974798
27125,2022,3912,953,73889.0,9.307692307692307,17.33723482077542,9.047032078574121
27127,2022,15428,3863,65617.0,10.07361230850852,20.003858024691358,17.560293794596465
27129,2022,14707,3419,66313.0,10.392964333077407,17.958706661472537,14.962788875832354
27131,2022,67152,14405,78214.0,9.245942403978628,29.952353282975015,135.42941846746461
27133,2022,9659,2423,75060.0,8.794130157379838,27.419852034525277,20.02035406117411
27135,2022,15294,3653,70122.0,10.387452648368447,19.97144217039505,9.1485572807717
27137,2022,200122,37449,66491.0,13.726660060493181,31.670641614798438,32.02917487447416
27139,2022,151347,40155,118268.0,5.0307520361930385,42.876430043345415,425.00070203027155
27141,2022,97820,25375,99431.0,5.815410315305909,27.26592927247235,225.93989564542542
27143,2022,14950,3426,74781.0,8.633968382650993,17.849937554039773,25.38885709385046
27145,2022,158622,36804,73105.0,12.671691572340258,28.4452567414411,118.12110723551542
27147,2022,37396,9179,79722.0,8.461204793146452,28.352703185117605,87.05895499455241
27149,2022,9682,2121,69737.0,11.712482618461866,28.6134163208852,17.177052082908283
27151,2022,9806,2246,58362.0,10.721692243882206,22.879742200087886,13.215152548357404
27153,2022,25277,6026,63216.0,12.004338917681089,14.835916134913399,26.745374553749983
27155,2022,3345,721,63456.0,8.412942989214175,16.18966253737719,5.828825940279366
27157,2022,21460,4633,75063.0,7.571543067276414,26.700284458236357,41.038625263423604
27159,2022,14108,3708,54747.0,11.93227236392704,18.36320956039266,26.303866713153987
27161,2022,18953,4369,71856.0,6.614764507757716,21.966687041564793,44.76772887569296
27163,2022,268651,64842,110828.0,4.66765975901797,47.89085019353776,698.306291881326
27165,2022,11205,2743,65197.0,13.265213852970431,18.189028420356905,25.761759478741087
27167,2022,6454,1398,67114.0,13.537877589751702,24.208194905869323,8.593440012356233
27169,2022,49792,8826,66162.0,14.021727438958804,31.795615731785944,79.51745273301319
27171,2022,142543,39153,102980.0,4.792949670843067,33.085850367991725,215.59923042949535
27173,2022,9569,2221,70605.0,10.012768674185997,19.38898971566848,12.60570069068543
28001,2022,29425,6368,37271.0,27.193206254328096,20.288641513151415,63.64308826328448
28003,2022,34717,7893,47716.0,17.120473022912048,17.61602060742033,86.78295387507374
28005,2022,12683,2600,34866.0,27.054140127388536,9.240201445149989,17.371592932475004
28007,2022,17842,4494,42680.0,23.56150223957735,16.188524590163937,24.276250175180316
28009,2022,7637,1605,38750.0,17.62208067940552,11.000369139904024,18.78184823027131
28011,2022,30688,7516,37845.0,31.771765448994632,27.169359664871333,35.01169984951632
28013,2022,13193,2985,44505.0,18.755315036722074,11.957349581111957,22.491659179675846
28015,2022,9930,1771,42285.0,21.844863731656183,17.994858611825194,15.802338682470065
28017,2022,17024,4223,40224.0,26.62140865559462,11.274851761423092,33.927083873076356
28019,2022,8208,1739,41887.0,19.1344246031746,17.329397464837644,19.627113537399836
28021,2022,9044,1942,34282.0,30.423846057099734,22.289509669857395,18.555030107813668
28023,2022,15553,3472,46329.0,20.58728203798535,12.678936605316974,22.489213043830322
28025,2022,18598,4214,37412.0,23.009719340395325,18.01115387636478,45.353011178524746
28027,2022,21264,5658,36075.0,36.97075512876473,20.032755155214772,38.444988446977234
28029,2022,28210,6352,46889.0,23.431564194297938,21.340673575129536,36.292994204185085
28031,2022,18323,4459,40164.0,23.614042884123986,15.709126723571899,44.27781228024813
28033,2022,186214,46894,79666.0,9.801562135822344,27.447696693924566,390.92172496462655
28035,2022,77917,17491,49340.0,22.837492045869944,28.664267569856055,167.18879414301716
28037,2022,7690,1774,43942.0,23.771895166600817,16.482679862961554,13.635622131909127
28039,2022,24547,6478,51349.0,20.929353985644124,16.013618074899412,51.27889098718184
28041,2022,13672,2550,50000.0,18.383390445474703,11.357285429141717,19.182364347067224
28043,2022,21474,5134,45745.0,22.210065645514224,22.077212162623848,50.87154898346923
28045,2022,46010,8952,63623.0,13.741278687085876,24.365301147511744,97.0748833244719
28047,2022,208748,49470,55211.0,18.38235294117647,24.80149662972695,363.90387615818423
28049,2022,226541,53524,48596.0,21.044676696910532,31.323833056900114,260.4383539596135
28051,2022,16848,4204,28818.0,34.983127109111365,14.748301851679537,22.265863502644468
28053,2022,7744,1998,31907.0,32.06116847470919,18.623402163225173,18.496226234833284
28055,2022,1206,126,17900.0,20.63305978898007,5.162523900573614,2.920238268197007
28057,2022,23888,5053,57252.0,10.417787340864264,15.259111083328126,44.83525558610723
28059,2022,143721,33066,60045.0,15.664083669404501,23.59649477859629,198.8323591464047
28061,2022,16320,3701,43914.0,17.2094172897485,14.90151046727321,24.130910187768645
28063,2022,7207,1561,31544.0,31.78306092124814,19.732034104750305,13.861401372869198
28065,2022,11291,2242,36473.0,23.076234788833215,14.16005946481665,27.643801138951048
28067,2022,67152,16642,49451.0,21.261044054140662,20.743090167648393,96.64313623901734
28069,2022,8980,1635,42947.0,22.024030719682894,16.54300168634064,11.720452842797142
28071,2022,56172,10106,59748.0,19.63902189119426,45.08054522924411,88.9223789253392
28073,2022,64425,15736,67972.0,16.845417964896896,33.601883699993074,129.74001651328112
28075,2022,72741,17065,45649.0,24.845523782152608,20.427519818799546,103.37315290887543
28077,2022,11933,3007,41096.0,22.51405555089368,13.900568884491715,27.71236547902704
28079,2022,21335,4890,46669.0,20.967351874244255,16.94434842723816,36.60166375877728
28081,2022,83343,20777,64479.0,13.453007702057132,28.319797870420505,185.2210727501028
28083,2022,27920,7772,33115.0,32.2037100003778,19.224360815857512,46.99751209445288
28085,2022,34855,8044,47069.0,22.331820297951584,19.184903134022342,59.458518919084895
28087,2022,58547,13878,53687.0,18.086873542093727,26.110654051830522,115.83189566483595
28089,2022,109257,26665,79105.0,9.793239373768175,49.54664627485252,152.97644383708948
28091,2022,24362,5687,38399.0,22.817992254989576,11.267690093547614,44.91535735751238
28093,2022,33980,6988,51431.0,19.51319611062003,13.984981437732028,48.117702868228584
28095,2022,34168,7713,51190.0,16.73744766723894,16.07452156647374,44.65868157032096
28097,2022,9803,2223,36845.0,24.192546583850934,16.87518617813524,24.08711954612132
28099,2022,28970,7992,47400.0,27.997037350544918,15.313480486596575,50.8126159815061
28101,2022,21275,5098,49160.0,23.457875457875456,16.165909424007037,36.82261107361061
28103,2022,10261,2548,42298.0,23.202938840349482,13.355292708489294,14.760673113162763
28105,2022,51388,8934,42953.0,28.47942056642234,44.44827850624952,112.14235366260839
28107,2022,33157,8146,47894.0,20.424185253932993,16.037948949627285,48.39201663808517
28109,2022,56351,12686,54220.0,15.764380470583953,15.936853002070395,69.45603393979434
28111,2022,11511,2549,48333.0,20.58613295210865,10.78393387575875,17.78359354964297
28113,2022,40098,10268,40131.0,30.67762019168669,16.737468139337295,97.99479453059129
28115,2022,31202,8213,54414.0,16.701150911677225,17.85452948924338,62.67815424667496
28117,2022,24945,5510,51578.0,16.319810882688166,18.481349374282086,60.11060640746051
28119,2022,6113,1395,31192.0,30.224700118263222,14.374700527072354,15.093379949236072
28121,2022,157185,35499,76460.0,9.488051912154736,32.73764153802357,202.6896334732868
28123,2022,27943,7607,44968.0,21.86366932559826,11.084296778538556,45.866017980043694
28125,2022,3910,935,41000.0,26.909950118141246,16.049382716049383,9.056796071527842
28127,2022,25889,6142,50867.0,17.056803378991827,16.46351834004195,43.94184990622322
28129,2022,14310,3287,51983.0,18.2139324572559,14.479591836734693,22.490522861435746
28131,2022,18360,3973,55894.0,20.821481397201048,14.291740487640258,41.213508872352605
28133,2022,25867,5543,37403.0,28.68441270845573,17.354293172918677,37.07153902708528
28135,2022,12621,2573,35428.0,25.66547806617464,11.672973282880404,19.5495593178333
28137,2022,28094,6388,61286.0,16.673690663192982,18.058974779801957,69.40851807106876
28139,2022,21769,5180,47968.0,18.89270749964691,15.845193858234593,47.54904744638746
28141,2022,18837,4057,45545.0,19.218522316368936,14.795766249254621,44.3957887988838
28143,2022,9787,2791,41676.0,31.36230672795654,16.917111003393117,21.55109770330082
28145,2022,27880,6985,55970.0,12.317312586344798,17.69122731201383,67.0826044797128
28147,2022,13888,3194,37145.0,20.273912726742914,18.277378526225462,34.3823651739914
28149,2022,44341,10519,54117.0,18.117582492968374,26.753350404043765,75.34144161594742
28151,2022,44604,11303,38394.0,29.291309725594395,20.599046970728388,61.610117518357065
28153,2022,19760,4842,34875.0,22.081553792963188,19.841332804442683,24.373516743224506
28155,2022,9942,2357,55657.0,15.771265771265771,17.912657290895634,23.606342512786174
28157,2022,8531,1780,34928.0,21.513034130610052,11.467143786597267,12.58062898720849
28159,2022,17741,3894,45516.0,25.976280011570722,17.406115662259715,29.21526683364869
28161,2022,12499,2727,47006.0,20.535056860018,12.342372503068853,26.755802727597715
28163,2022,27467,5824,41867.0,29.133404293063688,11.874903235795015,29.779723073620435
29001,2022,25299,4599,51020.0,23.587074387334635,34.294779348139606,44.59356558157244
29003,2022,18069,4142,68774.0,7.57584285473068,26.11580693577692,41.76528781967122
29005,2022,5270,1092,58521.0,11.598685482312005,21.311900440757064,9.629352165690637
29007,2022,24873,5615,51745.0,18.098681412165035,15.366866635902168,35.93066088840737
29009,2022,34701,7783,55592.0,18.48714953271028,14.900675814048741,44.595834586350215
29011,2022,11683,2757,48105.0,22.208716791109566,18.3068650744029,19.733797273786802
29013,2022,16101,3795,54122.0,19.10019144862795,13.876592284759237,19.2435484333617
29015,2022,19616,3396,50229.0,17.53498218619301,15.046877063251024,27.862330316902757
29017,2022,10658,2276,52306.0,14.918282022044849,11.69905462184874,17.248634092027242
29019,2022,184043,36938,66564.0,17.80285886161162,49.717142599765786,268.45996869671256
29021,2022,84544,18996,58303.0,16.5747086621966,23.34950101193384,207.08930089234755
29023,2022,42280,9869,47245.0,21.111003487020536,13.902396964993965,60.85589761009621
29025,2022,8876,2092,58269.0,16.096207215541167,16.814741691345837,20.816476818334262
29027,2022,44517,9244,70599.0,9.47464168940679,24.870415964753143,53.341369427056875
29029,2022,43227,7533,59834.0,13.45552814005405,22.555458039524257,65.89120109262298
29031,2022,81703,17408,65070.0,14.520961917688938,33.63329796908154,141.22834765443366
29033,2022,8513,1890,59101.0,9.427009034712315,20.74396782841823,12.255586491645817
29035,2022,5299,1163,45737.0,20.597302504816955,14.835471277189068,10.444281071194165
29037,2022,108205,25643,82473.0,6.958538706871558,27.860063361403697,155.32970148503836
29039,2022,14314,3450,43589.0,18.344328580549053,17.332929537653946,30.16839842350412
29041,2022,7417,1667,61910.0,13.287785833798104,21.446336330591162,9.873824845775568
29043,2022,89568,22537,75787.0,8.66778746883004,31.874298540965206,159.20284818957597
29045,2022,6693,1645,53362.0,10.90578612541654,12.915129151291513,13.263813747755675
29047,2022,253085,60177,82264.0,8.25615189307443,34.94633636943784,636.4532540003872
29049,2022,21155,4956,66494.0,11.304389960267468,22.339045538335494,50.49649114431661
29051,2022,76890,17032,70667.0,9.395871071226097,35.79631676564812,196.37439087927916
29053,2022,16893,3755,62239.0,13.043478260869565,23.345158778229642,29.91235059760956
29055,2022,23023,5141,52367.0,14.660870336689882,13.589410527617988,31.00836793597647
29057,2022,7598,1533,46806.0,17.03873050026896,14.396536171748151,15.505806003959103
29059,2022,17158,4102,46547.0,20.60197504582816,13.316561844863731,31.718214773611656
29061,2022,8418,2112,59706.0,13.777561213302473,20.08182141586624,14.944557077982253
29063,2022,11838,2143,67910.0,10.342968075927523,14.611767404518867,28.094874192491893
29065,2022,14509,3282,51410.0,16.816565572056057,17.294704903592052,19.27437792340464
29067,2022,11803,2635,47848.0,19.62280325760823,15.748495930163973,14.506718713704013
29069,2022,28174,7233,44868.0,21.988017827135238,13.637095475768799,51.99027881064902
29071,2022,104858,23628,70111.0,8.087801576173668,21.376345263849714,113.645280368666
29073,2022,14801,3057,62638.0,11.89801699716714,19.34699223500795,28.518029691428794
29075,2022,6219,1552,53799.0,15.203426124197003,21.147892355322696,12.655111085787775
29077,2022,299188,62116,54968.0,14.586365862894347,32.39186604817708,443.0255475479359
29079,2022,9878,2473,51045.0,16.530740276035132,14.994751836857102,22.692760967899783
29081,2022,8190,1977,51809.0,16.49277184160905,16.91842900302115,11.33537342373951
29083,2022,22064,4799,54903.0,15.036866359447004,15.88332696471787,31.658574101495688
29085,2022,8452,1427,33302.0,17.57081132981277,10.064935064935066,21.193155603699022
29087,2022,4274,859,55153.0,9.442163728567978,21.06948447006084,9.237226411465054
29089,2022,10142,2225,59023.0,12.843450479233226,26.405009163103237,21.86713698331828
29091,2022,39960,9598,46401.0,22.961603181887718,17.974683544303797,43.098566940292955
29093,2022,9538,1993,53401.0,19.52707856598017,18.836363636363636,17.333529603117054
29095,2022,715526,166524,65169.0,13.879949291543811,32.96181706719483,1183.626679018064
29097,2022,122788,30263,54963.0,18.482853656309405,24.741362241362243,192.30516236339204
29099,2022,226984,51693,77217.0,8.273268987172397,22.76168813477707,345.87458343555386
29101,2022,54025,11730,62503.0,12.318942766776123,28.426927101499828,65.14836704005133
29103,2022,3772,896,49167.0,12.675296655879182,15.972778222578063,7.483978492490229
29105,2022,36060,8916,49202.0,17.058541942387293,16.884929594810952,47.160249376493375
29107,2022,32858,7561,78397.0,9.194301078591959,22.859641451683427,52.29833832049405
29109,2022,38231,9645,52225.0,14.651212477299433,15.331969792322214,62.495708947294425
29111,2022,9987,2150,49779.0,16.46354733405876,14.97880357983985,19.775532753288
29113,2022,60172,15142,82543.0,11.506928210861538,18.323104335775096,96.03518885601106
29115,2022,11892,2794,58435.0,16.74478057094163,19.613597456590853,19.31811536287257
29117,2022,14402,3135,58772.0,10.44210207022067,19.47872445453648,27.056018846408907
29119,2022,23381,5963,46494.0,16.911637558360713,11.83196300102775,43.34269480669948
29121,2022,15173,3524,54113.0,10.958168266971061,17.473401706124797,18.93765414224521
29123,2022,12649,3021,54042.0,12.059937162652059,16.095534787123572,25.585271427588967
29125,2022,8454,1732,56491.0,17.441583214115404,18.35724888668976,16.04232410656172
29127,2022,28525,6579,62492.0,14.15870925255186,24.723742641743264,65.28625246611523
29129,2022,3517,852,55592.0,14.930555555555555,20.480928689883914,7.749512488018774
29131,2022,24855,5800,53490.0,15.967623252391464,21.105819491230108,41.9441992800887
29133,2022,12305,2725,40833.0,23.6533308694447,13.683602771362589,29.895820173179526
29135,2022,15401,3845,66792.0,10.881934566145093,18.66589214832026,37.10789262540569
29137,2022,8668,1912,50245.0,16.480807606526586,16.382699868938403,13.384185414511371
29139,2022,11421,2544,58660.0,14.810810810810812,15.9920288952547,21.345788313923823
29141,2022,21169,4811,48841.0,19.71735879998071,13.87325830653805,35.421285567277685
29143,2022,16341,3845,44092.0,17.26437649427457,13.03376809004824,24.213049946361153
29145,2022,59019,13945,60313.0,14.89972337482711,22.195115879614647,94.46758244044855
29147,2022,21140,3514,53917.0,19.441713099530208,26.0486711495357,24.10589260220488
29149,2022,8783,2027,41365.0,23.00069946374446,14.301948051948052,11.119917350767999
29151,2022,13374,3080,70313.0,7.646968769136558,23.07182320441989,22.048204688581883
29153,2022,8688,1676,39125.0,22.47177935528919,10.378510378510379,11.66165104710566
29155,2022,15555,4007,37426.0,29.25192232503584,11.637176745090414,31.577024187736622
29157,2022,18970,4355,61486.0,11.335053208642373,20.294836541399327,39.99114587176271
29159,2022,43059,10716,57581.0,14.785313663571664,18.538205980066444,63.114523420048194
29161,2022,44843,9401,53242.0,17.66386554621849,31.55907082798917,66.75181270253815
29163,2022,17719,4023,53363.0,15.813982757535713,15.361640297061674,26.428951776373392
29165,2022,107033,25022,92543.0,6.964906823516104,44.31421718273005,254.94731125423988
29167,2022,31877,7268,54487.0,17.160250082263904,20.267558528428093,50.158372500302896
29169,2022,53726,11693,62541.0,14.514111573537104,26.940298507462686,98.19927181271842
29171,2022,4698,1064,50950.0,12.276882890727036,18.418688230008982,9.081472288751385
29173,2022,10356,2166,62615.0,12.338356830335439,15.761821366024517,22.044032721211956
29175,2022,24652,5383,51480.0,17.18577910921186,17.09332092157319,51.06968322792218
29177,2022,23122,5233,69779.0,12.182208025204568,15.129862060395178,40.63748941091283
29179,2022,6102,1133,43856.0,18.10970464135021,14.175314638993155,7.547524543060595
29181,2022,10839,2549,42541.0,20.584403498976364,11.858548258441903,17.217989693669423
29183,2022,406262,92678,99596.0,4.517805809037116,41.96622859760637,724.8194026415654
29185,2022,9330,1905,43483.0,15.73960539516219,12.360867018160516,13.822611303132977
29186,2022,18494,3945,61215.0,9.215566535280075,16.380028790059853,37.050763994206186
29187,2022,66814,14146,53083.0,17.61784566970432,15.501687503979964,147.85587515435307
29189,2022,999703,219288,78067.0,9.616784589587338,46.07893062662383,1967.9386608135906
29195,2022,23219,5122,55396.0,12.991020032235781,24.989822228253495,30.7328824237932
29197,2022,4066,1053,53728.0,10.209617755856968,12.359970126960418,13.231154715998763
29199,2022,4720,1398,58656.0,7.441961379908873,14.60827916524119,10.813114108135723
29201,2022,38055,9123,54621.0,15.565470624382163,21.168846288175715,90.60606421352126
29203,2022,7132,1557,46767.0,14.675866034210147,14.948353147534593,7.104859436950847
29205,2022,6049,1461,50387.0,14.854202401372213,17.559452318039874,12.077154830762105
29207,2022,28656,6267,51703.0,16.458702587734848,14.884737678855325,34.81294843417053
29209,2022,31314,5147,58392.0,14.074650077760499,20.61009155478918,67.51413282048406
29211,2022,5983,1340,53438.0,15.12388162422574,14.389711235137103,9.233281171390564
29213,2022,56202,11628,54467.0,16.406912051877235,23.81614165122504,88.89022447937013
29215,2022,24828,5330,42870.0,19.974358974358974,15.185143245385573,21.089523447102483
29217,2022,19777,4705,53318.0,18.144568186593823,17.75980832584606,23.931770796148555
29219,2022,35729,8377,75531.0,10.201300360580335,19.156436124954418,83.36405422431694
29221,2022,23580,5538,49364.0,18.597411837950816,12.273395394414504,31.03178718352973
29223,2022,11081,2176,42758.0,25.128440366972477,11.050460941290636,14.595896130855943
29225,2022,39265,10702,65103.0,15.696022727272727,18.369603854812592,66.26299650838814
29227,2022,1982,401,43536.0,16.572601334017445,15.642857142857142,7.433549988935937
29229,2022,18475,4806,43573.0,20.364724793525856,12.842606269489579,27.098422644454025
29510,2022,298018,55190,52941.0,20.1784405635984,38.61718112339542,4828.548282566429
30001,2022,9469,1628,55867.0,15.399134006883536,36.44028821094588,1.7083771824026868
30003,2022,13090,4321,52463.0,25.734834271419636,19.819698600645854,2.619144566175419
30005,2022,7030,2089,58507.0,20.191055145462443,23.77670572019297,1.6629146612538757
30007,2022,6977,1308,61679.0,9.148720913426796,22.263779527559056,5.851425619297544
30009,2022,10645,1860,66780.0,10.25420489296636,31.389260927797398,5.198309780196222
30011,2022,1332,242,46486.0,16.998468606431853,21.32796780684105,0.3987454486290431
30013,2022,84423,18833,61351.0,13.604315583102983,27.601481122607886,31.288567292489898
30015,2022,5897,1366,51791.0,15.054869684499314,24.515812699190977,1.4844481588513085
30017,2022,11957,2353,61114.0,11.107257435185987,26.63170163170163,3.1604608558275307
30019,2022,1535,286,47378.0,12.191872085276483,26.016949152542374,1.0762338126722149
30021,2022,8915,1920,68168.0,7.486125870823002,24.62230793956927,3.7585489597904824
30023,2022,9435,1215,46436.0,22.94645826405055,20.224719101123593,12.807408342529962
30025,2022,2941,755,79750.0,12.748864827104436,18.097686375321338,1.8147655644994585
30027,2022,11496,2266,58321.0,14.764800572348417,27.579365079365083,2.6492575234558156
30029,2022,105950,22956,68025.0,9.270873046130385,34.892409240924096,20.826686779801083
30031,2022,119685,22975,83434.0,10.599889069920614,52.885463698168046,45.93811280083735
30033,2022,976,219,61786.0,9.420289855072465,21.397379912663755,0.20870041226884717
30035,2022,13781,4067,41078.0,29.37578303485887,20.472627953924714,4.601103583759216
30037,2022,841,133,54792.0,16.05231866825208,23.394495412844037,0.7160963298573001
30039,2022,3368,530,53917.0,13.120243531202435,31.46067415730337,1.9500197433709172
30041,2022,16238,4513,58427.0,16.921424962102073,23.651079136690647,5.600476788958804
30043,2022,12273,2466,73875.0,5.05520046484602,33.266577659101024,7.406772613348123
30045,2022,2039,494,58750.0,17.508582638548308,27.27272727272727,1.0905568686095588
30047,2022,31509,7128,58009.0,18.99382000772499,31.94343727338651,21.14035399643199
30049,2022,71487,15237,71967.0,9.369739507546578,42.71446054241838,20.670654852660828
30051,2022,1993,526,48047.0,26.19532044760936,27.21936903888481,1.3937179892418676
30053,2022,20157,3637,44593.0,16.86069851465275,17.46001031991744,5.579701258858332
30055,2022,1746,295,79022.0,2.4376088218224026,21.343283582089555,0.6608067064689798
30057,2022,8742,1307,61226.0,6.841557841211141,31.63573586534312,2.4363489212843588
30059,2022,1948,298,55753.0,12.00861604738826,36.241610738255034,0.8144262141556307
30061,2022,4652,967,56098.0,14.143426294820719,26.047990748771323,3.814305943085505
30063,2022,118541,21733,66840.0,11.869364510979766,44.492288710672426,45.715614562078265
30065,2022,4924,921,54875.0,11.849413700884593,19.718309859154928,2.6346231429491724
30067,2022,17320,2877,67602.0,11.477226336968565,36.3447559709242,6.180242563815822
30069,2022,416,72,57981.0,6.25,23.8390092879257,0.2512646281615704
30071,2022,4233,994,61250.0,6.947771921418304,20.046235138705416,0.8234732479162218
30073,2022,5987,1400,59861.0,21.599592460519613,21.874241320708908,3.6852896802655724
30075,2022,1773,299,60313.0,12.694748990190421,25.491624180626367,0.5375665970124274
30077,2022,6998,1024,60994.0,5.233680957898803,19.38422299143742,3.0085441277500578
30079,2022,1283,290,44107.0,22.257806244995997,22.42105263157895,0.7387986776482592
30081,2022,44876,8421,67424.0,9.8064284592782,28.79741200213688,18.768975063227554
30083,2022,11366,2891,67515.0,8.328912466843502,14.158822749569136,5.4524800485091305
30085,2022,10799,3615,51038.0,31.548996913580247,19.83176965383371,4.586337733510802
30087,2022,8310,2415,57656.0,20.373307307551546,19.439033891702376,1.6593003183819923
30089,2022,12615,2213,47110.0,16.333601933924253,18.08466913275791,4.56998985654253
30091,2022,3700,805,67457.0,9.8369715390992,25.501324252743096,2.2063984362002
30093,2022,35306,7144,56297.0,15.91081982561882,27.658961914946122,49.173386815972364
30095,2022,8978,1856,78380.0,8.01754188687732,29.275007647598656,4.99681090148524
30097,2022,3697,745,64872.0,5.970556161395856,23.60200539915156,1.9924162075001508
30099,2022,6238,1545,65224.0,14.446437306375346,25.487890900540794,2.7460627148250407
30101,2022,5018,1036,54040.0,10.59542676024451,22.28474957794035,2.6205516423098456
30103,2022,680,118,70096.0,9.852941176470589,32.15613382899628,0.6954380288013614
30105,2022,7552,1710,59725.0,12.325612894487335,19.612951246743577,1.5330539380424535
30107,2022,2060,431,48272.0,22.671266633809758,20.69645203679369,1.448174000215117
30109,2022,1119,299,58750.0,17.80821917808219,22.509702457956017,1.2579097115351108
30111,2022,165524,38303,72300.0,10.712059398974219,34.26132309020589,62.85906117749281
31001,2022,31143,7578,61502.0,12.001482080301805,27.051074079535958,55.290727711408074
31003,2022,6302,1530,61924.0,11.071659134925758,20.475746268656717,7.352212021834973
31005,2022,485,154,66667.0,7.010309278350515,31.428571428571427,0.6781775063203347
31007,2022,670,139,62375.0,7.379518072289157,30.392156862745097,0.898076374023342
31009,2022,384,57,52083.0,11.458333333333332,20.80745341614907,0.540310847584501
31011,2022,5397,1277,66800.0,7.3465533522190745,17.98772351214305,7.861273360231891
31013,2022,10778,2724,67893.0,12.004155647903286,18.06564433683078,10.024545161143307
31015,2022,1767,324,57120.0,11.615871190339275,16.902457185405808,3.276056421589712
31017,2022,2691,515,44267.0,8.89894419306184,21.32796780684105,2.203202216465641
31019,2022,50103,11433,70093.0,11.788872205538873,35.16501224700271,51.74625404340228
31021,2022,6717,1539,54950.0,14.199486947336654,23.396146517044254,13.663908931684524
31023,2022,8373,1967,75690.0,7.8883199219702504,25.306828003457216,14.317984777415445
31025,2022,26749,6242,87673.0,5.635623835418489,31.272687869101155,48.03204889935159
31027,2022,8375,2147,72035.0,5.4305283757338545,23.302883754253987,11.314677737712936
31029,2022,3704,891,57313.0,8.202587393338838,24.396887159533073,4.141208038684071
31031,2022,5473,1318,62373.0,9.800295857988166,25.92691384369165,0.9182733374059726
31033,2022,9489,2158,54038.0,11.657363675397166,23.833182776272206,7.933893418773119
31035,2022,6088,1515,73933.0,8.729226120530468,21.573786175556087,10.637981858816088
31037,2022,10563,3182,71205.0,10.224414780421744,12.825955124317767,25.67199727798571
31039,2022,9000,2208,68917.0,7.654097990517046,23.954931417374265,15.775911935353818
31041,2022,10566,2536,62288.0,11.318395999615348,25.803363872555725,4.102571270818627
31043,2022,21308,6202,66112.0,11.19406533834229,14.260235732009926,80.62782848234421
31045,2022,8279,1489,53760.0,12.967446865751949,36.03012164510523,5.928659867935324
31047,2022,24037,6558,67462.0,14.224355735219806,16.022954413566318,23.710132118612805
31049,2022,1858,311,58875.0,7.146724417975095,20.801124385101897,4.224407434775195
31051,2022,5579,1392,60568.0,9.44221655122129,22.22222222222222,11.729927820680752
31053,2022,37175,9106,66793.0,9.05625730343331,21.67656925750778,70.29496466815293
31055,2022,582638,147728,76083.0,11.006301972890485,41.22717001335877,1784.594556514601
31057,2022,1825,430,58977.0,12.465219810795771,26.282051282051285,1.984390188739972
31059,2022,5557,1057,72335.0,7.0041090773253645,22.84816247582205,9.65813302744321
31061,2022,2901,560,55625.0,14.902654867256636,19.197046608214123,5.038067716075968
31063,2022,2491,509,62928.0,12.374161073825503,23.404255319148938,2.5557761464313016
31065,2022,4630,1019,58895.0,11.150286469810489,21.400304414003042,6.43767276044071
31067,2022,21654,4892,60035.0,13.351857956953797,20.003955957011936,25.43137264113273
31069,2022,1778,414,47139.0,9.605488850771868,23.053199691595992,1.0429216823300442
31071,2022,1833,384,64957.0,12.157534246575343,31.872213967310547,3.2194268612256653
31073,2022,1873,350,76583.0,6.539509536784741,28.096885813148788,4.087743535014262
31075,2022,649,144,65139.0,10.793650793650794,26.96629213483146,0.8355907588039593
31077,2022,2212,519,52813.0,12.471237919926368,17.133550488599347,3.881886751394285
31079,2022,62575,17054,63553.0,12.755598831548198,21.288187879390986,114.49508718643077
31081,2022,9400,2298,73254.0,5.5093442800043215,24.949258391881344,17.342213530616387
31083,2022,3094,712,64583.0,7.349081364829396,24.528301886792452,5.590225957872751
31085,2022,919,203,59405.0,14.689880304678999,18.06167400881057,1.2888025635811602
31087,2022,2620,635,49456.0,12.364341085271317,18.83116883116883,3.690395534339694
31089,2022,10149,2561,66325.0,9.866906834784348,27.48512552604847,4.2079713879505825
31091,2022,659,144,43333.0,8.146964856230031,27.142857142857142,0.9140514254486342
31093,2022,6476,1563,70766.0,4.872715914415117,22.303758060929507,11.376052671334667
31095,2022,7185,1581,54494.0,11.09846328969835,19.26871735345328,12.601239604196554
31097,2022,5294,1005,64352.0,6.131420638593244,19.012797074954296,14.076567593582318
31099,2022,6655,1719,74276.0,9.461938245184959,30.879712746858168,12.89246464016366
31101,2022,8303,1685,59511.0,11.93119433939246,19.9021207177814,7.817803651949084
31103,2022,987,274,63977.0,8.611955420466058,28.751974723538705,1.2770483234050483
31105,2022,3395,656,53151.0,10.03012048192771,11.532322426177174,3.5663937508797803
31107,2022,8415,2035,61250.0,11.958637469586375,18.9165650583522,7.593154881410531
31109,2022,322063,72513,70387.0,11.801716413323716,40.85421961810305,384.5252877405798
31111,2022,34532,8020,63019.0,10.97333056453766,20.199313290344193,13.467283377662687
31113,2022,839,242,69250.0,9.232613908872901,25.268817204301076,1.4701295606432825
31115,2022,629,141,50000.0,7.94912559618442,19.522776572668114,1.1165528516475811
31117,2022,456,86,58250.0,7.675438596491229,17.404129793510325,0.5306898152943408
31119,2022,35538,8981,61139.0,12.15954152073866,24.457152685213053,62.0629675941126
31121,2022,7675,1685,57873.0,10.244161358811041,17.417693581018945,15.734100870449412
31123,2022,4562,1055,57325.0,9.52488178338212,19.44977607165707,3.2043132500670786
31125,2022,3366,763,60054.0,13.605857230018303,18.9873417721519,7.622368912691493
31127,2022,7019,1538,57196.0,15.326902465166132,30.475363577165183,17.232955480099484
31129,2022,4092,805,66000.0,6.273245722787007,26.82119205298013,7.1146038893863395
31131,2022,15995,3849,73031.0,11.447426867187003,25.647101713452425,25.982147933367447
31133,2022,2553,603,55833.0,13.327980730630268,20.401337792642142,5.922403294090356
31135,2022,2860,707,61786.0,8.6848635235732,25.85241730279898,3.237810379786101
31137,2022,8966,2146,65114.0,14.493254929090279,26.690741956664475,16.610932535455245
31139,2022,7301,1843,65603.0,7.940273513815238,22.06477732793522,12.736175728173968
31141,2022,34219,8931,69943.0,8.207343412526997,24.577065571575236,50.68595415912477
31143,2022,5182,1175,67695.0,7.733175914994097,18.565869927737634,11.808619243810844
31145,2022,10690,2368,58344.0,12.163855421686746,24.390243902439025,14.905810337855739
31147,2022,7850,1658,50321.0,10.860256909303232,20.3984485190409,14.225111943476472
31149,2022,1312,294,57566.0,9.098228663446054,28.64864864864865,1.301211654175233
31151,2022,14275,3684,71104.0,11.322436849925706,21.931330472103006,24.86634881869601
31153,2022,191272,51233,95911.0,5.488142803608093,41.158761715421754,803.6739958907044
31155,2022,22374,5461,84474.0,6.665458335221351,29.088419405320813,29.885075894789146
31157,2022,36048,8868,60137.0,12.471164525959047,25.18904177513326,48.73847551651454
31159,2022,17644,4122,79677.0,6.76926850205408,30.957743940895575,30.876922807692985
31161,2022,5102,1111,53609.0,10.825466961237195,21.696801112656466,2.090837933422671
31163,2022,2970,617,60194.0,10.924081071796634,18.860055607043556,5.248490396322876
31165,2022,1162,267,50833.0,17.38382099827883,24.904214559386972,0.5622427388672793
31167,2022,5828,1408,76035.0,7.017543859649122,20.100502512562816,13.628508557571562
31169,2022,5006,1162,60305.0,9.671419714817112,22.50996015936255,8.724461430944128
31171,2022,592,87,70069.0,6.587837837837837,24.596774193548388,0.8308142260095376
31173,2022,6716,2373,63459.0,18.97909724325962,19.808743169398905,17.063354946238746
31175,2022,4053,896,62321.0,8.849335673101027,26.95258019525802,7.134432924360576
31177,2022,20884,5005,89671.0,7.968590955358441,34.303140773976445,53.558605691307115
31179,2022,9701,1878,64951.0,16.61653230658164,32.65194378536229,21.902572948369443
31181,2022,3410,778,62571.0,7.913017215342796,21.491045397750938,5.931332218961826
31183,2022,771,142,59167.0,10.246433203631646,24.713584288052374,1.3404429546770333
31185,2022,14212,3317,72914.0,9.312439079253206,25.269548832827383,24.82376038398927
32001,2022,25409,5646,69922.0,9.935483870967742,17.641013930121034,5.132968509887666
32003,2022,2265926,514745,69911.0,13.355677609117892,26.39487302731715,287.12916076856317
32005,2022,49476,7676,84262.0,7.477889600487954,31.331256597070258,69.63184183230429
32007,2022,53600,14147,87755.0,10.397036474164134,17.00790126304862,3.121123707019186
32009,2022,980,96,40694.0,16.135662898252825,24.284077892325314,0.2735986514378307
32011,2022,1622,422,73929.0,17.636138613861384,15.211521152115212,0.3884389829891505
32013,2022,17266,4555,75574.0,14.330874604847207,20.813122850339536,1.7909316993873534
32015,2022,5728,1506,92388.0,10.758936432470504,14.037363777893097,1.0378227319777498
32017,2022,4507,994,67412.0,7.183836368171614,15.34358330718544,0.4238537000349653
32019,2022,59435,12447,70026.0,10.350431691213814,16.112324058159523,29.672205378489735
32021,2022,4568,905,46625.0,18.473895582329316,14.649095923996322,1.2177167118556504
32023,2022,51698,8609,53602.0,15.293792449849944,12.53838533927687,2.8433750154136685
32027,2022,6587,1113,66304.0,9.819013938007073,10.053859964093357,1.091179141067911
32029,2022,4095,664,86932.0,9.08645603722753,31.35239318984902,15.523123578468535
32031,2022,486674,102705,81531.0,10.87938100253397,32.47802013126006,77.05568540474367
32033,2022,8997,1799,71297.0,9.24449249898635,13.304593429463358,1.0124157937764053
32510,2022,58249,11663,67465.0,11.177274853380348,24.305142067782885,403.0124399795204
33001,2022,63914,11470,80719.0,8.56997971602434,31.94389445822305,159.0505839287092
33003,2022,50679,7710,77049.0,7.999679852732257,37.54250850170034,54.38454538430501
33005,2022,76610,13695,76551.0,9.003649383736143,34.364002932551315,108.40388335227088
33007,2022,31430,4907,55247.0,11.610690392909294,20.411243931296152,17.513905807172062
33009,2022,90836,14548,79949.0,9.856880128265585,43.29157839796138,53.1640250286931
33011,2022,422733,84377,95112.0,6.8590526724160785,40.21260596343495,482.28012732022864
33013,2022,153918,28655,88806.0,7.247483794215262,36.8228668387516,164.98892163031582
33015,2022,315169,59565,110225.0,4.8449358283468245,43.57919964137313,453.22559538446717
33017,2022,130965,23574,83212.0,9.120307293291091,38.72307972499203,356.39644052575716
33019,2022,43356,7687,70788.0,11.699334146112726,30.148860573388873,80.60593891528903
34001,2022,274339,57543,73113.0,13.028810170135282,30.08147904563557,493.7902508738647
34003,2022,953243,199993,118714.0,6.769800273655852,51.652396397251096,4094.8975033077304
34005,2022,461853,95144,102615.0,6.583532528871354,41.07529757111471,577.8326879648686
34007,2022,522581,118366,82005.0,12.40810158951559,34.25545368321214,2360.7529747653166
34009,2022,95456,16688,83870.0,8.962179031282176,35.8503832791044,379.5150305541088
34011,2022,153588,36616,62310.0,15.517409402887413,17.348822895830125,317.73759774918284
34013,2022,853374,201363,73785.0,15.033860641341315,37.396788290606494,6768.351006876423
34015,2022,302621,64437,99668.0,7.4724794541268205,35.1711621503223,939.7934212814589
34017,2022,712029,143595,86854.0,14.157814417799596,46.62013490955593,15413.884920119495
34019,2022,129099,24549,133534.0,3.694532722440836,55.4746004992426,301.7495062348803
34021,2022,383732,82171,92697.0,11.223985158186085,44.15234710088899,1709.4414597421573
34023,2022,860147,185693,105206.0,8.354632089485973,45.114134864827385,2781.423910337044
34025,2022,643064,133992,118527.0,6.376274823020873,49.89332540704779,1373.4696841547702
34027,2022,508816,105429,130808.0,4.950840944253132,57.14083227027523,1103.6624911881136
34029,2022,638691,156270,82379.0,10.487046697730957,32.94154741246381,1016.5544573365803
34031,2022,519986,123033,84465.0,13.46280678886838,30.086597581040902,2793.626063083924
34033,2022,64840,14001,73378.0,13.032996123664557,22.77341336393327,195.383006740774
34035,2022,344978,73674,131948.0,5.292062053134092,57.265041816600515,1142.8145507789854
34037,2022,144808,28106,111094.0,5.541224535326352,38.96956662416018,279.28900958170675
34039,2022,572079,133658,95000.0,8.861916387209,38.30403197632601,5566.811980616157
34041,2022,109739,21240,92620.0,7.744388024085019,35.47512111425111,307.7878841423567
35001,2022,674692,142032,62220.0,16.41478506002828,36.61704378777331,581.0074532075489
35003,2022,3635,422,44777.0,21.03505843071786,14.905982905982906,0.5249713793113906
35005,2022,64701,16402,49673.0,21.78473038939279,17.533354092313587,10.664101168615788
35006,2022,27211,6459,49866.0,27.268164620492623,14.728597846187316,5.993633457739057
35007,2022,12370,2172,46286.0,18.08149405772496,22.072999025235568,3.291665513563684
35009,2022,48327,12799,55427.0,19.337520689216145,21.453484472466293,34.383617782407136
35011,2022,1695,431,34702.0,16.259678379988088,9.218612818261633,0.7296263151030065
35013,2022,219870,52448,51232.0,22.759625623493807,30.418924551896627,57.73625662029017
35015,2022,61264,16074,77458.0,11.764511818946605,18.235694651098278,14.669279157119847
35017,2022,28006,5298,44895.0,20.459583271760014,26.37260193317305,7.070067279998243
35019,2022,4413,819,38713.0,20.660304359040495,14.008240141259565,1.456545244988732
35021,2022,671,142,39489.0,14.307004470938898,30.573248407643312,0.3156936933715616
35023,2022,4160,917,53651.0,23.213844252163167,16.91884456671252,1.2098119236852964
35025,2022,73103,21913,65855.0,17.773531493276717,14.599649866396389,16.646279037570316
35027,2022,20222,3443,47919.0,15.721223651930105,24.27614028238662,4.18578319911656
35028,2022,19253,4144,135801.0,3.70854008879603,69.66729079648567,176.43393235156657
35029,2022,25393,6785,38241.0,23.285422588781678,11.865127582017012,8.56373835356203
35031,2022,72073,20192,44029.0,33.58104318564218,12.436036594820903,13.221822381832244
35033,2022,4208,648,40231.0,21.726687336036253,20.595167943429583,2.184556617550483
35035,2022,67850,15109,50833.0,19.363613753652924,20.9863307424283,10.260773358344315
35037,2022,8641,1881,38998.0,24.890051111375254,16.034482758620687,3.006658072238431
35039,2022,40285,9220,52031.0,21.826280623608017,18.23567661296149,6.873548211410108
35041,2022,19142,4630,52644.0,20.567454798331013,20.40103840300779,7.8256749348235175
35043,2022,149460,33624,76424.0,10.089534930758754,32.14158576830195,40.28360781134356
35045,2022,121798,31408,50734.0,24.503002778193675,15.74320256847597,22.07592502907255
35047,2022,27215,4620,43490.0,23.540322269021214,23.784467493043255,5.76403972030164
35049,2022,154481,26481,70522.0,12.330992213804713,42.170142314258015,80.86401658308817
35051,2022,11506,1843,35256.0,25.200071136404055,19.74258289703316,2.7518323625626433
35053,2022,16453,3580,40699.0,30.53493241956977,16.761708890343087,2.4754802872598303
35055,2022,34475,5838,55145.0,14.851253904767466,34.46581761838177,15.653570035593425
35057,2022,15203,3240,50727.0,21.30518234165067,14.52371987951807,4.544703132506061
35059,2022,4074,870,41714.0,17.814329523278506,15.524475524475525,1.065084116547496
35061,2022,76613,17594,56246.0,17.75865754595981,21.092404821121104,71.8194805876574
36001,2022,315041,57079,78829.0,12.546455379482902,44.415964502348416,602.501874206331
36003,2022,47222,9265,58725.0,17.052363670641466,24.503620649380984,45.86860105720607
36005,2022,1443229,355908,47036.0,26.91498993322348,21.215257510479553,34219.20049317147
36007,2022,198365,37879,58317.0,19.081221503552115,29.832464404402575,281.1092168791655
36009,2022,77000,16876,56889.0,17.423664377601973,20.200271043517542,58.86026649176759
36011,2022,76171,14810,63227.0,13.458005883734101,22.976487160039007,110.13911441622119
36013,2022,127440,25842,54625.0,17.543158632949794,24.289740951187866,120.17993040427758
36015,2022,83584,17589,61358.0,15.177855711422847,24.558486724913053,205.19820392651712
36017,2022,47096,9672,61741.0,12.424871362476757,18.26908919579493,52.712931882615905
36019,2022,79839,14325,67097.0,13.037564943013354,27.176293829082415,76.93464039061394
36021,2022,61469,10101,81741.0,10.271938605271938,36.39207728243177,96.85297551614006
36023,2022,46755,8843,65029.0,12.915855805764062,27.84040445446471,93.73985011247579
36025,2022,44637,7235,58338.0,14.799924766069497,24.995476204837445,30.94213487351968
36027,2022,296467,55027,94578.0,8.5741961580221,38.98172472331022,372.63229604752127
36029,2022,951232,191335,68014.0,13.752107971229224,36.383920591985316,912.2226239327633
36031,2022,37314,5915,68090.0,10.426136363636363,31.1787072243346,20.79791675259542
36033,2022,47459,9647,60270.0,17.87550368208976,22.1476708441712,29.128531586648467
36035,2022,53280,10634,60557.0,13.922888616891067,19.327557222294065,107.53643079158762
36037,2022,58204,11822,68178.0,10.446978175713486,23.16673445462593,118.06659959105514
36039,2022,48067,7778,70294.0,10.413168360583297,27.587910730461996,74.27363515415793
36041,2022,5090,665,66891.0,10.721363456202933,23.35037740443146,2.9638204285835736
36043,2022,60293,12343,68104.0,12.050022783656523,22.363006532908656,42.74322870069602
36045,2022,117445,27944,62782.0,12.794721171642392,25.218207414359455,92.62735324505296
36047,2022,2679620,604364,74692.0,18.973719542225727,40.402214123285965,38624.039667324905
36049,2022,26690,6112,64401.0,13.087895871958832,19.20995670995671,20.91186381981166
36051,2022,61980,11048,70443.0,11.707377034786731,29.46287896872762,98.12333967646845
36053,2022,68020,12723,68869.0,9.526168597682782,26.877667294902626,103.87111552263877
36055,2022,756406,154969,71450.0,13.448219819421169,40.48664485198996,1151.4010326603182
36057,2022,49624,11377,58033.0,15.110829120530505,19.776152030079572,123.10256976366311
36059,2022,1389160,297719,137709.0,5.384797883018524,48.22290333521997,4882.091220276796
36061,2022,1645867,235675,99880.0,15.794948281994559,62.750487129525176,72639.55335863712
36063,2022,212230,42089,65882.0,12.968903593948546,27.028780797944506,406.3000145496872
36065,2022,231055,49228,66402.0,14.433624990371241,27.315709487982886,190.56994066520295
36067,2022,472637,99353,71479.0,13.905247816625177,36.941954653614275,607.19585093905
36069,2022,112288,21901,76603.0,9.004399783225711,37.23877612238776,174.33967419993914
36071,2022,401237,101997,91806.0,13.014066988328912,31.56118966357874,494.08677491571007
36073,2022,40148,7690,61069.0,12.580247884076199,17.79906589847612,102.61154929433474
36075,2022,118037,24452,65054.0,17.12538226299694,21.43248561536354,124.0396508222407
36077,2022,59678,9150,65778.0,12.976791858847648,33.69587314494816,59.57445958923391
36079,2022,97942,19058,120970.0,6.338224800670121,42.82623451552689,425.3687264388583
36081,2022,2360826,469866,82431.0,11.693377354626477,34.76881829544398,21713.93620543762
36083,2022,160943,30603,83734.0,11.46523498930109,35.36093839573135,246.67143835857888
36085,2022,492925,106747,96185.0,10.363042662791152,35.334074205182816,8569.181023242876
36087,2022,337326,97168,106173.0,15.070998666522506,42.46352001304312,1942.1711719492184
36089,2022,108670,21686,58339.0,17.039497215267488,23.47970846215184,40.55568037033416
36091,2022,236328,45784,97038.0,6.55053162925572,43.40602406111876,291.7737693988666
36093,2022,159447,34078,75056.0,11.586977917007056,34.24142961342086,779.0481216012195
36095,2022,29970,5219,71479.0,10.140727031462793,24.961643962992238,48.19730500354605
36097,2022,17855,3365,61316.0,15.754588715159755,24.482421139802753,54.37910965057881
36099,2022,33651,6743,64050.0,13.144705956987885,22.147540983606557,103.95801024411644
36101,2022,93584,20046,62506.0,13.434551567075154,25.85234535966192,67.3020219948393
36103,2022,1524486,316671,122498.0,6.493098326329121,39.0263741865835,1673.5637079793878
36105,2022,78725,16516,67841.0,14.841733190357044,27.768377852977178,81.31529884469785
36107,2022,48344,9844,70427.0,10.157346686500869,26.31594094454198,93.1901990681751
36109,2022,102555,14870,69995.0,16.03587565210533,57.4874092484793,216.0671998381945
36111,2022,182153,31525,77197.0,14.710504809203496,35.58729211723469,162.02380994737757
36113,2022,65684,11647,74531.0,8.6342567640401,33.8419706992411,75.74069846014054
36115,2022,61310,11289,68703.0,11.378784503880883,21.128782858405124,73.76171513131774
36117,2022,91324,19291,71007.0,11.014877495713733,24.999233528528066,151.24124339632016
36119,2022,997904,214632,114651.0,8.536952316620098,51.75983794298079,2316.305995353015
36121,2022,40338,7977,65066.0,10.699141312413866,18.223713191691235,68.05803948034418
36123,2022,24713,5437,63974.0,14.220163997110932,24.035590588797326,73.08532881448161
37001,2022,171779,37805,60866.0,14.217677713492524,27.334462261542715,405.66057786541666
37003,2022,36505,7180,62764.0,12.249379687990189,15.322764165971325,140.4119468430871
37005,2022,10989,1792,42115.0,19.549632352941178,20.745181006111896,46.79455788106543
37007,2022,22200,4438,42000.0,19.34734239802225,11.386953768207727,41.771644579752795
37009,2022,26759,4523,49176.0,14.117202268431,20.789717123521108,62.77565077041458
37011,2022,17679,2455,53513.0,11.220472440944881,22.303903550687348,71.47708803337943
37013,2022,44711,8748,56081.0,17.051171644835243,19.468403988499418,53.69168620066864
37015,2022,17818,3038,41652.0,21.41458639255996,16.603351955307264,25.484284357586642
37017,2022,29807,6045,40476.0,24.419078679168365,20.251089146015833,34.0638970917635
37019,2022,139721,20223,71193.0,9.076083819199908,32.39707407804843,164.3643045446899
37021,2022,269449,48538,66531.0,11.244880559065788,43.033925751184505,410.43884903044983
37023,2022,87799,16016,53732.0,16.95147840161387,19.762362126657578,173.43457708543627
37025,2022,226396,57072,83828.0,8.411060778998431,36.486810232384805,626.7329583204146
37027,2022,80716,16024,52362.0,13.253027181831884,17.24244452453277,171.04906248940426
37029,2022,10547,2510,79120.0,5.874537344595235,24.348422496570645,43.88640382814938
37031,2022,68353,11688,66965.0,9.66747117189595,31.871860741535983,134.65811932136074
37033,2022,22747,4115,56999.0,15.438794196365684,15.426584327597578,53.46159541039243
37035,2022,161011,35036,62070.0,13.04452421197906,24.799743100280093,401.1495512913143
37037,2022,76754,14978,84222.0,10.380454120158666,46.51580839589722,112.62823174820721
37039,2022,28868,4646,49254.0,16.735667672444038,23.62752530883468,63.370944373710316
37041,2022,13835,2716,51188.0,20.874107865499226,24.20069791568424,80.12996866619946
37043,2022,11186,1843,57065.0,13.483247539058974,28.81534323470939,52.02766498760471
37045,2022,99527,22037,50723.0,18.38168189415613,19.38858774844087,214.38279888594266
37047,2022,50827,10491,43206.0,21.091460753548493,14.53329618278072,54.17957811412387
37049,2022,101098,21958,61676.0,14.045650704518275,25.65655971531924,143.08217268420955
37051,2022,335207,83590,55551.0,17.554906211707042,26.890481929446334,513.675245109307
37053,2022,28616,6340,82793.0,8.47254950233883,27.058881064162755,109.25890573097628
37055,2022,37160,6848,79742.0,6.483534310279565,42.538648726023474,96.96552192031396
37057,2022,169498,36732,58473.0,13.93154486586494,20.4722694566137,306.4077024032048
37059,2022,43030,9007,69105.0,11.610969298142901,26.1804110301769,163.1784724249997
37061,2022,49312,11692,49376.0,18.521407167193466,15.8772954674815,60.526315789473685
37063,2022,325101,65125,74927.0,12.270541642175047,51.88486174727348,1130.6012582290894
37065,2022,49067,11123,46370.0,22.039684674432557,17.748460861917327,97.07856187529183
37067,2022,383739,86954,61229.0,15.204603169500789,35.30924735521063,940.864222351897
37069,2022,69680,15086,70493.0,9.700365193669978,23.705823024514746,141.68303504255778
37071,2022,228972,51134,62628.0,12.426127527216174,24.996540575899765,643.6299546592983
37073,2022,10509,2061,55750.0,14.311926605504588,8.895191439989688,30.853287611710684
37075,2022,8047,1637,46010.0,11.30072051573758,13.823377517645033,27.561239587900044
37077,2022,61161,12378,68079.0,14.362109810479376,23.659036949957358,114.96623063172122
37079,2022,20407,3890,50320.0,22.574480044969082,11.458119306896789,76.50693199967009
37081,2022,539557,118288,62880.0,15.075517560270216,37.9230295910947,835.253413418372
37083,2022,48772,10366,41629.0,23.861294528325693,15.733279613215148,67.38902752100898
37085,2022,134718,34387,64992.0,14.379985386348416,22.759002394614377,226.39169436667527
37087,2022,62152,11103,56596.0,12.116277176125722,28.74506034390687,112.27689861984248
37089,2022,116469,21666,65508.0,11.376339786329616,33.95657211025591,312.29370393112157
37091,2022,21633,3879,46196.0,20.289038077179317,16.02140591966173,61.25482778539149
37093,2022,52612,14283,57141.0,17.282164571562628,20.178844569949405,134.84966154303567
37095,2022,4636,915,43724.0,29.91093518060366,14.247166756610902,7.570932583425602
37097,2022,187839,42207,73103.0,9.422333702942158,32.69990563794122,326.9966941544503
37099,2022,42388,7055,51482.0,19.34632404316435,29.82430719072632,86.31060251267536
37101,2022,219042,54580,75288.0,10.705150107582488,26.22962016843457,276.56154713460154
37103,2022,9263,1713,53053.0,17.71129067481983,15.741822429906541,19.65131277473227
37105,2022,63560,15113,60941.0,15.986996684798353,21.01244736476794,249.18845170699578
37107,2022,55071,12359,43063.0,22.419770481469808,15.011239479324587,137.99246780777125
37109,2022,87933,18255,75672.0,9.266666666666666,26.06097116314463,297.2245789208611
37111,2022,44629,8765,53532.0,14.937826468820784,17.96271311173801,101.44015056119503
37113,2022,37088,6600,51042.0,15.42548843292733,24.45844820795589,71.93661323014557
37115,2022,21414,3777,56664.0,12.500608954060505,32.21652786675208,47.62741456579518
37117,2022,21992,4460,44799.0,20.511750799610624,15.469130407640927,48.184535025371815
37119,2022,1115403,256136,79265.0,10.543548727810435,47.78163189353634,2130.2252830361645
37121,2022,14989,2722,55534.0,13.39853635182272,22.039827771797633,67.74658645610641
37123,2022,25839,5486,55523.0,16.18402053585753,19.73446975905589,52.567761938572275
37125,2022,100759,21684,77981.0,9.47273810605831,39.86552854751463,144.43332721726566
37127,2022,95015,20820,56770.0,14.54336229889013,21.948528856180012,175.80914951410324
37129,2022,228134,41153,67515.0,12.701408564903446,43.403804563711,1186.6219344100284
37131,2022,17528,3086,45698.0,18.677321247540103,17.766382625744665,32.65823256507238
37133,2022,203686,49511,59976.0,12.750132620192176,25.65917215598744,267.2746478411201
37135,2022,145919,28026,85785.0,12.276460261255096,61.71445871718352,367.0567341989948
37137,2022,12317,1782,55867.0,13.823119777158773,24.465144845941243,36.60163737129103
37139,2022,40454,8737,61411.0,11.594587423719819,26.076176787639238,178.30728409100928
37141,2022,61592,13603,74538.0,11.70085640310695,28.614409407225374,70.69009842808873
37143,2022,13053,2428,59401.0,13.31582606009114,19.586894586894587,52.80916604968989
37145,2022,39131,8043,60688.0,17.210659505241956,17.52234537003933,99.73747260029567
37147,2022,171196,36337,54915.0,20.033046203938813,33.137824345614334,262.4232409414347
37149,2022,19538,3070,60465.0,11.005357049981797,33.335509138381205,82.20054104768035
37151,2022,144403,32055,56423.0,14.734731365991488,16.7603780356502,184.579731930352
37153,2022,43149,10043,42354.0,23.01039302353363,17.235384353161752,91.09141229794231
37155,2022,117573,29302,39393.0,27.11544869434068,14.616854450813733,124.1144522033791
37157,2022,91209,18317,50737.0,18.82097341366721,15.443091646980434,161.24863429519024
37159,2022,147067,32377,59717.0,16.417816373695636,20.579958279214388,287.4591974355466
37161,2022,64680,13072,50512.0,18.376614162054775,19.77624711217592,114.389401471782
37163,2022,59317,14375,49963.0,22.268236102757967,14.901319924575738,62.707599928113076
37165,2022,34222,7762,41948.0,26.13643469017695,14.473003277557359,107.2319358275365
37167,2022,62723,13486,60634.0,13.774317785312224,18.74277161711681,158.76025108838718
37169,2022,44696,8286,57539.0,12.011008005822417,16.120135774033216,99.47387631197087
37171,2022,71429,14988,52743.0,17.94401297260391,18.211619732216914,134.1027027432957
37173,2022,14130,3196,52818.0,19.803907432773414,21.11961920529801,26.775258372716145
37175,2022,33131,5125,62056.0,13.38494543419457,37.07156567041404,87.56521601234809
37177,2022,3389,579,55341.0,15.985130111524162,12.234461054287962,8.672465370275118
37179,2022,240109,62486,95533.0,6.8036539313516595,38.4482569080245,379.47678103224564
37181,2022,42492,10088,48340.0,18.729304142744837,17.805555555555554,168.35449056244948
37183,2022,1132103,264406,96734.0,8.189808166655556,55.653605152963905,1356.4439002121946
37185,2022,18803,3385,42282.0,21.23318136328255,17.33466220545312,43.78982375079182
37187,2022,11051,2228,38927.0,21.612192434814542,14.103696228081242,31.89229748059219
37189,2022,54540,6602,50034.0,24.92434775496851,44.52316076294278,174.56151581103572
37191,2022,117480,27546,54323.0,17.937700460186864,19.990289773598406,212.08762244503737
37193,2022,66125,13239,49119.0,17.14918622896348,16.38396783515517,87.73640732514416
37195,2022,78667,17924,49827.0,20.354922279792746,20.464798106788937,214.01676941241763
37197,2022,37280,7691,57486.0,13.816822834858907,14.114985862393967,111.30252013029083
37199,2022,18538,3423,53103.0,15.281326447404187,22.369846198281465,59.304140860930545
38001,2022,2190,487,57950.0,13.434247871333966,20.431472081218274,2.2176159716955244
38003,2022,10826,2166,64447.0,12.972181551976576,28.704442670923118,7.258177517617473
38005,2022,5960,2089,63220.0,27.20377549300522,20.647653000594175,4.29223185253735
38007,2022,839,169,74000.0,11.11111111111111,28.947368421052634,0.7305256998767075
38009,2022,6411,1392,80113.0,8.195105928723928,26.34288272157565,3.8415491312022954
38011,2022,2975,746,79709.0,10.715520221223644,21.805624074987666,2.5606618643856263
38013,2022,2184,540,94583.0,6.522737712448324,24.724919093851135,1.9789438202858054
38015,2022,98443,22918,82141.0,7.941331645035349,37.2711519626309,60.2948256072479
38017,2022,186328,41295,73249.0,10.833199692533995,42.6155407537547,105.57215988124209
38019,2022,3691,831,61174.0,10.0,23.57169882709043,2.4786367833459244
38021,2022,5003,1253,60250.0,9.183457051961824,26.706324358171575,4.421591649263407
38023,2022,2195,529,95938.0,6.61625708884688,21.331609566903683,1.740502565159817
38025,2022,4049,963,91758.0,6.789036962534574,18.98560657984921,2.0159403174122676
38027,2022,2345,507,50375.0,12.326311071268488,26.900584795321635,3.720810676584597
38029,2022,3297,643,63750.0,6.714108910891089,18.09290953545232,2.1857582963681406
38031,2022,3388,743,78426.0,8.346024977155041,22.385620915032682,5.343174362856422
38033,2022,1734,366,84750.0,12.56575102279369,23.552425665101723,1.7324667669112834
38035,2022,72927,15212,64698.0,14.16833287117442,36.715636296227636,50.77686295670943
38037,2022,2320,518,57069.0,15.360915492957746,21.061742642815926,1.3982364140539636
38039,2022,2309,482,66688.0,6.507004066877542,26.71800947867299,3.2581471316593413
38041,2022,2477,471,66797.0,10.207612456747404,17.727025557368133,2.1877006533072962
38043,2022,2391,556,57240.0,12.774193548387098,18.689903846153847,1.7697189322177667
38045,2022,4135,905,70227.0,12.166542009473947,25.3382949932341,3.6081867007561046
38047,2022,1849,409,59750.0,8.178228990411732,24.338235294117645,1.8627864827588985
38049,2022,5326,1270,78071.0,10.281797410510283,19.387483355525966,2.842137056536435
38051,2022,2529,461,64375.0,13.628831814415907,16.70898933468766,2.595009250299878
38053,2022,14081,4504,83813.0,13.386224305805985,24.634146341463413,5.101565757881957
38055,2022,9781,2137,80556.0,6.855424185853558,22.2472860566756,4.634947532829892
38057,2022,8366,1903,82155.0,9.609499326722977,19.92220531033316,8.022777553484385
38059,2022,33192,7776,79555.0,8.135103571209047,26.730803022315936,17.234647082281004
38061,2022,9648,2743,81886.0,12.382149591451917,22.666666666666664,5.286103213795151
38063,2022,3025,622,62219.0,10.847923103329899,28.590847304032625,3.0810285033331124
38065,2022,1832,471,69722.0,11.523757509557619,21.634241245136188,2.535977098687161
38067,2022,6853,1447,64243.0,9.186906019007392,21.89265536723164,6.126764026159217
38069,2022,3999,881,59583.0,11.203969704883782,29.387040280210158,3.927191306952376
38071,2022,11613,2797,61490.0,15.77674251926178,25.46764408493428,9.796965834209995
38073,2022,5663,1247,71462.0,9.92128866922936,21.186656480774126,6.566010258883767
38075,2022,2282,549,77067.0,6.419529837251356,22.763157894736842,2.601328706722417
38077,2022,16548,3602,67089.0,11.168609982968688,23.97792122743007,11.526293573610722
38079,2022,12292,4073,53806.0,24.85142713651963,16.238121855785355,13.611769995194022
38081,2022,3828,791,75648.0,6.208543380206952,18.439201451905625,4.459028309238506
38083,2022,1338,204,68684.0,6.932931424265259,14.32637571157495,1.3762232238183303
38085,2022,3896,1396,41201.0,39.743924745231254,11.467444120505345,3.561073879486533
38087,2022,837,167,70625.0,4.659498207885305,22.790697674418606,0.6887392369065488
38089,2022,32989,8997,78734.0,10.145243735195113,25.226111814049396,24.71247189891776
38091,2022,1774,388,85750.0,13.021420518602028,29.984301412872842,2.491072719945292
38093,2022,21609,4364,59167.0,13.126969045356804,24.475244885719995,9.725442683392261
38095,2022,2152,496,61250.0,13.714285714285715,17.06070287539936,2.099280762218409
38097,2022,8004,1784,81157.0,6.56150583244963,30.627645867844656,9.286772614463185
38099,2022,10553,2446,68082.0,9.68429207824908,17.90073230268511,8.234193477407661
38101,2022,69532,16610,78143.0,9.032743141041706,29.400373781270407,34.54099992647892
38103,2022,3990,895,59732.0,10.773977886346104,21.575461833391426,3.1404142985660353
38105,2022,39076,11522,86139.0,7.414404389120365,24.498913800877155,18.808240277242973
39001,2022,27509,6565,46234.0,19.641404805914974,15.22248243559719,47.114778581606934
39003,2022,102087,23916,58976.0,12.325412938571882,19.144989557012867,253.6039449005701
39005,2022,52522,11781,62254.0,11.74264850996645,21.90188847915968,124.16959426553125
39007,2022,97666,21331,53663.0,18.011955774215732,15.677793312361645,139.0427623477222
39009,2022,61276,9107,48750.0,24.445485200449607,34.27092273192879,121.66554484029363
39011,2022,46263,10979,75231.0,6.601783909662112,20.71328848838685,115.25755627970942
39013,2022,66554,12413,56943.0,14.01385460625846,17.430103565434525,125.07164643026948
39015,2022,43715,9974,66677.0,15.899513398989546,14.54336776520741,89.29756936571455
39017,2022,388327,90424,77062.0,11.849085430547893,31.904166450267468,832.3980313644118
39019,2022,26761,5485,59872.0,12.191041143813218,13.45303148581837,67.81598126767558
39021,2022,38715,8568,70486.0,9.248189598420014,18.145739168779627,90.24959380106627
39023,2022,135877,30449,58954.0,15.591349130835336,18.6469827908517,343.2286127831989
39025,2022,208851,46940,79573.0,8.375876469250386,30.196751126358862,461.48797949443167
39027,2022,42077,9578,64210.0,14.46453066823437,20.60747498320427,102.9454580151738
39029,2022,101723,20510,55473.0,13.183725003054617,16.48208292000163,191.23848269560852
39031,2022,36629,8664,52048.0,18.86070686070686,16.504161712247324,64.95528549717953
39033,2022,41861,9162,52486.0,14.056626800097632,14.766469508464205,104.18730368902848
39035,2022,1256620,258045,60074.0,16.49730270200518,35.17573138499693,2748.446559684697
39037,2022,51751,12234,60237.0,11.048219671745859,16.29572998074527,86.52537527043883
39039,2022,38300,8696,69302.0,10.524632970078068,18.920666311706093,93.08791825762749
39041,2022,216074,54903,123995.0,4.5265986834096505,57.440322558142775,487.59099709802183
39043,2022,75299,15070,65171.0,11.472334682861,26.46663103378366,299.6521919072936
39045,2022,159371,37858,82969.0,8.714877995558808,31.089642652044237,315.9834643561706
39047,2022,28901,6749,56773.0,15.812596654013777,13.735986264013736,71.12149049736564
39049,2022,1318149,304753,71070.0,14.53104727891631,41.687904609679975,2475.759829608844
39051,2022,42602,9922,71453.0,8.494822836515628,18.276735588114473,105.07415272526372
39053,2022,29276,6828,55533.0,17.164804469273744,18.172720904633245,62.752663279960565
39055,2022,95455,21402,97162.0,5.847321125805357,39.350633638810756,238.38124016682067
39057,2022,167567,34554,81243.0,10.595060770299533,41.19499067787666,405.1132654788096
39059,2022,38409,8482,53901.0,16.98227501382707,14.932042450195496,73.54636356325229
39061,2022,827671,189085,68249.0,14.880456776916064,40.315731628116104,2041.3437775925258
39063,2022,75072,16409,67006.0,10.539989881172144,28.495806005877427,141.29285066306306
39065,2022,30622,7036,55876.0,18.155456538651958,18.48188366842275,65.11370764536397
39067,2022,14528,3018,54056.0,15.432229021593866,11.683130699088146,36.109571472245484
39069,2022,27601,6436,71616.0,9.510298831939275,18.13990044537595,66.34696281339392
39071,2022,43285,10319,60522.0,14.848633841399172,15.184396443903594,78.2611682854684
39073,2022,28104,6078,59007.0,16.59987725188635,14.749069697274464,66.70005150124956
39075,2022,44273,13427,72987.0,8.948216340621403,11.059610197180959,104.75989910414705
39077,2022,58518,13902,64144.0,10.991502396981707,15.535074757694908,118.88030911561972
39079,2022,32563,7662,56549.0,17.402337019516935,15.878771599964187,77.47376936070995
39081,2022,65280,12580,53124.0,18.164102726595797,19.50022697304425,159.9513873234605
39083,2022,62657,14296,71246.0,12.891639405079086,23.710288545613523,119.23333821757986
39085,2022,232236,45484,76835.0,7.625314158056409,29.927336626139816,1012.3847511933564
39087,2022,57994,12630,51846.0,17.927288655278144,18.154019276872646,127.91110581769018
39089,2022,178844,40986,78505.0,9.81409746579771,29.548843071194987,262.0705218287084
39091,2022,46098,10534,69125.0,10.91606399298707,18.855555208691037,100.5397978211797
39093,2022,313101,67928,67272.0,13.499875159336112,27.218207827458464,638.2834287391751
39095,2022,430014,98256,57265.0,17.842400564637444,27.960882373090364,1266.0056173490118
39097,2022,43961,8820,77062.0,10.220262071075307,20.391650662720775,94.19783667032364
39099,2022,227979,46071,54279.0,17.585364534506382,26.172916897132392,554.036944058986
39101,2022,65366,13774,55106.0,16.07503126302626,13.464539621987168,161.8743607713586
39103,2022,182347,39619,89968.0,5.951669654119366,35.908419497784344,432.65758391108955
39105,2022,22242,4872,46255.0,19.586074561403507,11.483495636777539,51.713314516091536
39107,2022,42321,10860,73278.0,6.359120285521366,20.364622355417602,91.51535202952986
39109,2022,108818,24931,71440.0,8.457142857142857,24.66862154523863,267.64162614583563
39111,2022,13401,2749,55381.0,13.897486223295841,10.715023765240753,29.406020762612375
39113,2022,536121,118071,61942.0,15.118919242173167,29.970028069813132,1162.067493080106
39115,2022,13851,2881,51056.0,16.565449623179923,11.183616102800924,33.261611907037505
39117,2022,35049,7791,70412.0,10.575755824036072,16.89648159446817,86.29910325163615
39119,2022,86393,19449,56810.0,15.61964795432921,19.342837332792183,130.00303966918767
39121,2022,14216,2668,51547.0,16.625124626121636,13.11839911061701,35.71751605479232
39123,2022,40367,7196,69515.0,8.765612409347302,26.891498478950638,158.4871732455968
39125,2022,18827,4430,65331.0,9.424055719260648,15.409457900807382,45.209936724819
39127,2022,35451,8343,62899.0,15.338685255549525,14.801473598035203,86.90376384415126
39129,2022,58809,12563,67600.0,12.494269104513196,19.617271595596673,117.33803145694374
39131,2022,27151,6397,50832.0,19.843410504233162,13.971219931271477,61.667295051807706
39133,2022,161217,29538,69796.0,11.29766425635957,31.736262081556983,330.763959557496
39135,2022,40929,9057,66355.0,10.332330752921454,18.82958736344026,96.47923512467412
39137,2022,34400,8754,79453.0,6.56084656084656,25.917700849118226,71.28883583673199
39139,2022,125008,27124,56557.0,13.874303358300747,17.752306722448278,252.42565530554677
39141,2022,76957,16249,58048.0,16.11094059544072,16.530362076220793,111.6668553004646
39143,2022,58885,12840,60814.0,12.957970413383105,18.32507337727951,144.23901275211514
39145,2022,73716,15938,46360.0,23.788896621266563,17.562067958329276,120.81698478724765
39147,2022,55062,11901,62476.0,11.6283084004603,18.85718908424118,99.92631926624153
39149,2022,48145,11829,73502.0,10.923520619750333,20.653872601112706,118.09101924482577
39151,2022,374199,80110,63130.0,13.170452742008745,24.087594026569782,650.5466727630227
39153,2022,539361,111864,68360.0,12.412733425713828,34.576856377934604,1306.613726492455
39155,2022,201749,41260,53537.0,17.13679316792157,20.01856199915501,326.677234815303
39157,2022,92840,21248,61953.0,12.472542484017266,19.671875730333575,163.5759780818056
39159,2022,63411,15343,104496.0,5.171530977982591,39.319655180426146,146.8829842186092
39161,2022,28833,6693,64841.0,8.3691138171324,17.204463208685166,70.4704875962361
39163,2022,12790,2776,50967.0,19.066761251674944,15.442394786258697,31.01658744786109
39165,2022,243189,58455,103128.0,5.1351797948470255,44.661136176199484,605.8263601192775
39167,2022,59639,11750,59053.0,14.145213610325074,20.480685890978943,94.36938861408855
39169,2022,116680,27976,70320.0,8.786268173036689,24.03417242728577,210.3141915214613
39171,2022,36973,8249,60632.0,11.187949715821597,14.40976933514247,87.89283506870156
39173,2022,131564,26639,70537.0,12.922501591343094,37.50728155339806,213.1740679589155
39175,2022,21818,4836,68552.0,6.897513362770161,21.185059644090998,53.622821526792976
40001,2022,19726,5221,44955.0,22.321107052831934,10.856472428627297,34.37297976409744
40003,2022,5683,1122,75028.0,11.788079470198676,20.724535403434487,6.558077005187147
40005,2022,14117,3052,49181.0,18.202583490863265,14.774990043807248,14.472250328821584
40007,2022,5071,1292,62981.0,7.069486404833837,22.67493356953056,2.794190332244714
40009,2022,22295,5216,51499.0,21.935208411165075,15.166372491338171,24.72620400920509
40011,2022,8661,2069,56843.0,13.66518278699582,17.801731177527355,9.32832002998504
40013,2022,46528,10822,54289.0,16.310649648391863,23.801711381329216,51.449220875149834
40015,2022,26910,6200,52443.0,18.62308268601396,15.058990605199913,21.060391906423305
40017,2022,156681,40388,82364.0,7.967013313041839,32.03884429558623,174.75542984229952
40019,2022,48202,12086,56390.0,15.329854876528866,19.586730565755897,58.61843777400246
40021,2022,47412,10229,52410.0,20.768623321926825,28.55911125849776,63.28966917491961
40023,2022,14285,3486,43252.0,22.772630078403424,14.705577977853668,18.542724852443524
40025,2022,2272,551,57100.0,10.918774966711052,31.710442024343372,1.2382767025214627
40027,2022,295060,61251,71757.0,12.836519565317461,35.23530004935808,547.5349237689464
40029,2022,5287,1276,47117.0,22.938243191407746,17.23463687150838,10.230817459150263
40031,2022,121777,28897,57150.0,16.575873401443168,23.772441307350007,113.88244139744624
40033,2022,5537,1277,60208.0,21.776874769117104,18.15344603381014,8.752254452395292
40035,2022,14144,3097,48018.0,19.262295081967213,13.40320467600524,18.579845124169957
40037,2022,72076,16854,61657.0,13.551131144992864,17.98260728547972,75.87794006489145
40039,2022,28391,7048,58669.0,16.043380703066568,31.050420168067227,28.713190712990468
40041,2022,40791,8106,53290.0,19.045128511655708,18.739707612166022,55.290787986239316
40043,2022,4504,1251,61310.0,14.237134436635685,19.546247818499126,4.505676111513483
40045,2022,3755,837,57768.0,14.693101575230852,18.995878606219556,3.0491840286095475
40047,2022,62456,16059,64165.0,14.000926446745856,22.68713256094261,59.003861098698444
40049,2022,25806,6423,53600.0,14.697178930755573,16.393252565068693,32.171240860442936
40051,2022,55314,12933,74349.0,11.005138442201767,22.12219677195973,50.26078107111055
40053,2022,4152,986,58980.0,13.252113376429635,22.357142857142858,4.148929791953954
40055,2022,5531,1165,55204.0,16.57092355280601,9.405815423514538,8.651853242294125
40057,2022,2499,602,55729.0,17.591059602649008,14.80836236933798,4.651396535742604
40059,2022,3272,810,59934.0,14.094813872096722,23.011617515638964,3.150443295872072
40061,2022,11651,2717,46239.0,21.43912401147128,14.66066741657293,20.202002687589406
40063,2022,13409,2835,44799.0,20.840674553234333,14.603140690097211,16.6680547389409
40065,2022,24776,6250,60954.0,14.538564051307679,24.243381563151576,30.86763520475224
40067,2022,5420,1379,48346.0,23.142532221379835,16.698656429942417,7.141388960624858
40069,2022,10410,2445,48476.0,22.843659001907824,20.93599650094766,16.188476790296246
40071,2022,43859,10868,53746.0,16.369207737830692,18.149907082386953,47.69304379030241
40073,2022,15290,4183,65167.0,12.224808779514467,22.894736842105264,17.025095592181597
40075,2022,8446,2047,42679.0,23.164388532720455,17.85898982933977,8.320542854834802
40077,2022,9537,2107,42735.0,16.65936952714536,12.81580156178227,13.207183976889851
40079,2022,48525,11702,46750.0,20.399590600878504,15.15690665357833,30.530139114251615
40081,2022,33734,7923,57656.0,14.276689829437778,15.916523235800344,35.42107015018307
40083,2022,49919,11148,80565.0,13.574388727724823,30.745471992323374,67.11924661439005
40085,2022,10158,2475,60758.0,14.214711729622268,15.28003546623319,19.7659530582938
40087,2022,42393,10678,80150.0,7.090464547677261,26.845684885646826,74.28011732589475
40089,2022,31003,8003,47046.0,21.103524876678318,15.697046993034435,16.75135186537971
40091,2022,19159,3800,43467.0,22.139316740393326,13.600796699388248,30.987578443423693
40093,2022,7678,1945,67621.0,11.646211312700107,18.341949071414895,8.03979057591623
40095,2022,15494,3534,53734.0,18.78063124877475,15.647852990811925,41.70771756978653
40097,2022,39324,9132,56552.0,17.054323667752104,15.354623096917935,60.006775253843124
40099,2022,13837,3174,60213.0,14.620058510239293,17.498950902224088,33.232062443710596
40101,2022,66606,16188,50289.0,18.10459293861684,20.160653444346668,82.16470936543965
40103,2022,10981,2638,66813.0,10.78834298524192,19.655494725597546,15.007291129967978
40105,2022,9460,2175,50960.0,15.972372113101663,16.79412664423371,16.71918659213138
40107,2022,11349,2532,45429.0,26.67832507529389,12.509544413336727,18.350478124626086
40109,2022,795822,200943,62505.0,15.803626384899466,34.1994268413876,1122.6200703346183
40111,2022,36900,8657,50819.0,18.01059280029456,15.973910225247124,52.907549434147306
40113,2022,46004,9761,58189.0,12.529924567505308,20.05691206168533,20.476418113466885
40115,2022,30472,7575,46186.0,20.41464580913997,15.435562970827647,64.72153724270788
40117,2022,15682,3678,56279.0,15.037935283055573,16.390099193473624,27.592007080106907
40119,2022,82058,15070,46658.0,24.2681814412472,38.594506538757415,119.81001633812771
40121,2022,43758,9963,53054.0,18.954594724798266,18.95379765540341,33.517884171114474
40123,2022,38116,9374,59457.0,13.315025286856272,28.77726476675689,52.91294684689312
40125,2022,72734,16880,58270.0,15.812187869865188,20.88896260054731,92.32628368111928
40127,2022,10845,2323,42274.0,21.709353597898488,14.03915507470376,7.771190916197971
40129,2022,3423,846,57574.0,13.562812591938805,22.269263336155802,2.9996450901952882
40131,2022,95870,22095,75312.0,9.540707372268201,25.145138995546002,141.8726239258184
40133,2022,23592,5744,43239.0,22.624632788179067,14.826680335746781,37.280802251512675
40135,2022,39538,9363,47494.0,19.531669865642996,14.968722073279714,58.69864722020974
40137,2022,43140,9869,57065.0,16.8896123811546,18.883761369716424,49.574126764512556
40139,2022,21144,6006,55682.0,20.464981391077384,24.49073718195096,10.358140649088593
40141,2022,7013,1692,46306.0,16.93262411347518,18.16047801963295,8.050426226045591
40143,2022,668923,166670,65229.0,14.411835754296886,33.23071396252498,1173.0531477042164
40145,2022,82269,19510,75082.0,9.178980330756433,26.11453650562377,146.40800404330895
40147,2022,52579,12515,59426.0,13.944968430898744,30.734099187447466,126.53661401026174
40149,2022,10930,2664,60600.0,12.522445893582837,19.58445040214477,10.896341202026939
40151,2022,8661,1781,50724.0,18.54724053250614,32.09163717638294,6.732313394202174
40153,2022,20411,4981,61207.0,14.965034965034965,19.284885407600814,16.42358378675009
41001,2022,16685,3353,51657.0,13.717632552404439,24.41401530406766,5.43845484648303
41003,2022,95615,14774,72882.0,19.0563745974437,53.769980640408434,141.60821554246988
41005,2022,420925,88733,95740.0,7.576337521410868,39.18860882968842,225.0081519850752
41007,2022,41190,7521,68025.0,10.24483587655169,25.749305442065694,49.73202179564111
41009,2022,52865,10832,83265.0,9.120521172638437,18.37206249179467,80.25851546416796
41011,2022,64908,11700,57563.0,16.092908156872575,20.567984472366945,40.66805175797158
41013,2022,24987,4925,74969.0,7.916683453527256,20.884784709545794,8.387913911341961
41015,2022,23404,3315,64300.0,12.425194816377491,23.707888679640092,14.372540121089449
41017,2022,199352,38729,82042.0,9.130267656638816,40.76620223985638,66.06287757529965
41019,2022,111322,21466,56440.0,14.872358994872542,18.896308887809614,22.10666891727524
41021,2022,1983,382,58409.0,12.858606557377051,21.936357481381176,1.6460242661993938
41023,2022,7237,1231,56045.0,16.489587760305994,19.29042610090925,1.5983508076342727
41025,2022,7496,1464,45462.0,12.130298487120077,14.166212038552464,0.7396562098460714
41027,2022,23965,5420,80254.0,6.566635758239905,38.28503137137736,45.893608790737396
41029,2022,222604,45367,67690.0,13.263275796912065,29.994750262486875,79.97982216486326
41031,2022,24659,5673,69345.0,12.683839156677717,21.213364595545134,13.840183735047955
41033,2022,87994,16806,56068.0,16.111597676776988,18.61254432826507,53.699114331379086
41035,2022,69506,15116,57219.0,17.833547708138447,20.840253429291998,11.681882896460225
41037,2022,8201,1539,54663.0,19.570871261378414,19.804241435562805,1.0076659282113285
41039,2022,382218,67927,65157.0,16.128454158096194,32.96816999165449,83.92847575323468
41041,2022,50334,8070,57794.0,14.716533215305999,28.897736263175354,51.309757661447755
41043,2022,128598,28448,69523.0,11.950687755182939,20.437201023473133,56.168399498931656
41045,2022,31538,7955,48371.0,18.896848137535816,14.59725813533688,3.189617168065356
41047,2022,345815,82918,70926.0,12.994824450972164,25.007388862810547,292.85508620981676
41049,2022,12140,3287,64975.0,16.70111616370401,11.29408713692946,5.978737560507631
41051,2022,808098,145546,83668.0,12.200083895259414,47.71443091469572,1874.8547047809957
41053,2022,87600,19416,77353.0,11.856598302191248,31.019537939953164,118.23074971252113
41055,2022,1900,357,57171.0,15.54267650158061,16.00877192982456,2.30690590495062
41057,2022,27345,5011,63098.0,12.497175992168085,23.80791342576936,24.787365287536158
41059,2022,79904,19773,70322.0,11.700134575296198,18.247830115538076,24.85002099239609
41061,2022,26286,5752,61946.0,15.241534638086362,23.834962491475338,12.904644758979273
41063,2022,7439,1450,62238.0,9.196027751326351,31.972182596291017,2.364667374678828
41065,2022,26639,5798,61316.0,11.690054443677631,22.04581779435269,11.187517218672097
41067,2022,599541,132518,100121.0,8.163770333671701,45.82122894315491,827.7843130757504
41069,2022,1407,237,50774.0,9.863210943124551,19.981834695731155,0.8199200359436161
41071,2022,107674,23169,80125.0,11.346777027290829,29.259547084406996,150.39507445445923
42001,2022,104604,20656,78975.0,7.890299989026009,24.38321138100808,201.6684242895123
42003,2022,1245310,231388,72537.0,11.10432722811366,43.83459063064261,1706.0046002709748
42005,2022,65538,12429,61011.0,10.369125447144443,18.587475312705728,100.3151590106548
42007,2022,167629,32405,67194.0,10.433954481486873,26.764223416868333,385.62440331726845
42009,2022,47613,9200,58337.0,10.786607674636263,16.096764023044514,47.04897686533832
42011,2022,428483,94539,74617.0,11.82069795427196,26.81708206000418,500.32870038988654
42013,2022,122640,24732,59386.0,13.200093932938591,23.43392513956255,233.57019199454547
42015,2022,60159,13208,60650.0,13.140712819304682,20.023031186106085,52.431809624743764
42017,2022,645163,129300,107826.0,5.630398810749143,43.30621787896092,1067.5020310506695
42019,2022,194562,37837,82932.0,7.879376405146663,38.330921231748036,246.4426041379031
42021,2022,133263,25457,54221.0,14.355874574990555,22.671215725554024,193.70663829304775
42023,2022,4536,782,46186.0,14.974450122195067,10.87456846950518,11.447809748304659
42025,2022,65018,12359,64538.0,11.801572292640232,18.331634033167564,170.49161413482415
42027,2022,158665,23215,70087.0,17.03966606076717,46.20410767204478,143.29529044243486
42029,2022,536474,119505,118574.0,5.958593794804152,56.118502875213295,714.7773557152317
42031,2022,37489,7034,58690.0,13.703416149068323,22.747252747252748,62.39473000952007
42033,2022,79707,14496,56982.0,13.748527994861364,19.125830041186852,69.609452779767
42035,2022,37860,7663,59011.0,13.1457856887003,20.299188032478703,42.55701808617066
42037,2022,64924,11408,59457.0,15.311390240694465,25.46465412272842,134.3461787571468
42039,2022,83876,17177,58734.0,12.74114400589359,20.588534772426435,82.85235910327899
42041,2022,261269,52970,82849.0,7.740471064450842,38.66548707578688,478.96905855738595
42043,2022,286108,63593,71046.0,12.172813008592323,33.27991695264588,545.1025968335016
42045,2022,575312,126050,86390.0,9.664362921125287,40.87297534671868,3129.9106147074986
42047,2022,30886,5929,61672.0,8.962418836492425,18.48510188812112,37.35150882632867
42049,2022,270495,56590,59396.0,15.40068495810262,29.56761157892481,338.58387960460686
42051,2022,128417,24644,55579.0,16.20200488721501,18.645178335535007,162.39734533194732
42053,2022,6959,754,46188.0,19.17718763604702,11.581525542337298,16.287544557282583
42055,2022,156084,34202,71808.0,8.998051948051948,22.96678953389138,202.10359486052644
42057,2022,14545,2868,63153.0,10.704419889502763,16.30588902542773,33.241839237026085
42059,2022,35781,6842,66283.0,12.906391853760274,21.113634583757538,62.12712611905572
42061,2022,44123,7824,61300.0,11.292259729639946,18.06072355461055,50.449809739855844
42063,2022,83394,14928,57170.0,12.973000744984201,26.201812599959556,100.7911587466189
42065,2022,44326,9441,56607.0,14.105660203776536,16.98866155697726,67.93891842762312
42067,2022,23535,5228,61915.0,8.951373661808331,14.3394167222458,60.131684172604885
42069,2022,215672,44078,63739.0,12.993197933403247,29.901560813834127,469.99036797810345
42071,2022,553202,128342,81458.0,8.183319692924146,30.5181276659313,586.0662510964866
42073,2022,85907,17097,57585.0,12.345708544636876,22.036120011651615,240.3732617029016
42075,2022,143258,32416,72532.0,10.907891623708569,22.850731568633424,395.9207926264734
42077,2022,374110,84542,74973.0,11.946651610126985,32.353390797163655,1083.3060655989298
42079,2022,325396,65306,60836.0,14.917591872633873,24.538564306992548,365.6927850646264
42081,2022,114022,23421,63437.0,12.478260465202794,24.369339022381915,92.78228037626533
42083,2022,40459,7968,57861.0,14.139035168964515,19.492818982862694,41.297588838964
42085,2022,110600,20973,57353.0,13.50937066173068,24.09887367127418,164.45167410614715
42087,2022,46146,10370,58012.0,16.677680852938582,13.162287480680062,112.26726547731714
42089,2022,168128,32686,80656.0,11.308178533012654,26.556568436823984,276.36222571795366
42091,2022,856399,182637,107441.0,6.268397294168769,51.433241657590266,1773.1856091036334
42093,2022,18165,3690,72626.0,8.690147329650092,36.401264298615295,139.3758967551849
42095,2022,314299,61392,82201.0,9.193423431178445,32.83983482412585,849.9460500233919
42097,2022,91340,17818,55952.0,12.399493618914018,18.46772145279608,199.57262529551343
42099,2022,45941,9630,76103.0,8.176571655138993,18.262893766249473,83.30960796011962
42101,2022,1593208,342585,57537.0,22.72093774218548,33.60605204346374,11858.108309267916
42103,2022,58996,10255,76416.0,10.010944661057527,27.408241387074984,108.27040071940466
42105,2022,16390,3324,56491.0,12.229102167182662,16.673641918473255,15.158395522215512
42107,2022,143201,28326,63574.0,12.344700555518862,18.46739921130212,183.92610126910694
42109,2022,39797,8170,65914.0,8.370222414165408,21.009857777108888,121.04299479293397
42111,2022,73802,13378,57357.0,10.835015863859244,17.22982761118354,68.6500218129998
42113,2022,5880,670,62910.0,12.224982256919802,18.885003085784817,13.06843816606251
42115,2022,38540,7184,63968.0,11.165354330708661,19.88620497067858,46.80058385367713
42117,2022,41186,8072,59707.0,12.158159739362228,21.318815508293476,36.32268328906104
42119,2022,42908,7710,64914.0,10.81543322607763,25.050776274570552,135.80414932506213
42121,2022,50475,9553,59278.0,13.365237056780552,19.388163690237846,74.8592912282263
42123,2022,38492,7484,57925.0,11.594241183463215,18.95048876027808,43.52910044533305
42125,2022,209631,40872,74403.0,9.496525482245435,32.39508327878391,244.60741414919312
42127,2022,51227,8500,59240.0,10.992722950853855,20.826660565850684,70.58306430834054
42129,2022,354414,64514,69454.0,9.726025425070905,31.20637366724993,344.85798522929616
42131,2022,26219,5039,67968.0,11.220030707452462,21.469763504576477,65.99992951683792
42133,2022,457051,99907,79183.0,8.600490053870221,26.338933857105324,505.3827764422811
44001,2022,50658,9204,105875.0,7.23636518698563,51.37637990908834,2099.204375932372
44003,2022,170168,31301,85732.0,7.504506855163908,33.57300316838254,1009.4917184756299
44005,2022,85442,13861,96319.0,7.774321439463251,52.1101809174427,834.1420077906103
44007,2022,657984,133441,72579.0,13.622005143672189,31.195818459969406,1606.869166410245
44009,2022,129998,20517,99510.0,7.8658934922696,48.55350912062188,394.79590256287224
45001,2022,24368,4833,49759.0,15.90571876722201,19.062335996268004,49.609625505145615
45003,2022,169865,36242,63212.0,14.162709794082954,29.601271669565655,158.65032577184016
45005,2022,8073,1536,37096.0,27.20946416144746,10.776014109347443,19.782158566020165
45007,2022,204592,46254,62347.0,14.273028094597882,26.137981097699843,286.6016207773287
45009,2022,13311,2511,43920.0,22.267530183097463,17.8547560703943,33.83862906649515
45011,2022,20653,4856,42470.0,25.2941758133096,14.336553126588713,37.661909008185944
45013,2022,189071,33663,81260.0,10.35743873724601,43.38743700925817,328.2357271076452
45015,2022,231419,54528,77874.0,10.9254351596686,28.35978972656704,209.6689875740101
45017,2022,14145,2649,55550.0,18.659185728672135,19.142857142857142,37.111178742339014
45019,2022,409840,79536,78795.0,12.271193578630195,48.09298233741626,446.43129463332593
45021,2022,56200,12732,47011.0,17.986185391323264,17.216740387887036,143.0156451990513
45023,2022,32171,7195,50022.0,18.949971823930873,13.854106323247628,55.40409981038851
45025,2022,43536,9601,46326.0,20.317150297619047,12.870376453583866,54.48906488974776
45027,2022,31163,5883,48677.0,19.52290012396556,16.594235033259423,51.321872112805025
45029,2022,38561,8634,46795.0,16.62637800504715,15.653884702475965,36.499300511317706
45031,2022,63025,13976,44317.0,20.22762964042288,19.002654969410134,112.42118031090855
45033,2022,28255,7120,42454.0,31.60931899641577,11.876103354196758,69.75234277024558
45035,2022,162139,39087,73686.0,12.334644261708974,29.43651581526243,285.2505854059313
45037,2022,26181,4590,60033.0,16.96581018614917,19.876491521875657,52.29004889272361
45039,2022,20942,3912,44521.0,18.718830194160656,14.716068744690583,30.51413001508076
45041,2022,137015,32188,56088.0,17.819643831316835,23.795681960623284,171.1607048050918
45043,2022,63594,11102,59782.0,16.00317586343787,30.981224761666876,78.1636207428457
45045,2022,528251,120590,71328.0,10.917996738407481,39.297412086527736,672.1306469364515
45047,2022,69309,15499,47553.0,17.344737596355465,24.230513134437356,152.12553006558326
45049,2022,18890,3870,40157.0,19.983407079646017,11.563801590306703,33.73364882360819
45051,2022,356578,61659,59880.0,13.101731020736839,25.35857522857647,314.6760516397081
45053,2022,29444,5606,60452.0,17.91488307920897,23.279655462971633,44.9434772122955
45055,2022,65779,15127,61343.0,14.436582048264585,21.33006971610901,90.52837002416696
45057,2022,97611,20880,72186.0,12.099554624050302,30.076769974410006,177.75151463280056
45059,2022,67456,14702,52077.0,18.839067940910276,17.916782187719935,94.62581589095363
45061,2022,16557,3134,39099.0,27.781775364688947,14.448701575138356,40.36481188929846
45063,2022,295934,67679,71280.0,11.598295442904849,32.60509523113644,423.365245406321
45065,2022,9612,1038,55569.0,16.684106499244276,21.26220886551465,26.78257962049653
45067,2022,29212,6585,35972.0,27.393708952644314,13.72462054011433,59.69283081173422
45069,2022,26585,5287,34275.0,27.82461360443012,8.290427655773879,55.3999591559451
45071,2022,37918,8114,56706.0,15.54300987290678,22.51339165285753,60.158081947498516
45073,2022,78775,15306,56710.0,15.689617598420655,27.799087074995228,125.72518413891615
45075,2022,84159,18153,41020.0,25.00432729161,19.155306632850753,76.06706201039609
45077,2022,131106,24314,57628.0,16.92058346839546,27.474810930968662,263.82821162441115
45079,2022,416161,89305,59850.0,16.82689826712491,40.23842458881829,549.5267447326584
45081,2022,18952,4110,51041.0,17.8941742383752,19.187748667517454,41.86353706243967
45083,2022,330119,76206,61955.0,14.415893579314263,25.237019306055792,408.372073460683
45085,2022,105199,25033,53970.0,16.414560359129503,23.072829010774033,158.17543205458608
45087,2022,27158,5701,42305.0,21.04632886759973,13.93755152514427,52.879270227907746
45089,2022,30879,6035,40848.0,23.530414620840155,15.241784664707453,33.05515293855696
45091,2022,282987,67366,80158.0,8.436419571170834,36.85276115236301,415.5248996013421
46003,2022,2590,660,71490.0,5.13849859494179,18.213457076566126,3.655816842164695
46005,2022,19089,5219,63813.0,9.67362854548368,25.486753909990423,15.165671193566684
46007,2022,3391,1262,44821.0,29.599761051373957,18.363939899833053,2.862468154936259
46009,2022,7018,1273,57554.0,11.71003717472119,20.073486753045835,12.45322057176927
46011,2022,34631,7110,64438.0,12.48090631364562,42.42893780722377,43.71403289755206
46013,2022,38278,8894,70379.0,10.54768370392278,32.81564113682053,22.34520119320736
46015,2022,5247,1283,64821.0,13.92828999211978,25.727069351230426,6.4205319974254245
46017,2022,1859,707,42917.0,36.51654910472056,6.805708013172337,3.9435305098588267
46019,2022,10369,2424,58106.0,8.234602957015568,18.174308137133416,4.608423962560166
46021,2022,1534,346,66932.0,5.620915032679739,28.352835283528353,2.0908383389420684
46023,2022,9302,2863,60729.0,22.865751590224306,24.703801945181254,8.478399768124607
46025,2022,3837,1091,59340.0,9.430413756045137,18.676585747846516,4.007260483419529
46027,2022,14953,2581,55963.0,21.170313986679353,40.00545404963185,36.291751411332406
46029,2022,28402,6662,65747.0,10.95321616494255,20.169587922030917,41.30689296596057
46031,2022,3906,1422,48125.0,43.445789338140614,17.1575502571295,1.5815724539153433
46033,2022,8515,1162,75943.0,8.273638968481375,30.499927964270277,5.469050568967521
46035,2022,19966,4678,55606.0,15.186036789297658,23.25803840776985,45.8321568843499
46037,2022,5485,1230,57558.0,14.71465870943678,22.409823484267076,5.333061089558479
46039,2022,4298,1056,76997.0,5.753360056590426,23.699421965317917,6.901767835321057
46041,2022,5275,1994,55077.0,30.918524212144504,17.87249283667622,2.2911114431352653
46043,2022,2823,740,75048.0,14.522668632510136,20.591341077085534,6.5377338171982
46045,2022,4014,927,76806.0,7.324675324675324,28.148921363952677,3.5648945807207943
46047,2022,7079,1182,54886.0,19.29001026844653,19.86501276906239,4.068650356430784
46049,2022,2140,544,56734.0,23.83019778099373,22.15277777777778,2.179863157562343
46051,2022,7533,1641,70851.0,9.807640205906258,24.405554498763554,11.05443424717439
46053,2022,3983,947,48272.0,12.828360112216272,19.148936170212767,3.924331247844721
46055,2022,1755,397,53109.0,10.670553935860058,16.62611516626115,0.9693235336841309
46057,2022,6196,2026,76995.0,7.425329551143001,21.88449848024316,12.220449332273544
46059,2022,3075,693,72857.0,7.687210072895957,25.341497880357984,2.1404213880650103
46061,2022,3443,1056,86827.0,6.012198663955853,21.122112211221122,7.922555467092517
46063,2022,1176,243,71484.0,6.426735218508997,27.346465816917732,0.4401905995351048
46065,2022,17812,4376,83750.0,10.023923444976077,35.418022121014964,24.020703224562286
46067,2022,7401,1923,69139.0,9.895539243365329,25.752709755118424,9.103175471978922
46069,2022,1319,283,69712.0,6.651017214397497,20.342396777442097,1.5325999937255192
46071,2022,2838,928,26078.0,38.40290381125227,15.595794392523366,1.5226277615064894
46073,2022,1836,383,66607.0,9.106145251396649,16.83381088825215,3.4896119422275356
46075,2022,1006,300,61250.0,14.81113320079523,33.88059701492537,1.0374642147035287
46077,2022,5172,1281,65964.0,9.275705545687783,22.961494903737258,6.214575896048842
46079,2022,11207,2240,74884.0,9.660257606869518,34.548274525009695,19.909716090681858
46081,2022,26047,4402,62977.0,11.068853498138024,36.69844728956688,32.55659312570542
46083,2022,65801,17855,92317.0,6.451167076167076,41.80360347761229,113.98198142018005
46085,2022,3719,1060,60284.0,25.08187772925764,23.176521363832542,2.264527776847502
46087,2022,5714,1596,74873.0,8.357348703170029,27.69396551724138,9.95114985066309
46089,2022,2251,453,58529.0,13.216485078162007,20.505111244738426,1.9803495831676445
46091,2022,4363,1022,74018.0,7.500587820362098,23.30802244965335,5.205940714561003
46093,2022,29970,6546,70256.0,7.443209279845337,27.382543690281697,8.634563492132088
46095,2022,1989,581,41397.0,49.13294797687861,11.939102564102564,1.521443635064648
46097,2022,2312,496,62037.0,10.507569011576136,16.49608669476219,4.054930985495554
46099,2022,197742,50044,73110.0,8.703931427029664,34.17823206279743,245.0817447303744
46101,2022,6346,1664,71469.0,9.588602529214024,27.006610009442873,12.21843778820476
46102,2022,13695,5047,32279.0,55.77648015374381,8.149842722333428,6.541361032976197
46103,2022,110386,24623,67823.0,12.266467485178097,33.37876802096986,39.75345410936828
46105,2022,2970,651,64410.0,11.943874058863791,20.228462636839602,1.0346773687840973
46107,2022,2587,586,71786.0,6.971153846153847,24.29596907785754,3.004164257064489
46109,2022,10242,2945,59022.0,20.8374975014991,16.529566971907496,9.301987639127926
46111,2022,2373,644,65806.0,8.712613784135241,19.898926089703096,4.168701536429146
46115,2022,6355,1476,65795.0,10.633520449077787,25.060935076445823,4.226806935022903
46117,2022,2979,660,82298.0,3.2225579053373616,26.854460093896716,2.0624023837743835
46119,2022,1318,225,66875.0,8.486238532110093,21.511627906976745,1.3091930582968372
46121,2022,9353,3686,33792.0,52.19947735191638,14.739084132055376,6.735594951148392
46123,2022,5607,1279,56758.0,21.911160880925717,17.08158737983732,3.477664364143153
46125,2022,8687,2154,72312.0,9.228584950307619,26.4484888963099,14.077956257373629
46127,2022,16700,4056,82036.0,8.249924173491053,35.424483029404065,36.24470165401719
46129,2022,5317,1204,57697.0,13.238406773138351,27.65392781316348,7.5156723749213725
46135,2022,23311,4958,68847.0,7.984124053904375,27.281684936568546,44.7265771150197
46137,2022,2455,672,46023.0,41.34419551934827,14.874915483434753,1.2517539852175756
47001,2022,77337,16413,60633.0,15.39761772706864,24.528951997533685,229.34645291009056
47003,2022,50533,12669,59955.0,12.391635896612618,17.119436553030305,106.69096083726212
47005,2022,15933,3112,47737.0,17.962364569473486,11.103442325942542,40.40770366162321
47007,2022,14816,2428,51783.0,26.00762128096145,10.340005244296826,36.44279371794714
47009,2022,135951,26988,70935.0,8.596331235330174,26.021494422655735,243.28227336172648
47011,2022,108859,23576,60692.0,13.409136207894761,23.890519656332515,331.11795158807894
47013,2022,39397,8091,48258.0,19.438664030798044,12.943537031822022,82.04460734292675
47015,2022,14481,3099,57651.0,15.12909979064899,17.496127033307513,54.5146535659834
47017,2022,28381,6173,49700.0,16.44806547075372,19.81360383090469,47.48702435171955
47019,2022,56315,10157,47994.0,18.139824760787477,21.120699902527164,165.02177238335804
47021,2022,41184,8829,77014.0,9.342211956655282,22.89366053169734,136.14635468664255
47023,2022,17392,3751,57471.0,15.823970037453183,16.356547935495307,60.867374079569956
47025,2022,32092,6061,42406.0,18.335127377108,18.754337265787647,73.84193426659672
47027,2022,7592,1537,39572.0,22.266720064076893,12.304900181488202,32.0975440643642
47029,2022,36186,7376,45110.0,20.10843610416608,11.728207080319757,82.96972267761129
47031,2022,58080,13962,57424.0,16.896011147883645,23.327337673853012,135.39597728480712
47033,2022,13955,3294,59136.0,15.629322268326417,15.527426160337555,52.55566267964207
47035,2022,61552,10398,56002.0,12.636677064521425,18.104536655163706,90.3441331795111
47037,2022,709786,144475,71863.0,14.335472363516995,45.98480765309933,1409.7684700592083
47039,2022,11483,2320,48466.0,19.24203425934144,15.63326123527998,34.39269915148901
47041,2022,20209,4370,46907.0,20.212282031842303,20.401779507854858,66.38634758471166
47043,2022,54563,12370,68492.0,10.857015573663988,19.314855349560904,111.37601832214395
47045,2022,36818,8710,53150.0,16.333968359148514,21.623566089771774,71.86089223989023
47047,2022,42228,7752,81074.0,9.692274482527043,25.67477560341273,59.9768205524435
47049,2022,18642,3815,47884.0,20.16695957820738,16.323496617854754,37.38816342329731
47051,2022,42980,8488,57933.0,14.46505203965866,21.803112313937753,77.51169077560384
47053,2022,50455,12189,55455.0,13.9158641662443,18.538950669260473,83.70869936706235
47055,2022,30317,6188,56877.0,13.52225893252495,18.94116546628005,49.6242619870329
47057,2022,23648,4626,47098.0,17.560767590618337,14.094350611531741,84.28045490347023
47059,2022,70399,13414,51975.0,15.604031761844766,17.976552323056882,113.15092844548668
47061,2022,13550,2894,47948.0,18.24482109227872,13.550867712771486,37.592524774999724
47063,2022,64531,14956,49656.0,17.13898433313369,18.838683480340183,400.34617961634865
47065,2022,367193,76267,69069.0,12.27686132020278,35.54934923659705,677.2729284865834
47067,2022,6726,1416,31809.0,32.33578882750153,9.876288659793813,30.25314406002051
47069,2022,25519,4853,43566.0,16.083276138183482,10.479496637014536,38.21536821171425
47071,2022,26824,5375,46902.0,19.379992392544693,15.801424295592941,46.449530465620875
47073,2022,57107,11013,53647.0,16.879936107906644,16.767200980509962,117.24935120396833
47075,2022,17806,3921,44890.0,21.92287976305747,12.159564242230054,33.40042430506446
47077,2022,27845,6375,51576.0,18.026363969242034,13.842159916926272,53.54715014547825
47079,2022,32305,6535,48025.0,18.07145334720777,19.016042780748663,57.492231741478044
47081,2022,24996,5161,54669.0,14.254517427421426,12.44131455399061,40.81092862985585
47083,2022,8253,1789,51544.0,13.38187296008034,11.413324152177655,41.20442948865168
47085,2022,19032,4220,54185.0,12.046827794561933,16.867831171752005,35.85781224388286
47087,2022,11730,2087,42357.0,19.709489432025745,13.922462941847206,37.98452122664421
47089,2022,55017,10498,60393.0,11.142061281337048,21.082642743100433,199.95129964528698
47091,2022,17982,2975,47571.0,21.591475573280157,14.941356450790414,60.25331724969843
47093,2022,481406,99979,68580.0,12.390219380180165,39.150207859926276,947.04372202823
47095,2022,6898,987,32064.0,27.932839075447013,10.828267477203648,41.608106885423894
47097,2022,25171,5624,46702.0,17.966841186736474,10.434173669467787,53.34025577723858
47099,2022,44377,11033,51038.0,16.070406738538303,15.637253259157479,71.90867402330142
47101,2022,12637,2773,44613.0,18.899482870071104,9.33318083037859,44.797441969286616
47103,2022,35365,7841,61374.0,11.9417168197656,19.317723052079128,62.00665565572937
47105,2022,55507,10608,75008.0,11.822633297062024,28.354036512142354,242.10108517394187
47107,2022,53532,11275,57982.0,13.63889261938108,17.406994639919336,124.4591587870277
47109,2022,25895,5602,46920.0,16.724205570812085,11.459985777583283,46.00758294512492
47111,2022,25365,6225,51215.0,16.50586492653829,9.87149878604844,82.58341364311202
47113,2022,98644,21912,55280.0,18.153781157583442,25.933057540428734,177.04343705915926
47115,2022,28852,5984,58139.0,16.28714781937476,15.145218189725995,57.906208480012204
47117,2022,34567,8004,65325.0,15.586782690498588,20.873889573681303,92.06524228816765
47119,2022,102002,23447,71500.0,8.876662263757435,25.853686035204422,166.36303290172214
47121,2022,12839,2594,59434.0,15.434184675834969,11.49967818064793,65.79547492761422
47123,2022,46489,9661,52123.0,16.010179243195395,15.619962987284342,73.12189551633128
47125,2022,222305,59387,67890.0,11.923030976907455,30.35740166381634,412.3104258590535
47127,2022,6558,1272,69250.0,9.925558312655088,23.166910382285355,50.74947958180819
47129,2022,21124,4055,51971.0,20.903288097409213,12.46814350127426,40.453483473131875
47131,2022,30670,6699,50638.0,16.145297727649695,17.22496881208705,56.29092884621032
47133,2022,22576,4754,46580.0,17.27473120698187,13.891675025075227,52.07987302993393
47135,2022,8432,1882,55978.0,14.242313768380118,10.719834282755048,20.32958422239099
47137,2022,5042,900,44317.0,20.990138860937815,18.208245243128964,30.938209486408542
47139,2022,17620,3441,53775.0,12.87071362372567,13.317303963390986,40.54256163642848
47141,2022,80157,16514,54371.0,16.32143976595967,27.574660808639944,199.83994255882484
47143,2022,33031,7259,55568.0,15.706562266964951,17.103707919275053,104.703096619996
47145,2022,53777,10044,66460.0,12.151851155797782,21.885361197628857,149.06255543728935
47147,2022,73297,17341,74440.0,10.311982330204307,21.074478649453823,153.87667528803198
47149,2022,343727,83829,78291.0,9.834271465882638,33.38609772883689,555.0546048796399
47151,2022,21917,5210,39744.0,25.704669751787968,10.249363185413594,41.17407256420709
47153,2022,16065,3196,53038.0,22.260165686460507,18.5774490410252,60.42858593723552
47155,2022,98455,20125,60103.0,13.293513418553463,20.116827362938984,166.16541099589546
47157,2022,926440,231266,59621.0,18.12149218360128,33.78931064743867,1216.9775754239993
47159,2022,20034,4486,57677.0,14.852482126674053,16.89628096223856,63.74266214861834
47161,2022,13724,3018,57257.0,11.470304737895752,16.798764796706127,29.84931792873051
47163,2022,158722,30301,54357.0,15.193038096090644,26.311029962708098,383.8092198169965
47165,2022,196845,45661,81883.0,9.403688566675566,31.229886665733876,371.7886728592097
47167,2022,61116,14680,70674.0,10.80098899822445,19.63948248291903,134.14074726027246
47169,2022,11596,1913,62018.0,11.452391399736726,9.75988531836101,101.41505308635497
47171,2022,17845,3254,49855.0,16.67052558462607,17.23229738881782,95.90785966119185
47173,2022,19860,4265,57094.0,15.890858923918042,13.083048919226394,88.82607353868586
47175,2022,6182,1205,44730.0,17.00268817204301,10.20052310374891,22.610317648995114
47177,2022,41163,9644,52948.0,16.802622175123837,13.9609700912112,95.13651186924075
47179,2022,133282,24876,58507.0,15.736024820571837,33.369859411126576,408.15439077869104
47181,2022,16325,2961,49360.0,19.64137358072556,12.153204026516082,22.237842064325598
47183,2022,32946,6169,47769.0,18.90842658141128,20.106997443423918,56.76889755028406
47185,2022,27420,6011,48220.0,17.05050355450237,13.539681722202193,72.79426990692315
47187,2022,248897,65662,125943.0,4.171357779580241,61.986801270807014,427.0234102236367
47189,2022,149096,34685,89462.0,8.290593051213415,36.73963088688595,261.07359986551984
48001,2022,58077,11032,57445.0,15.633511993673665,13.111509096050522,54.65468743677167
48003,2022,18362,5623,86458.0,11.941854086670324,19.69573485465906,12.235737522706282
48005,2022,86608,22010,57055.0,16.09991079393399,18.649716119476672,108.54969199049964
48007,2022,24048,4187,58168.0,17.871139016476338,24.16692946494271,95.4024493293503
48009,2022,8649,1962,69954.0,12.285814197458912,25.17401392111369,9.575008662786772
48011,2022,1912,425,70417.0,5.895078420767982,25.920360631104433,2.103125759660684
48013,2022,49403,13298,67442.0,14.062982084456054,14.525334517090494,40.50946994855446
48015,2022,30406,7171,73556.0,11.939653740072442,24.129210802557495,47.0320001979904
48017,2022,6902,1858,69830.0,12.739520958083833,15.338553661906957,8.346110871952135
48019,2022,21182,3550,70965.0,14.267858859725028,27.335831439277598,26.778964189361737
48021,2022,98435,25138,80151.0,11.940703056586464,23.04881636191921,110.82177098672864
48023,2022,3475,817,52716.0,11.63133097762073,23.25769854132901,4.005851424987982
48025,2022,30977,6266,50283.0,19.961799660441425,11.49537037037037,35.19157865079825
48027,2022,372821,102628,62858.0,14.68678195167786,26.772697732422323,353.77683898082336
48029,2022,2014059,505065,67275.0,15.172077534529812,30.431741086321253,1623.815532219378
48031,2022,11608,2055,79717.0,9.771816756662602,30.624929370550348,16.366538268485673
48033,2022,686,235,80625.0,1.6034985422740524,39.40774487471526,0.7643939503678785
48035,2022,18404,3849,63868.0,11.544427210281409,18.966945260146073,18.72283109064255
48037,2022,92747,21942,56628.0,17.37765975790599,22.250753600535894,104.80609397935903
48039,2022,374600,97090,91972.0,7.532447444668786,31.40897562407744,274.78049102525546
48041,2022,234548,46789,57562.0,24.307028382789593,43.202215706500105,400.1583244901371
48043,2022,9454,1724,47747.0,15.650384490414817,47.69897887816478,1.528842551048609
48045,2022,1290,248,35446.0,24.353954581049333,15.746421267893659,1.4333317407425104
48047,2022,7059,1577,30566.0,33.21630285452603,19.10866910866911,7.482867001287956
48049,2022,38159,7956,53792.0,13.284478483663012,19.886192342478143,40.40332383223287
48051,2022,17958,3923,71745.0,12.45903491919991,22.464668426774345,27.24698899378226
48053,2022,49684,10186,71482.0,7.834661067539472,28.117435117941792,49.943707277844794
48055,2022,46141,10651,66779.0,14.013319952559073,16.690661605915842,84.73374823934284
48057,2022,20127,4738,62267.0,9.205020920502092,16.20530141713782,39.703628304443804
48059,2022,13869,2971,63906.0,8.790646693459992,22.87359868353389,15.420760263828539
48061,2022,421854,124250,47435.0,25.34448807151126,19.47475102846931,473.079523930745
48063,2022,12543,3309,53968.0,21.534395771602465,20.7275390625,64.04489218624742
48065,2022,5801,1371,83199.0,7.50260507120528,25.224071702944943,6.303824566550936
48067,2022,28637,6427,54303.0,18.498174988482937,17.223137196187054,30.564129492778683
48069,2022,7381,2139,59886.0,12.440060282230442,19.493220715714603,8.252053789840392
48071,2022,47037,12861,106103.0,13.702380697739086,22.789081554241424,78.77627718155874
48073,2022,50824,12893,56971.0,16.576884889198723,16.17325710180501,48.26796966632003
48075,2022,6781,1257,56063.0,15.083693812300169,14.640496695373523,9.735668209116582
48077,2022,10290,2075,75227.0,9.092696353091517,23.241306079108043,9.451127384480863
48079,2022,2529,681,41597.0,25.848142164781905,8.52575488454707,3.2628805726361856
48081,2022,3305,715,40230.0,16.509136735979837,19.49685534591195,3.625310701741685
48083,2022,7808,1697,51034.0,17.113615753335925,20.651395848246242,6.182527076269643
48085,2022,1079153,271621,113255.0,6.322078916289731,54.289836202035765,1282.7711059627918
48087,2022,2865,844,52045.0,22.34576757532281,25.195968645016798,3.1194164894642116
48089,2022,20582,4793,63352.0,7.451862965741435,22.172268607721403,21.43308642900954
48091,2022,165201,36744,93744.0,6.100544887635993,40.53736196265966,295.25063982499535
48093,2022,13651,3087,57383.0,13.528009535160907,18.876755070202808,14.55713818030974
48095,2022,3235,591,55750.0,15.928837401737692,11.560226354082458,3.2884203892229267
48097,2022,41860,9649,66374.0,13.32863016031333,23.270065835551197,47.84951521788333
48099,2022,82927,18722,63281.0,10.612318189980249,17.30317778413971,78.80944303001101
48101,2022,1647,421,47625.0,24.104432301153615,18.322698268003645,1.8288539182112544
48103,2022,4636,1198,71364.0,3.8103677447939743,15.653075328265375,5.905213427100039
48105,2022,2949,531,64103.0,9.314404432132964,15.61433447098976,1.0504665653127319
48107,2022,5157,1313,50268.0,23.575949367088608,14.034573688836801,5.728733313411812
48109,2022,2181,332,35924.0,22.160664819944596,10.485781990521327,0.5721171956236838
48111,2022,7165,2269,71969.0,8.562865705722848,14.304902619207521,4.766713768318418
48113,2022,2604053,665628,70732.0,13.982521556656133,33.883096896348306,2982.195373339441
48115,2022,12342,3143,45268.0,24.78277295051001,13.498026232013244,13.708672384722528
48117,2022,18585,5724,51942.0,15.84239575933111,11.831532280410086,12.416306013674305
48119,2022,5278,1196,68491.0,14.11313518696069,21.484692495258738,20.550398704211315
48121,2022,914870,218680,104180.0,7.416557225653711,47.86627476908373,1041.1654516113613
48123,2022,19826,4431,61100.0,16.53442109968708,14.063396442914517,21.811356955519177
48125,2022,1570,309,46638.0,12.273641851106639,20.18739352640545,1.741109252942142
48127,2022,8672,2411,27374.0,43.568755846585596,14.586070959264127,6.525771605518912
48129,2022,3298,637,51711.0,11.310531662715881,13.503480278422275,3.557571057034401
48131,2022,9960,2521,50697.0,21.579116293998073,7.821316614420063,5.553458449704122
48133,2022,17812,3725,52902.0,16.191602602010644,22.857377858200362,19.22487447491009
48135,2022,162300,49182,70566.0,15.783595592547762,16.602714857449357,180.7583162190216
48137,2022,1380,270,40809.0,23.40267459138187,19.024970273483948,0.6515974525372639
48139,2022,195509,51493,93248.0,8.195068481818323,27.869294951692165,208.94321281088892
48141,2022,863832,229203,55417.0,19.50623152662989,25.01265945778281,852.3331731608865
48143,2022,42788,8810,59654.0,16.54137203820866,32.36157385372045,39.50224293491657
48145,2022,17013,3572,45172.0,15.849953770968167,13.476949590693666,22.22483491074403
48147,2022,36052,7645,65835.0,12.831617201695941,20.57183533040693,40.46989622096123
48149,2022,24564,4925,72881.0,10.16042780748663,24.059983337961675,25.85863860015538
48151,2022,3680,785,60461.0,12.17966381923395,19.900306748466257,4.093660277367732
48153,2022,5386,1413,49321.0,19.02621722846442,16.02637614678899,5.428652926039895
48155,2022,1075,224,41944.0,22.0703125,16.045845272206304,1.5261280215560258
48157,2022,832607,224909,109987.0,6.925968627982909,48.62033262753365,966.1558206163339
48159,2022,10445,2423,67915.0,8.623693379790941,30.717794759825328,36.72760389745104
48161,2022,19599,4418,55902.0,12.658227848101266,17.38158748468027,22.329164630165735
48163,2022,18151,4229,56042.0,20.662224639651892,8.516084990186876,16.01321922080351
48165,2022,21523,7635,73299.0,12.660713450839218,10.398628375482213,14.326098286499334
48167,2022,350801,83776,83913.0,11.018453523921128,33.805945879739326,924.5936464678146
48169,2022,5735,884,56215.0,15.389972144846798,13.275613275613276,6.419182105536502
48171,2022,26953,5362,70162.0,9.070405593354133,35.233265720081135,25.470562331199524
48173,2022,1068,265,112188.0,5.2434456928838955,37.75372124492557,1.1863792992364073
48175,2022,7092,1479,58125.0,9.982837528604119,17.842981760507534,8.323836194603121
48177,2022,19736,5257,64255.0,13.072568193515183,13.086090638231143,18.50216464826575
48179,2022,21272,5370,54563.0,16.996412096360842,16.030154327572717,22.972567264307635
48181,2022,137008,32522,66608.0,11.427189882834295,22.819626067221442,146.87317759253543
48183,2022,124245,31964,63811.0,16.544634026744678,22.423433092878717,454.47728436608384
48185,2022,29442,6595,63484.0,14.374613481756338,19.425030978934323,37.38828089085751
48187,2022,173828,42513,88111.0,8.705674171692007,29.539614283118613,244.39720380399635
48189,2022,32525,8787,50721.0,18.512024876773957,14.802896218825424,32.373492057172434
48191,2022,2847,625,43873.0,18.56887298747764,18.200202224469162,3.222440044731588
48193,2022,8244,1738,54890.0,17.143924302788843,25.05161734342739,9.862246759538948
48195,2022,5270,1518,62350.0,8.355795148247978,29.57875457875458,5.729444124330025
48197,2022,3541,745,60455.0,11.174785100286533,17.428224828143954,5.094128445118354
48199,2022,56576,13874,70164.0,13.459814223720546,18.46864479761998,63.52742494744974
48201,2022,4726177,1239043,70789.0,15.772336273074345,33.16698986804085,2768.6760002975952
48203,2022,69098,16761,63427.0,16.338776606860318,22.198318442254077,76.77052282128172
48205,2022,5369,1192,78065.0,6.944444444444445,25.28311176760217,3.67248970724737
48207,2022,5408,943,52786.0,15.038910505836576,20.161493817814787,5.988043842933433
48209,2022,245351,55716,79990.0,12.925218677886738,40.363114507893066,362.48840219132103
48211,2022,3371,846,67798.0,6.1408789885611075,23.297966401414676,3.719576380965832
48213,2022,82627,17652,59778.0,14.759629593143533,19.050796420811306,94.56346213490231
48215,2022,873167,276461,49371.0,27.69962399748097,20.122965845954255,555.7343296026273
48217,2022,36138,8357,60669.0,13.319106558543178,17.510072522159547,37.68858371103959
48219,2022,21495,5728,53283.0,15.0708024275118,17.187270860830033,23.66269187751543
48221,2022,62459,12922,80013.0,8.870104163286499,31.651396352744253,148.45105505088677
48223,2022,37008,8969,63766.0,13.398576023311435,21.596055954146458,48.22322788628554
48225,2022,22107,4358,51043.0,17.609603340292278,14.775094987130776,17.958614033990333
48227,2022,34488,7514,67243.0,14.500442086648983,13.81509924881447,38.28635055190382
48229,2022,3329,566,35163.0,25.441116126384898,10.347903657448706,0.7283639903319472
48231,2022,101596,24185,66885.0,12.242623216601816,21.331266581214415,120.88703161867683
48233,2022,20595,5159,62211.0,10.360713585571457,15.605825386264508,23.207621159671138
48235,2022,1561,401,54708.0,7.431133888532991,18.367346938775512,1.484483768629748
48237,2022,8588,1879,58861.0,14.499272390527848,15.545283341893512,9.427293045230808
48239,2022,15010,3783,67176.0,11.960267585647678,13.033104682373994,18.096481614770394
48241,2022,33032,7758,48818.0,22.83861671469741,12.238544178908134,35.19077829447454
48243,2022,1992,291,38125.0,24.602767811378783,27.845777233782133,0.8796426319331472
48245,2022,254942,62041,57294.0,18.193225117006637,19.90694172387221,290.7856992135594
48247,2022,4830,1559,42292.0,29.002764193068252,12.751127511275111,4.251113166744853
48249,2022,39060,10548,46626.0,22.6226874643727,15.263030888030887,45.14688340869372
48251,2022,182690,46951,77058.0,10.603706982467276,21.382193513794288,251.9688297358803
48253,2022,19758,3226,59361.0,14.196118940455987,11.158124616119567,21.277076905681103
48255,2022,14805,3048,57798.0,21.000535045478866,16.275248864405143,19.79934523745841
48257,2022,149773,42087,84075.0,9.785920326422525,23.768149561879856,191.84646441874645
48259,2022,45376,10285,104196.0,5.093606183816631,48.51162201532713,68.49683147811018
48261,2022,116,28,45455.0,2.586206896551724,8.045977011494253,0.07953038677821032
48263,2022,635,152,68553.0,7.958477508650519,27.876106194690266,0.703595650781656
48265,2022,52810,9846,66713.0,12.538478128737527,29.77236110389273,47.864106180188735
48267,2022,4316,830,62386.0,12.42060691601976,27.856468366383382,3.450095125421669
48269,2022,216,51,59375.0,27.77777777777778,30.625000000000004,0.23713514397726138
48271,2022,3157,371,52386.0,15.62287270251872,13.288643533123029,2.320414131814517
48273,2022,30860,7514,52487.0,30.566258428512455,22.95986524946274,35.016214572464044
48275,2022,3333,818,48750.0,11.426787386824852,14.155844155844155,3.91831379662623
48277,2022,50149,11948,58246.0,15.960523388678787,20.89146266561376,55.270898933244865
48279,2022,13024,3574,54519.0,17.44940220364148,12.875379939209727,12.81661436299242
48281,2022,21829,4642,73269.0,9.490333919156415,20.18514921991325,30.635989041834144
48283,2022,6965,1549,62798.0,28.03131245836109,5.420477358911444,4.684859931768529
48285,2022,20379,4806,58530.0,10.23847856711612,19.556093049726115,21.01558302542309
48287,2022,17543,3763,66448.0,13.16464552238806,16.58997335916687,27.88852855144347
48289,2022,15928,3574,57363.0,14.369556985990156,15.010250467956146,14.842203742978654
48291,2022,93523,26111,59605.0,17.7203836158322,10.560421804575219,80.73790977361823
48293,2022,22222,4965,53102.0,21.49532710280374,16.857768616335996,24.54303480114421
48295,2022,3038,889,71625.0,13.789615643964936,24.732905982905983,3.258908362243004
48297,2022,11374,2228,55949.0,21.041456016177957,13.56219025746404,10.939746752653424
48299,2022,21637,3449,64241.0,11.312111438320946,31.809401159047006,23.164340811399633
48301,2022,96,28,,5.208333333333334,0.0,0.1435368067246994
48303,2022,311509,73592,61911.0,17.215924864288127,32.62386809028247,347.8207953979558
48305,2022,5619,1532,52996.0,18.810986628117092,24.56379498364231,6.300266743808214
48307,2022,7638,1688,53214.0,13.464630225080384,18.551532033426184,7.167786066266829
48309,2022,261090,62920,59781.0,17.88032211768458,26.941239349828656,251.84963682489462
48311,2022,670,211,60313.0,14.925373134328357,15.74074074074074,0.5878229407114763
48313,2022,13556,2938,65768.0,12.473328591749643,14.039806347498654,29.08607168527995
48315,2022,9668,1661,48040.0,15.703084161003659,16.258813770219827,25.38185675055526
48317,2022,5228,1542,70217.0,16.88588007736944,16.89301093077178,5.7139359706914865
48319,2022,3959,884,77583.0,4.936708860759493,37.99205489346335,4.262324027061828
48321,2022,36251,9364,56412.0,21.76388501255931,20.850849167647553,33.162812568039065
48323,2022,57806,17927,48497.0,23.435380066098453,15.822460602042968,45.17943283031491
48325,2022,51432,11680,73060.0,10.274321324562655,22.182561386338122,38.80603096062129
48327,2022,1964,373,40945.0,22.4830464267084,23.86885245901639,2.17731841729793
48329,2022,169393,48916,90123.0,10.75262401021559,29.44701509519836,188.13960668978342
48331,2022,25080,5881,56985.0,14.27233488069061,18.23928822289862,24.676392917442314
48333,2022,4501,847,59315.0,6.876591803658254,28.45360824742268,6.015570182765879
48335,2022,8947,1650,49869.0,14.450145610872278,9.59882762410698,9.820073252675632
48337,2022,20197,4579,63336.0,12.955037510699361,16.719487287837172,21.69606813147622
48339,2022,629989,163196,95946.0,8.815014363800985,37.74240863082611,604.5321511164849
48341,2022,21284,6672,59041.0,13.479891743032143,11.843468558221089,23.656827068638588
48343,2022,11993,2757,51532.0,15.766073871409029,13.543074843308345,47.59334732865324
48345,2022,1223,215,66528.0,9.403107113654947,20.412595005428884,1.2358953318929713
48347,2022,64768,14991,51153.0,22.4418722029678,25.358610632374383,68.44167536699905
48349,2022,52834,13503,56261.0,16.45697030699547,17.003679175864605,52.32632994685561
48351,2022,12333,2658,38871.0,24.21849292530438,6.788780767029193,13.20906480506642
48353,2022,14657,3798,47437.0,15.535739166782777,13.955928646379853,16.071324796024548
48355,2022,353245,85206,64027.0,17.30461965960403,22.490441627037896,420.90757656277185
48357,2022,9924,3005,62240.0,12.216227221826326,18.558736426456072,10.814168260350774
48359,2022,2171,723,71103.0,17.17062634989201,23.886328725038403,1.44682887233318
48361,2022,84761,21218,71910.0,11.92052190298997,17.1633232766986,253.9381519895981
48363,2022,28569,6641,65242.0,15.83362831858407,18.062760002054336,29.992157883741413
48365,2022,22540,5218,58205.0,13.971856559237402,16.152236463510334,27.780687861663512
48367,2022,151188,37266,95721.0,7.912413853267034,30.880566008153025,167.29536504156712
48369,2022,9809,2712,65575.0,9.513023782559456,18.45018450184502,11.136188696467618
48371,2022,15114,3711,59325.0,22.965230358684565,11.471903558234493,3.1726539647154026
48373,2022,50536,10162,57315.0,16.369391334103256,13.18642211880646,47.80874986400768
48375,2022,117905,31729,47974.0,20.708042586864252,16.96768693891686,129.79557238630986
48377,2022,6168,1842,29012.0,39.99675482719455,21.217712177121772,1.5998954153969702
48379,2022,12257,2355,60291.0,10.993344836085777,20.4983135676205,53.40973462895987
48381,2022,141489,33823,78038.0,9.433295086344382,32.709488518752885,155.02059249861128
48383,2022,3308,1002,70319.0,7.186358099878197,11.983887210473315,2.8145670008185046
48385,2022,2830,675,46842.0,24.527574238333976,20.945602440264363,4.047720189542007
48387,2022,11627,2338,44583.0,20.211742059672762,13.968591333097176,11.138082720884073
48389,2022,14022,3253,57487.0,20.96611615104288,9.841269841269842,5.320727310258888
48391,2022,6718,1517,54304.0,16.297878834121775,11.205613438230916,8.719194688014287
48393,2022,764,178,62667.0,14.736842105263156,19.21641791044776,0.8267879288962381
48395,2022,16912,4023,59410.0,14.248937316649704,18.38006230529595,19.776531739860026
48397,2022,110631,29443,121303.0,4.173165859398517,43.8688542794481,869.6790321439521
48399,2022,9858,2310,55424.0,11.8580375782881,18.3187134502924,9.379013766923231
48401,2022,52755,11799,61661.0,13.423717465896729,15.833356416719758,57.081862239625885
48403,2022,9980,1757,47061.0,17.309644670050762,17.88201287610038,20.29651623924671
48405,2022,7920,1555,45888.0,27.284578281840698,12.775782452539763,14.924838738248104
48407,2022,27666,5873,54839.0,17.37739484494856,15.998773257002657,48.601388159362514
48409,2022,68942,18098,63842.0,15.759941089837998,17.60304659498208,99.43734576047747
48411,2022,5779,1115,54087.0,14.280170741171904,19.436345966958214,5.09022621955355
48413,2022,2474,598,53774.0,14.476885644768856,13.595166163141995,1.8876245382034147
48415,2022,16883,4273,58932.0,11.822096622258108,18.558476881233002,18.646080104258125
48417,2022,3134,746,60924.0,11.301259283177268,32.402234636871505,3.4278114288089285
48419,2022,24157,6280,49231.0,23.26406276080788,13.833668847508807,30.363667672629962
48421,2022,2414,562,66169.0,8.319327731092436,21.785940468651045,2.6157813752898598
48423,2022,234667,56849,69053.0,12.6128296201567,27.37845123504276,254.665085140856
48425,2022,9337,2020,87899.0,7.281659388646289,28.597560975609753,50.1431202908591
48427,2022,65716,21447,35979.0,33.4602394841879,12.732902235861465,53.72557900356366
48429,2022,9260,2036,44712.0,16.659096070860777,18.40944881889764,10.326511813596426
48431,2022,1392,482,63558.0,1.7699115044247788,23.414634146341466,1.5073923952486818
48433,2022,1331,369,66591.0,7.059736229635376,15.084525357607282,1.4525604242218544
48435,2022,3345,1084,56778.0,16.56644618159952,15.341772151898732,2.3006530553291586
48437,2022,6989,1748,40290.0,29.516179704681118,19.29785824685361,7.851397501572751
48439,2022,2113854,544440,78872.0,11.020606979690559,33.91045357754241,2443.0585877591307
48441,2022,143029,35084,61806.0,14.582206301630235,28.670735064696707,156.2243319760228
48443,2022,862,108,52813.0,6.380510440835267,29.526462395543174,0.36557054875447315
48445,2022,11816,3236,42694.0,22.353261362605462,11.025013594344752,13.293566638277957
48447,2022,1439,264,55221.0,13.968033356497568,20.206766917293233,1.5768964398741112
48449,2022,31301,9001,57634.0,18.335164480062044,15.348980852378011,77.0387544240491
48451,2022,119276,28700,67215.0,11.73963580007749,24.64364247833398,78.35146355562563
48453,2022,1289054,267428,92731.0,11.281487165963014,53.790602106290585,1296.451552558901
48455,2022,13735,2707,51165.0,14.238165680473372,14.841166449544044,19.796914074042046
48457,2022,19962,3816,50898.0,17.951175508823365,13.10693041914511,21.59478142342518
48459,2022,41261,9824,60456.0,14.558914250462676,17.025641025641026,70.77601289924182
48461,2022,3284,892,55284.0,20.335299596398634,9.658314350797266,2.645564450187421
48463,2022,24833,6478,55000.0,24.12414080399917,19.088208704636443,16.0014485264079
48465,2022,47693,13361,57250.0,16.198982377219227,20.234339792699412,15.16591143970109
48467,2022,60053,13721,62334.0,13.14518997848661,17.07784431137725,71.27343419909515
48469,2022,91209,22993,66308.0,16.642231200546163,19.19690680235672,103.40136517146269
48471,2022,77182,10951,47193.0,19.459326211996714,19.32128639450472,98.41856005059792
48473,2022,57463,13395,71643.0,13.027529874451671,24.87463336171823,111.94883274205772
48475,2022,11347,3292,70771.0,13.616945532217873,11.344654788418708,13.579415105019969
48477,2022,35807,7657,70043.0,11.889925762499628,28.853068815871048,59.26407743208308
48479,2022,267282,85117,59984.0,21.38728980457506,20.583272437387894,79.51323792688811
48481,2022,41614,10717,59712.0,14.645342449029423,18.106648046745804,38.3135906723062
48483,2022,4980,1223,58158.0,18.334356455903418,17.265353418308226,5.445402188876727
48485,2022,129584,29426,58862.0,15.754212800777353,23.866740140878814,206.47776504836736
48487,2022,12795,2914,50769.0,18.393442622950822,16.63794093990578,13.177869830042042
48489,2022,20308,4885,42839.0,26.617297011372653,10.482747949868482,34.38461395194484
48491,2022,617396,152606,102851.0,6.340779341205434,46.28418147783632,553.3030361961469
48493,2022,50381,11916,89708.0,10.290269334514273,25.393120751524346,62.68367395182983
48495,2022,7582,2182,89155.0,12.63340448239061,9.090909090909092,9.012575050310899
48497,2022,70062,17189,85385.0,9.081235514481873,20.805639049997886,77.46836282818902
48499,2022,45341,8537,61748.0,12.625752216454591,21.13308261555259,70.26965034878332
48501,2022,7630,2462,80317.0,13.620825663949512,9.682332463011315,9.540898945249245
48503,2022,17903,4276,65565.0,15.71623310235147,22.541445356510543,19.576860747645156
48505,2022,13896,4533,35061.0,37.18611252638475,11.34984833164813,13.918101945890072
48507,2022,9700,2847,49243.0,31.004774756072244,13.758158708347649,7.476451105936688
49001,2022,7102,2190,80268.0,7.031023485068136,27.54067436925253,2.749609742801923
49003,2022,58291,18090,72769.0,8.149133107688057,25.83699113520957,10.082673389948011
49005,2022,134428,39835,72719.0,13.545270828868,39.95406909984157,115.41985099859448
49007,2022,20338,5246,53734.0,16.605757196495617,16.731898238747554,13.747994886919395
49009,2022,638,162,61250.0,7.809847198641766,18.181818181818183,0.9159888875329318
49011,2022,363032,112972,101285.0,6.04573848420854,38.37453336552569,1117.9984971482772
49013,2022,19779,6494,70821.0,13.50100293164635,14.377133105802049,6.113076618525042
49015,2022,9898,2826,67056.0,11.806761311408437,15.60012734797835,2.2179721173701186
49017,2022,5121,1134,56481.0,15.908631493834646,30.317587403255935,0.9886947838772282
49019,2022,9680,1779,59171.0,15.678716532972183,31.72166427546628,2.6355497544419086
49021,2022,58068,16127,63005.0,14.12299493181462,30.378697134432876,17.616825846505957
49023,2022,11943,4027,88048.0,8.56245756958588,21.39251781472684,3.5211267605633805
49025,2022,7814,1782,70327.0,12.917712323339057,32.38808632067059,1.9563660763017823
49027,2022,13027,4066,69403.0,11.187995646089256,23.550221099178774,1.919834140006561
49029,2022,12367,4247,120854.0,1.7239983812221773,37.5792507204611,20.30049392889328
49031,2022,1764,338,33359.0,20.904925544100802,19.611021069692057,2.326532227219372
49033,2022,2543,818,69250.0,8.007889546351086,26.83246073298429,2.4719127336069318
49035,2022,1180643,308078,90011.0,8.096582738290966,37.693657677910565,1568.2272212865212
49037,2022,14524,4099,52108.0,20.651103923498802,19.05937815691997,1.8563952265948682
49039,2022,28816,7152,64356.0,14.814814814814813,22.32281875324376,18.12536796711066
49041,2022,21667,6240,66972.0,11.740130498051919,22.82712511938873,11.341152676087006
49043,2022,42524,10012,126392.0,5.235824559746943,57.44289384156078,22.73191373804308
49045,2022,74032,23475,95545.0,4.536949782166318,22.58375844478147,10.515505797362884
49047,2022,35951,11526,67983.0,11.572181659290164,17.976207269478532,8.019619525925403
49049,2022,666021,214695,91263.0,8.867067159581023,42.82630345460943,332.2695389281901
49051,2022,35009,10495,104855.0,5.359864278114846,46.675712347354136,29.74547815034088
49053,2022,183297,45648,71976.0,8.816140378000233,32.76444282194031,75.50577960272517
49055,2022,2532,595,64870.0,8.463073852295409,22.247575584711925,1.028810764643691
49057,2022,262960,71849,82291.0,7.6395939086294415,27.01134777595728,430.342624474673
50001,2022,37434,6060,85870.0,7.496945365683365,41.84272075457229,48.848343600872205
50003,2022,37326,7038,68558.0,11.204350346426699,39.40003726476616,55.360437591585146
50005,2022,30418,5767,62964.0,11.80996085841544,31.507846258812826,46.85365203715884
50007,2022,168309,29334,89494.0,11.163931333710622,55.69557124918737,313.51273821875424
50009,2022,5976,1023,55247.0,13.231594834814691,20.166593599298555,9.022147742198468
50011,2022,50101,10811,73633.0,10.374622356495468,27.4084355437215,79.40427379822208
50013,2022,7335,1263,86639.0,7.4367737525632265,42.599857346647646,89.70282499694265
50015,2022,25977,5264,69886.0,8.583707909470862,42.79848730415991,56.318088692805496
50017,2022,29439,5264,74534.0,9.219686212032002,35.22613065326633,42.851029391215235
50019,2022,27459,5331,63981.0,9.8175662967839,27.73406374501992,39.534836844469524
50021,2022,60585,10640,62641.0,11.357566891765467,33.040413953073426,65.10665735317824
50023,2022,59768,10950,77278.0,9.88097094443578,46.1757479736401,86.99094693331006
50025,2022,45857,7792,65473.0,12.556711735096945,40.396417559829686,58.34528264196988
50027,2022,57832,10280,69492.0,8.716456628047604,40.75906831154483,59.67327868717136
51001,2022,33367,6835,52694.0,15.898058252427186,21.34776192818495,74.26110567079142
51003,2022,112513,22003,97708.0,7.094230769230769,60.13049807632318,156.16568027626334
51005,2022,15159,2859,52546.0,13.691717688219068,15.24056984141206,33.94525406877278
51007,2022,13309,2758,63438.0,11.127944852662678,17.722681359044994,37.45216118865376
51009,2022,31426,6227,64454.0,11.290639105121999,21.85833968012186,66.30489364126238
51011,2022,16253,3549,60041.0,13.771973260708096,19.27595509529197,48.62906314328115
51013,2022,235845,42687,137387.0,6.6691578829815565,76.7600101661237,9072.008308650999
51015,2022,77433,14553,76124.0,8.10829130741283,23.25675060413967,80.06936387494649
51017,2022,4177,642,55699.0,23.66336633663366,18.34006838669568,7.893016277338332
51019,2022,79761,15622,74773.0,9.066278407292524,32.55649839067798,104.93432477660951
51021,2022,6241,950,59901.0,10.748999428244712,16.416416416416414,17.45026492751192
51023,2022,33734,6340,77680.0,7.193445771562332,27.652565184203127,62.3231031858054
51025,2022,15965,2488,52678.0,17.166691058100394,16.045085363832257,28.19475840632947
51027,2022,20246,3422,39591.0,25.277230801119288,10.935577856911621,40.262183456828424
51029,2022,16869,3041,59894.0,14.008069939475455,12.155617308455737,29.10339996860028
51031,2022,55518,10922,59022.0,9.977705493220277,24.647605718284517,110.32835393784268
51033,2022,31181,7069,83562.0,11.566824931811293,22.309516061549907,59.12625648746688
51035,2022,29126,5204,49113.0,15.236614853195164,15.900672245849911,61.35095967510911
51036,2022,6760,1005,65573.0,12.466447957053385,16.193875634040957,36.9598854024855
51037,2022,11563,2580,51548.0,20.31387762299418,16.629874908020604,24.327997710900156
51041,2022,366019,86226,95757.0,6.691664981957457,42.321139527355136,864.2593021114224
51043,2022,14882,2825,107475.0,5.398563120082107,34.49192956713133,84.57700132986281
51045,2022,4898,1231,66286.0,10.928270042194093,15.96662830840046,14.928466494766807
51047,2022,52822,12962,92359.0,7.332278048113189,26.846811271260542,139.3051357923108
51049,2022,9697,1897,56497.0,7.945516458569807,18.53083853083853,32.59780686715478
51051,2022,14089,2724,40143.0,22.473394495412844,11.4269197417863,42.63708994068515
51053,2022,28057,5713,77225.0,11.048792111147769,17.85306810853713,55.68124536105389
51057,2022,10602,1849,52335.0,17.11265593752976,15.317769130998704,41.19617336431531
51059,2022,1145354,264938,145165.0,5.982567109052927,64.10497570101579,2929.144289294665
51061,2022,73290,16946,122785.0,5.822590167085409,39.42649482693568,113.1028991009176
51063,2022,15532,2809,57146.0,9.426495393797845,23.198699298305662,40.774644744475914
51065,2022,27442,5425,90766.0,6.0555512452478855,35.790513833992094,95.57776098245662
51067,2022,54838,10259,66275.0,13.25233222991273,23.845710129661676,79.40516355106355
51069,2022,92007,20911,92443.0,6.76993943151997,29.090965848785665,222.70444285766155
51071,2022,16711,3362,61987.0,9.6569250317662,19.254863171777117,46.78004059066414
51073,2022,38875,7752,83750.0,7.455726710677984,25.498726655348047,178.48124512189523
51075,2022,24906,4226,105600.0,4.2260010051935,44.436780389451904,88.31006740441586
51077,2022,15356,2499,43348.0,18.685121107266436,14.104851729118872,34.75898910103331
51079,2022,20631,4820,81338.0,11.117088917147608,27.88878021517396,132.29494635998128
51081,2022,11373,1850,51823.0,12.934614928206953,13.42780810779417,38.52289932831347
51083,2022,34013,6838,49145.0,14.698598695337036,17.085243640199618,41.594362938423515
51085,2022,110513,23921,104678.0,5.18311521825342,41.84199924625401,236.35453715248744
51087,2022,333120,74210,82424.0,8.41811060857756,45.38530927835052,1425.4233009127124
51089,2022,50760,9824,43694.0,16.129356030191104,14.395419152864367,132.7575970770313
51091,2022,2247,288,57070.0,10.254123941150246,30.65268065268065,5.412332023807516
51093,2022,38898,8199,91680.0,9.762348555452004,29.7823514647352,123.2177645437699
51095,2022,78818,15456,100711.0,7.280121100164203,50.01652030258238,553.8939408846225
51097,2022,6681,1226,70147.0,19.937040923399792,22.56390543916971,21.200707007561938
51099,2022,26985,6659,103264.0,6.928389130761146,34.85733355581512,150.22713608123456
51101,2022,17845,4069,79398.0,8.023958863084138,24.807956658850166,65.149136577708
51103,2022,10866,1595,62674.0,14.004890895410082,32.30346721592859,81.5117099005296
51105,2022,22287,4162,41619.0,25.980297469576975,11.51835606561317,51.19000041343384
51107,2022,420773,114948,170463.0,3.7547843258194615,63.50418482903242,815.8673897742455
51109,2022,38106,7615,76594.0,10.859823923243187,25.834079913993907,76.96968962466521
51111,2022,11988,2345,54438.0,13.03798610484526,11.103534492555973,27.76928422515636
51113,2022,13828,2768,74586.0,7.956215104319718,24.498269896193772,43.1263820059319
51115,2022,8537,1291,79054.0,6.837000236574403,29.8053152039555,99.37027854407468
51117,2022,30367,5594,51265.0,18.766609880749574,21.47019867549669,48.563112696102735
51119,2022,10738,1700,69389.0,9.650063359001852,29.587210689572895,82.39085398603544
51121,2022,99373,14994,65270.0,24.88733043370759,46.51703478494143,256.87933472406405
51125,2022,14773,2555,64028.0,13.241885101181584,30.433609211946745,31.38217081434747
51127,2022,23296,4447,113120.0,3.918889133788847,33.60655737704918,110.9153756058543
51131,2022,12132,2322,54693.0,16.741241029970453,29.338752196836555,57.304262394195895
51133,2022,12007,1774,64655.0,14.815125345853945,33.73455131649651,62.72201094905763
51135,2022,15638,3063,62366.0,19.09699719161806,16.053124164364025,49.740767836127105
51137,2022,36593,7731,87309.0,12.988457794465305,27.301514631261686,107.46369469773725
51139,2022,23753,4739,56760.0,10.035278616058147,14.697074406818706,76.61837899211979
51141,2022,17660,3073,49180.0,11.425911920414219,16.280784545052352,36.56662953407571
51143,2022,60541,11046,52619.0,16.409615352129332,14.987321500066727,62.477618748342366
51145,2022,30503,5491,108089.0,4.543239103188971,32.75591922005571,117.2281535115026
51147,2022,21922,3282,57304.0,18.1101884962725,26.904837179892503,62.64395078097763
51149,2022,42634,8343,80318.0,8.280671170189583,24.093376764386537,160.67565632278342
51153,2022,481114,128132,123193.0,6.049187497897251,43.6734984574246,1435.068828205396
51155,2022,33841,6037,59740.0,13.143526944076006,21.142363293526085,105.80635882428346
51157,2022,7422,1335,98663.0,7.64236439875558,33.81824712643678,27.86328893427237
51159,2022,8968,1552,62708.0,7.547169811320755,17.818717759764187,46.83566780517866
51161,2022,96653,19228,80872.0,7.075446660792577,37.529507704193314,385.766400051088
51163,2022,22673,4048,61903.0,8.892775460782994,30.164415736934817,38.00700027491501
51165,2022,83905,18363,73232.0,8.751390127952877,28.825127097987323,98.73569359162339
51167,2022,25763,4704,44088.0,19.322060496684845,12.551688039780162,54.40695719752325
51169,2022,21536,3867,44535.0,16.995513531767088,13.88252769697345,40.192076920349294
51171,2022,44337,9439,62149.0,12.556176571233033,20.685620315613043,87.26398847423333
51173,2022,29799,5718,45061.0,18.796474800330486,17.45135829662261,66.00877192982456
51175,2022,18003,3477,67813.0,8.364559410129337,18.96343306134784,30.04526064927002
51177,2022,141097,34535,105068.0,7.351776964717462,33.29135891303888,351.0155037216893
51179,2022,157606,41082,128036.0,5.375847697319228,43.07410471575464,585.4497501903754
51181,2022,6546,1107,68655.0,13.349700782568666,23.505735560474943,23.46665519503565
51183,2022,10866,1771,59195.0,12.741969793660923,15.396188565697091,22.165287030879636
51185,2022,40392,7943,46508.0,18.14828191105149,15.940485190021306,77.85794279391894
51187,2022,40800,8867,79313.0,11.963690162742296,22.425109978353465,190.1459649907723
51191,2022,53985,9308,59116.0,12.01280756256075,24.565935567202366,96.19685206337213
51193,2022,18480,3368,56647.0,16.04263459961738,17.641984184040258,80.58397216190053
51195,2022,36105,6860,47541.0,19.913863205132067,16.27110820479286,89.49286139202856
51197,2022,28275,5492,53921.0,17.209185863499783,20.098204399942233,61.20765793848712
51199,2022,70238,16390,105154.0,4.744865305172514,49.48875255623722,670.8436404618867
51510,2022,157594,28559,113179.0,8.824642300563726,66.00038439361906,10551.991965182457
51520,2022,17036,3393,45250.0,16.954211688854397,22.807873759557506,1323.5956802113278
51530,2022,6639,1419,48783.0,21.937181384640684,21.47117296222664,1031.2208760484623
51540,2022,46289,7200,67177.0,23.596281296023562,58.944112047865104,4518.204001952172
51550,2022,249377,60104,92703.0,7.637113368323305,35.761841354384636,736.8077386720873
51570,2022,18158,4241,72216.0,10.227400022403943,28.081491386769446,2414.9487963824977
51580,2022,5722,1285,45737.0,16.92170818505338,11.400651465798045,1046.2607423660631
51590,2022,42507,9334,41484.0,25.29634608334352,18.65010689198819,993.0845968740509
51595,2022,5680,1509,41442.0,17.324723247232473,16.470280178057084,822.7114716106605
51600,2022,24242,5605,128708.0,9.998288696842646,60.052683165890706,3884.31341131229
51610,2022,14576,3540,164536.0,2.326221610461115,78.87149917627677,7124.14467253177
51620,2022,8194,2105,57537.0,18.745332337565348,23.18430818165754,989.9722121541622
51630,2022,28258,5904,83445.0,18.03323029366306,43.475173107652246,2704.1148325358854
51640,2022,6687,1698,44612.0,22.416757855244647,17.46389891696751,811.9232637202525
51650,2022,137217,29283,64430.0,13.45983116902659,27.669761258875784,2666.4270029731256
51660,2022,51784,8497,56050.0,27.23229328121841,35.19314938154139,2987.0789109367793
51670,2022,23046,5895,50661.0,21.32404486505433,11.102225776356125,2225.8064516129034
51678,2022,7346,526,93651.0,16.630824372759857,60.231660231660236,2939.5758303321327
51680,2022,79166,15006,56243.0,17.53289329894654,37.98379430537323,1616.4243711205488
51683,2022,42620,11235,110559.0,4.740608228980322,34.53842819994221,4329.98069694199
51685,2022,17123,4159,91673.0,5.06128672805114,25.015376504700814,5643.704680290047
51690,2022,13539,3440,39127.0,24.583524377197005,20.297972443149995,1235.7612267250822
51700,2022,185118,42864,63355.0,14.665225809356567,28.677443239960397,2683.025102904516
51710,2022,236973,48050,60998.0,16.862237441015576,32.16710217051617,4448.108869075551
51720,2022,3668,624,36974.0,29.106548279689232,19.374068554396423,490.57108465962284
51730,2022,33261,7348,46930.0,22.211027660743728,21.761341308998823,1463.9524647887324
51735,2022,12479,2820,114503.0,4.49726951493736,38.44746770321253,812.5936055219119
51740,2022,97384,22449,57154.0,17.35733948366937,21.24742661075105,2924.3566259271493
51750,2022,16379,1944,51039.0,33.791291291291294,44.775303920229476,1692.7449359239354
51760,2022,227171,38916,59606.0,19.473904581364422,44.124794133184174,3790.921985815603
51770,2022,99213,22023,51523.0,19.113604660704027,28.41060838849561,2333.2706192234423
51775,2022,25372,4730,68402.0,9.615130855509127,32.522673444630584,1747.9848432655872
51790,2022,25581,4845,59731.0,11.442889091360888,33.562128888162555,1284.1867469879517
51800,2022,94856,22407,87758.0,9.434745140595577,32.08192182158491,237.63487462640953
51810,2022,457900,100876,87544.0,8.034368438747542,39.78455173984275,1871.1256584082153
51820,2022,22341,4977,52519.0,16.137362388438365,27.2169124628141,1492.384769539078
51830,2022,15486,1582,66815.0,13.65133126352432,50.61134235171696,1732.6023718952786
51840,2022,28103,6263,62495.0,16.849177772003415,32.26235438055215,3056.999891221582
53001,2022,20557,7159,63105.0,20.92748486191109,14.71842245514301,10.67902206194425
53003,2022,22370,4512,63724.0,16.08738828202582,23.099288586452214,35.16880870966474
53005,2022,207560,54559,83778.0,10.531360071613443,32.338426426782455,122.08492537032507
53007,2022,79076,18118,71876.0,9.22097349545472,29.533012455450635,27.06990125216608
53009,2022,77333,12823,66108.0,10.875811848061405,30.82268437317297,44.47561585094777
53011,2022,504091,116721,90115.0,8.867451460633239,32.189768131298656,802.0553731986845
53013,2022,3980,692,68825.0,9.312357269728496,26.64680569347898,4.5821652457732975
53015,2022,110621,24995,70912.0,12.14267389870263,16.59357483911148,96.93741187687255
53017,2022,43189,10837,79422.0,7.912363940831706,21.727165052602242,23.740081044653714
53019,2022,7260,1242,50424.0,15.528296626707554,18.114768843317144,3.2951456513381876
53021,2022,96692,30500,77877.0,13.421326923485994,20.038388398172994,77.87718388268003
53023,2022,2310,450,57958.0,11.140350877192983,27.004716981132077,3.249699297305282
53025,2022,99145,28640,66387.0,14.2608642578125,17.66875813118588,37.00065720063876
53027,2022,75672,15193,59105.0,14.898251806099378,17.177591767221077,39.79672494284664
53029,2022,86510,15418,82850.0,6.836392295475442,35.36027898647481,414.96781373216805
53031,2022,33006,3856,64796.0,13.825611226161408,43.4584142045863,18.298767885180027
53033,2022,2254371,445321,116340.0,8.445482399511063,54.84588040694278,1065.5256610465578
53035,2022,275411,54989,93675.0,8.270682319129111,35.32940292825467,697.047158899651
53037,2022,44424,7715,66800.0,14.488602741023032,36.055959867165974,19.33771882476259
53039,2022,22798,4302,66581.0,13.772481421221583,30.790349903615866,12.180787289836271
53041,2022,82663,17783,67247.0,12.27906748706886,19.75754273649799,34.40303781200292
53043,2022,11036,2418,68172.0,11.636863823933975,23.01053433176799,4.776250660543002
53045,2022,66053,12786,74388.0,12.94969582805793,21.44255538382277,68.83726068283877
53047,2022,42336,9650,58218.0,18.852026118686382,22.644036021559373,8.039204032210744
53049,2022,23396,3584,58889.0,13.165461357497604,23.712457985471104,25.06607754884703
53051,2022,13570,2602,59353.0,12.92877961288394,21.490259088170315,9.691161189648955
53053,2022,918993,212099,91486.0,8.659495977599004,29.31626926217125,550.9619725428198
53055,2022,18001,2288,76745.0,10.991112611092362,52.59784075573549,103.50518072150604
53057,2022,129480,27640,82029.0,11.977617780560339,28.673881862041988,74.83393835851976
53059,2022,12118,2153,84500.0,8.629737609329446,26.35548753825973,7.307624581792569
53061,2022,828337,184523,104083.0,7.600617624298113,35.365424976479225,396.9954685204755
53063,2022,538711,116842,70394.0,12.310903147722833,31.930515855713278,305.3529483784372
53065,2022,46774,9864,62381.0,13.296070095172324,20.945007535238318,18.8825414203608
53067,2022,294272,62033,88895.0,9.34654747310569,36.40486062843036,407.2963220812151
53069,2022,4476,770,59167.0,13.72858431018936,22.138510576644453,17.023671879754154
53071,2022,62150,12715,66635.0,11.094920899250624,29.87276235133221,48.93573631551307
53073,2022,226523,42934,77581.0,12.868740563948181,37.01559282913459,107.4613285236028
53075,2022,47141,7219,49345.0,23.85776911836337,50.90789581792786,21.83199630244037
53077,2022,256143,75052,64910.0,15.531770880749852,18.19779824989094,59.64426225843589
54001,2022,15527,3121,44341.0,22.004430422232666,11.77247429487784,45.52584743402168
54003,2022,123283,28386,73619.0,10.938733228097869,24.31918489999061,383.88339296334703
54005,2022,21705,4519,56182.0,16.529041287613715,11.666666666666666,43.205207317315924
54007,2022,12505,2373,42245.0,18.190854870775347,11.741282823934569,24.484321614927506
54009,2022,22349,3927,51963.0,11.039692221075349,21.898843219296086,250.56056325395758
54011,2022,93965,18386,48944.0,20.113355455092087,30.302450839787102,334.3664598041448
54013,2022,6279,1194,39031.0,33.67493995196157,8.329800763035184,22.484181577939076
54015,2022,8049,1764,41530.0,24.55542943624669,12.604742378320557,23.539286246962178
54017,2022,7847,1137,56587.0,14.429629629629629,12.004623513870541,24.543120138369776
54019,2022,40545,8336,50090.0,21.51265676694622,15.795192177101725,61.287143379718785
54021,2022,7444,1193,51552.0,11.141353656323716,20.215582450832073,21.9909424731834
54023,2022,11034,2089,52877.0,11.723758930206998,13.21656050955414,23.11404942057766
54025,2022,32995,6391,45519.0,20.01866832607343,20.89497192968078,32.353653526151106
54027,2022,23275,4432,55222.0,17.46664893852768,14.557437705960572,36.34435869969175
54029,2022,28907,5398,57515.0,13.421543442305662,19.092390039562485,349.92131703183634
54031,2022,14249,2906,49205.0,17.27279146952899,14.897900488927235,24.469574027802818
54033,2022,65862,14007,56184.0,13.711393034053323,24.66508557143773,158.31907078710026
54035,2022,27868,6062,55173.0,19.605358435916003,18.623991935483872,60.01391165025336
54037,2022,58043,12570,93744.0,9.121807013506576,32.174796244457106,277.32493693142726
54039,2022,179895,35729,55226.0,16.43524148345899,28.167705678223754,199.50339021019968
54041,2022,16920,3605,50552.0,16.83126833063985,17.604879254924587,43.72883984183186
54043,2022,20410,4545,50985.0,19.18242106305058,8.077242524916944,46.69486814018984
54045,2022,32350,6655,42194.0,23.752976662962375,13.270915650231919,71.43172584349055
54047,2022,18911,3885,28235.0,33.26859698681733,6.6497461928934,35.449838600227196
54049,2022,56194,11131,59974.0,14.912136639842338,25.06862085038065,181.98422850850915
54051,2022,30509,5674,58129.0,14.667834523649104,19.040070453544693,99.88835448922998
54053,2022,25488,5320,53058.0,16.320486815415823,15.475285171102662,59.168740482115666
54055,2022,59530,12312,46409.0,18.772669176828217,20.57410578386606,142.08925869171907
54057,2022,26957,5358,64728.0,13.878908340340953,23.06025588113908,82.21555315631844
54059,2022,23466,5243,38305.0,28.61856200188534,9.560103222708996,55.45682280096422
54061,2022,105988,16910,60893.0,20.64871910562992,48.27379396250788,294.3358919387268
54063,2022,12438,2519,52392.0,13.17365269461078,15.227576974564927,26.3096663380955
54065,2022,17237,3001,61021.0,10.59664752080647,18.698315467075037,75.24675540111667
54067,2022,24624,5177,48826.0,16.675519960773098,18.429460232049774,38.067793570648966
54069,2022,42224,8202,55521.0,14.729848313902469,33.17915200268142,398.9794954171785
54071,2022,6156,1107,52458.0,16.352513227513228,19.234902213625617,8.84419222756986
54073,2022,7622,1463,59666.0,7.718598689831957,12.062615101289135,58.57714861011843
54075,2022,7940,1403,41680.0,20.327349524815205,14.764764764764765,8.444661410556252
54077,2022,34206,6243,60136.0,13.791407018694654,17.56629899084722,52.720810586701276
54079,2022,57347,12494,75725.0,10.945352310665964,29.535760952639233,165.89668449631017
54081,2022,74303,15578,47975.0,22.025505741613294,20.551188559522682,122.73900101424904
54083,2022,28005,5148,51186.0,15.477919528949952,17.630156333706715,26.935654515725687
54085,2022,8507,1726,48973.0,20.31570068682974,12.319538017324351,18.821212858691563
54087,2022,14027,2889,41299.0,21.07571726468685,13.620178041543026,29.007595701077214
54089,2022,11985,1901,42991.0,21.18590610074795,16.54286926994907,33.237378947718724
54091,2022,16602,3358,52946.0,16.852402179296682,18.34741938130795,96.09251552633255
54093,2022,6747,960,54053.0,9.755725190839696,24.832962138084632,16.10093450807075
54095,2022,8336,1580,59167.0,12.024390243902438,16.386282756389516,32.52413168839884
54097,2022,23875,4878,49663.0,17.829664220591507,16.646363747106836,67.3221707769613
54099,2022,38933,7953,52694.0,16.73931546774651,18.313932728700994,76.94192745130977
54101,2022,8362,1671,43409.0,17.836010143702453,11.502993043196893,15.108316620593708
54103,2022,14431,2996,50715.0,16.99758899446887,13.44007763221737,40.30251321680021
54105,2022,5202,1108,52776.0,20.287044220325832,15.15072765072765,22.37313503447149
54107,2022,84272,17576,54350.0,14.782965276856464,22.032296571390674,229.93724420190995
54109,2022,21237,4295,44510.0,24.435142463016696,11.42616689324788,42.51907021442729
55001,2022,20730,2943,55223.0,14.552595800392771,15.624246806459388,32.10737772711362
55003,2022,16041,3434,57000.0,16.636375438140984,20.67169540229885,15.350679923825563
55005,2022,46683,9965,59379.0,11.75510381752492,20.73280789362854,54.090536734128726
55007,2022,16214,2718,67266.0,10.443018256589195,33.567158230370666,10.971113371103627
55009,2022,268393,62444,74066.0,9.697799466120038,31.736613202581786,506.3139983248191
55011,2022,13329,2665,64238.0,8.232445520581114,21.001333743716017,19.723553583874303
55013,2022,16561,2772,60466.0,11.645338208409505,22.08631972577127,20.157108846683773
55015,2022,52361,11974,84151.0,5.8527979135504165,31.70731707317073,164.52788688138256
55017,2022,66254,14368,69815.0,9.932556713672595,23.205533512974476,65.70503443727655
55019,2022,34703,10231,63187.0,12.249456298124963,13.11505820154895,28.687325266306132
55021,2022,58272,12196,79271.0,7.519963334449753,24.18508849663497,76.1128526645768
55023,2022,16123,3165,60823.0,12.37059704407839,17.51824817518248,28.246073527737146
55025,2022,559891,111559,84297.0,10.85337590205289,53.98579640434412,467.9422246292507
55027,2022,89032,17473,71747.0,7.623492347118707,19.570409429280396,101.66963762662742
55029,2022,30038,4898,68257.0,8.660675216264432,35.25954946131244,62.32777796221905
55031,2022,44092,8522,64682.0,11.230095912096099,27.203958773284587,33.80583191236184
55033,2022,45221,8729,69721.0,10.977187769577302,28.563772775991424,53.19122658232166
55035,2022,105697,21140,70127.0,12.08396332004634,35.36999925777481,165.6895357112625
55037,2022,4574,721,58049.0,9.79564637938694,22.511782644857224,9.372489877547006
55039,2022,104027,21977,70368.0,8.589933640424622,22.302582014930483,144.56908747772962
55041,2022,9239,1790,55552.0,13.94497448413579,15.740604274134121,9.109050288583074
55043,2022,51842,10820,63497.0,13.805576799851174,24.212144504227517,45.20275495977337
55045,2022,37066,8063,76080.0,6.619865079800362,26.149023754673518,63.46439651807056
55047,2022,19093,4153,66395.0,12.779023817152622,22.42630721374611,54.62259400819354
55049,2022,23766,5233,79226.0,7.983980913428766,27.753434391283754,31.160433094094913
55051,2022,6136,914,55777.0,10.482390252044734,23.734305386796272,8.092755427593184
55053,2022,20958,4521,64630.0,12.706037010820104,15.879828326180256,21.214375730705576
55055,2022,85932,17339,77018.0,7.63042036065376,27.872572917542236,154.41731417522624
55057,2022,26695,5284,63455.0,14.690620331787091,16.116751269035532,34.80075767748126
55059,2022,168693,37340,76583.0,11.09917260051113,29.41669504177689,620.575868272064
55061,2022,20570,4294,77610.0,6.724830898931478,20.257738988135824,60.066461480958026
55063,2022,120216,23467,68731.0,11.779613371967306,35.84799220472845,266.0782148129622
55065,2022,16716,4020,69293.0,10.524410114054673,19.878617292637877,26.383075437034794
55067,2022,19512,3784,55091.0,12.240340673036975,15.830600711644458,22.40981290700479
55069,2022,28402,5076,64314.0,10.369466087393631,18.774537296690973,32.32260237804767
55071,2022,81242,16638,66412.0,9.972713340559936,23.096091483188257,137.86140213337134
55073,2022,137820,31080,73248.0,8.32947130698328,27.04629668179358,89.1926838960027
55075,2022,41827,7926,60347.0,9.652046067140407,17.87852591809945,29.887785930082
55077,2022,15619,2975,59748.0,10.412371134020619,14.453824507546686,34.27376440873971
55078,2022,4279,1378,62194.0,19.981194170192758,18.930868167202572,11.965381765306265
55079,2022,933063,221958,59319.0,17.82222986162583,33.08455787574117,3864.302960775625
55081,2022,46208,11645,66451.0,11.57503191442532,20.10831250400564,51.290703559979754
55083,2022,39048,7736,73611.0,8.270285729142293,17.34552026134705,39.14676729388247
55085,2022,37799,6490,66111.0,9.556607834696514,27.080108691913455,33.93258548006004
55087,2022,190611,44062,78705.0,6.91295411472653,31.55572636433513,298.9709155416692
55089,2022,91745,19294,92258.0,4.499191795329134,49.80067321265144,393.7367763753643
55091,2022,7363,1598,70833.0,7.823222618720835,22.820318423047762,31.735974621564772
55093,2022,42187,8574,82996.0,9.818043972706596,31.023950534510377,73.49421098293085
55095,2022,45128,9134,74142.0,8.327346205657836,22.75676003395174,49.35689911628314
55097,2022,70281,13289,71301.0,10.412273145810437,33.60544811629633,87.75537725035399
55099,2022,14066,2528,55822.0,13.558344151161114,16.08927070688206,11.216396064931658
55101,2022,197068,45327,72658.0,11.328373294986818,27.99917054854883,592.4879213255124
55103,2022,17256,3645,61985.0,14.512793239969273,19.933527885862517,29.439563251727375
55105,2022,163817,37158,70630.0,9.865931384753274,24.390135367253762,228.10432670952576
55107,2022,14179,2862,57473.0,11.395766056691784,17.119198921625266,15.520719651733398
55109,2022,93752,22620,97950.0,5.94066874279372,37.78063061652628,129.82200571066164
55111,2022,65664,14743,72930.0,8.608146306050262,25.15817299358641,78.96227334001132
55113,2022,18057,3241,57519.0,13.241387138884159,26.918863652961367,14.358301526717558
55115,2022,40848,8669,65493.0,10.075120417280193,18.171268643981023,45.73091886142909
55117,2022,117741,25530,68969.0,7.694455837820384,26.640616440857467,230.17913313092964
55119,2022,19979,4617,61360.0,8.826062724831536,15.829976985040275,20.49018924118919
55121,2022,30679,7728,68474.0,7.383728633894263,19.67268351383875,41.85596603389516
55123,2022,30811,8007,65177.0,14.586075282969201,24.317521781219746,38.92425492348682
55125,2022,23146,3863,63726.0,9.788892782060268,29.164598842018197,26.985811055018594
55127,2022,105127,20969,75172.0,9.560842166967905,30.807737031679856,189.2703530398806
55129,2022,16685,3065,58504.0,12.353548230437687,23.109877032923443,20.931761328994344
55131,2022,136842,29174,91915.0,4.732004999632379,33.941118461601675,317.7613063226238
55133,2022,407290,86070,101639.0,4.949786929701702,47.17281876300255,740.8977215880667
55135,2022,51822,10469,69198.0,8.838755923698779,19.450042426813745,69.30836081754495
55137,2022,24672,4457,61033.0,11.470188551044675,16.507087456539182,39.402006832108675
55139,2022,171197,34702,70041.0,10.81834938538348,29.329130168901752,393.8306452540505
55141,2022,74138,15928,63273.0,10.496386199372697,21.319029991689963,93.48853807673731
56001,2022,37525,5812,55887.0,23.045032165832737,55.940476754656174,8.779472061859892
56003,2022,11690,2908,61262.0,11.134472185720542,20.517978375660046,3.726541358392863
56005,2022,46857,12591,93315.0,9.52597599549374,21.914774042117095,9.757677165969225
56007,2022,14609,3333,65196.0,13.900385328956757,21.062487679873843,1.8497682756573837
56009,2022,13729,3303,79235.0,11.022869328627106,21.957894736842103,3.2265607832676655
56011,2022,7258,1795,68876.0,6.325594327818712,23.277393879565647,2.542669768223985
56013,2022,39402,9781,60030.0,13.862624052512306,24.25245377767633,4.290478995686872
56015,2022,12592,2493,62356.0,9.272089641604653,23.970373695432613,5.657767096076452
56017,2022,4616,964,64031.0,16.082197900379718,28.234582829504234,2.3028979296368894
56019,2022,8536,1657,60667.0,16.664684191744975,31.818181818181817,2.0548116679408936
56021,2022,100316,22876,76282.0,8.980434428896844,30.48969448910978,37.34962008500803
56023,2022,19794,5188,83033.0,7.0588834037355594,23.0938138865753,4.857021640173561
56025,2022,79506,18989,69104.0,9.127503012588775,26.581692202234287,14.887266954615237
56027,2022,2460,446,54375.0,18.340807174887892,20.03188097768332,0.9367759978187591
56029,2022,29878,6143,66754.0,9.573047557092478,32.75830000929973,4.3057835530251385
56031,2022,8618,1684,64753.0,11.964391691394658,22.124163116250763,4.140365003586427
56033,2022,31176,6751,68898.0,8.680315168298552,32.12827723850131,12.354950401468518
56035,2022,8801,1969,85960.0,8.065806009368217,25.582147477360934,1.8010912554267058
56037,2022,42079,10724,79375.0,11.654769943088647,19.98260491411176,4.035588444592777
56039,2022,23346,4115,108279.0,6.913473956091261,60.29206065014267,5.841105711853797
56041,2022,20546,5738,78164.0,6.513125309559189,19.10501732710562,9.8697183724428
56043,2022,7725,1690,61875.0,6.664899960249106,21.137475095091467,3.450695700455492
56045,2022,6870,1403,71800.0,12.94649820620808,17.612244897959183,2.864881432690924
72001,2022,17972,3277,17659.0,63.377767862122816,16.332443766679376,269.4856800119958
72003,2022,37998,6159,20301.0,47.203295832673106,21.539053751399777,1231.3425580867818
72005,2022,54752,9511,18348.0,48.68284741749297,24.73410217450868,1498.3306879754803
72007,2022,24136,4166,23160.0,42.91425477866156,19.54874168354064,802.2602625893302
72009,2022,24555,4185,22511.0,42.465753424657535,22.601209611507656,784.2041389882473
72011,2022,25497,4166,22673.0,46.60488958990536,21.679421322989832,648.8942050746953
72013,2022,87217,14721,21799.0,44.947674620742404,25.98969967733929,692.5281880260442
72015,2022,15797,3059,18496.0,57.70254849752757,24.883167269200246,1052.501832233993
72017,2022,22604,4026,20282.0,46.6356795042054,23.117135736429397,1209.0286692340608
72019,2022,28899,5934,21262.0,49.95298951840373,22.292172706092302,843.6925232826321
72021,2022,184326,30190,29403.0,34.80909987903249,30.805631828007247,4147.843110781071
72023,2022,46983,7629,23077.0,42.14575764052148,28.075056064950182,667.6946252451468
72025,2022,126772,21673,29279.0,37.02574606425799,34.39138717065131,2163.197051395809
72027,2022,32733,5507,23263.0,41.6797271134876,21.31329765335529,706.1374177542876
72029,2022,42218,7836,26021.0,36.37293619450921,26.263750654793082,1284.432139706106
72031,2022,154126,25480,32888.0,30.953048490262177,34.062428998374614,3396.4916920093438
72033,2022,23060,4150,22407.0,45.606948968512484,21.754155991181552,4772.350993377484
72035,2022,41509,6909,26704.0,39.76278296087366,27.804117685263364,799.2490613266583
72037,2022,11256,1812,22945.0,41.7672837849924,22.05707491082045,387.6567020250723
72039,2022,16924,3047,19618.0,55.731389284020864,15.910000800704621,254.38530565618004
72041,2022,39831,7225,25580.0,39.032745591939545,26.03958347700159,1105.7102406795657
72043,2022,34557,6172,20569.0,49.850442863365764,23.010944655747885,442.96463409944494
72045,2022,18817,3404,16153.0,53.28086780814634,16.112992721769835,662.5470934122038
72047,2022,34459,6583,21670.0,46.11028402954141,20.966503697119077,809.5238095238095
72049,2022,1186,206,25483.0,23.519458544839257,15.64039408866995,101.82879711513694
72051,2022,35786,6809,31485.0,30.607273847187617,33.08094606197799,1548.1052085135836
72053,2022,31984,5706,24309.0,42.609569257817405,29.36715369124641,1069.448624067944
72054,2022,11641,2132,21560.0,47.35663853969348,18.626237623762375,765.1505192585776
72055,2022,13682,2498,14525.0,66.31921342500185,14.050010248001641,369.2847503373819
72057,2022,36365,6537,19165.0,48.02639330741133,22.280110327919093,559.1432569152943
72059,2022,17670,3263,21312.0,53.40534394542353,24.31565775066479,418.0170802677959
72061,2022,89554,13323,43304.0,25.11381730920182,47.68960102361289,3246.47453326083
72063,2022,40517,7290,39533.0,31.93573181919615,33.81637582066197,1453.0034068495606
72065,2022,38330,6274,24407.0,39.32860619063817,30.019811615863194,917.4904851952031
72067,2022,15571,2284,22542.0,41.138463526523225,29.051119278316072,1372.3779305482108
72069,2022,50729,8530,25940.0,37.11565165641738,24.221049561136006,1134.3947762695946
72071,2022,42817,7121,19965.0,48.218790522220914,25.35286368483784,774.1136482797274
72073,2022,14726,2941,18363.0,54.73419100129331,20.77572964669739,330.67612781532796
72075,2022,46333,8959,23035.0,44.31528766407627,26.82963724926633,768.6552307641263
72077,2022,36928,7039,25931.0,38.0573939459694,21.64905344788261,1394.035485088713
72079,2022,23202,3741,17131.0,56.06427090532136,19.80770331368397,386.97733375585835
72081,2022,27990,4773,18844.0,55.973842985656994,20.38769732738352,455.4922701383238
72083,2022,8826,1672,16506.0,52.8107861060329,17.668751002084335,190.37963761863676
72085,2022,35099,6247,23193.0,39.119392763383175,27.399019378939993,1035.9799291617474
72087,2022,23580,4344,21306.0,45.35412329523729,16.722134641209784,1217.0950758748838
72089,2022,17716,3025,22585.0,45.3085232735705,22.709806332616047,686.3740265778157
72091,2022,39310,6970,20385.0,45.493628128358665,23.792815952198985,870.8462560921578
72093,2022,5354,909,20133.0,52.01718341426971,10.481229528848576,146.1922835376676
72095,2022,10563,1789,21951.0,49.91474043198181,13.822652757078988,499.07866761162296
72097,2022,72721,11631,16788.0,53.5139735736909,27.25498480915877,937.2591475595767
72099,2022,37363,6765,20331.0,46.65536996691681,23.382936876090103,742.1982082199399
72101,2022,28659,5350,22282.0,47.49851414187323,18.71382010993822,737.2848653237631
72103,2022,23340,4645,20486.0,47.94343920574204,22.835123490503065,451.79148680823056
72105,2022,29153,5285,20616.0,48.77772047447137,18.14200960542424,1063.9392722893326
72107,2022,21378,4132,16869.0,55.86629001883239,17.397852278679938,336.0
72109,2022,15927,2625,20778.0,48.48865707283353,19.943446440452426,341.7517809630075
72111,2022,20298,4141,20072.0,52.13337937157796,25.368524498104733,454.9285041911336
72113,2022,136542,24816,18994.0,50.42897855107245,29.917928844612625,1187.962205710905
72115,2022,23540,4141,20209.0,46.101435080696675,20.909931784021275,1037.7815985539833
72117,2022,15164,2267,26771.0,41.281491767506445,23.336170212765957,1061.3101903695408
72119,2022,46838,7878,25963.0,36.23685857997107,25.39879782684083,772.6365450916348
72121,2022,22639,4007,20464.0,46.00613415122016,25.44289483603468,623.4406410927215
72123,2022,25688,4928,20123.0,50.52252534345767,20.191107009066727,370.12275949512997
72125,2022,31680,5477,17862.0,49.822507915187565,23.354400447138744,581.3164027377654
72127,2022,340903,55484,26111.0,39.50467938537815,41.34437397135381,7119.053585599131
72129,2022,37552,6391,19629.0,45.26675384984921,19.622004239876397,707.0874444528132
72131,2022,39183,6768,17557.0,52.44274613392147,21.079912124124675,556.3949277934765
72133,2022,20207,3916,22680.0,46.42998613586849,27.030998530543698,593.4508076358297
72135,2022,66699,12039,32456.0,32.28760922202337,27.856934549847935,2468.778916978199
72137,2022,74854,12968,28719.0,35.44953635264078,27.3197100020088,3220.357941834452
72139,2022,67497,11637,35821.0,29.247446320617055,38.46603507357388,3251.613835629637
72141,2022,28155,4928,17164.0,53.69551259185275,22.26114496856855,247.9917556283691
72143,2022,35279,6678,24778.0,42.28260869565217,22.69520412207689,1272.3240046162723
72145,2022,54182,9459,23701.0,43.20574962393448,25.09472310741977,1181.774559413715
72147,2022,8199,1474,17062.0,54.06756921575801,14.542130629882,161.43577222966056
72149,2022,21984,4277,22461.0,42.73950041174856,21.62127358186852,616.8869433453995
72151,2022,30313,5099,19972.0,49.74746641138217,18.433568920300484,548.9993661142805
72153,2022,33988,5767,19827.0,43.674965994440825,27.634734069735444,501.9494328922495
01001,2023,59285,13926,69841.0,10.684306413989205,28.28267961831874,99.73000479430739
01003,2023,239945,51128,75019.0,10.514698717595671,32.79763704444496,150.92180898605727
01005,2023,24757,5181,44290.0,21.92147806004619,11.464715225777173,27.973758429302332
01007,2023,22152,4458,51215.0,20.51158533648056,11.468206641139917,35.58725721721529
01009,2023,59292,13738,61096.0,14.095286797920394,15.57902954307043,91.94111873169265
01011,2023,10157,2105,36723.0,25.651127161304444,8.999728923827595,16.308213514446503
01013,2023,18807,4219,44881.0,21.015866139600366,13.764813126709207,24.20964961851812
01015,2023,116141,24829,55826.0,17.462188175211157,20.545105370928564,191.68660978065327
01017,2023,34450,7141,49295.0,15.480078380143697,14.585035124979578,57.74833460172927
01019,2023,25224,4747,50769.0,14.523339643159208,15.945039143633169,45.5698397901446
01021,2023,45500,10966,61873.0,13.614793360810962,15.24701596903763,65.67201232035818
01023,2023,12525,2492,44483.0,19.53055443140429,13.914203156256946,13.71131684472221
01025,2023,22802,4950,49167.0,20.54311959332917,15.426531379180759,18.412170346086143
01027,2023,14188,2932,51852.0,16.5465032444124,15.235403060727165,23.49154416999745
01029,2023,15254,3327,53319.0,13.154754011404323,18.211951017401713,27.2341793056659
01031,2023,54231,13045,64672.0,17.618860363649983,21.528831562974204,79.8705717054549
01033,2023,57648,12311,56736.0,16.876468319366037,20.271853189516325,97.22187087340818
01035,2023,11411,2305,42266.0,27.63530244074991,13.129075919773594,13.420300865951058
01037,2023,10323,1742,57063.0,11.626276787502505,14.870825456836801,15.859359756893822
01039,2023,37647,8319,50886.0,18.04310251701415,17.177519936505536,36.5302342099671
01041,2023,13144,3016,49040.0,16.190772582276512,16.805799648506152,21.587708276875826
01043,2023,89463,20132,60916.0,13.901887645529559,19.08653846153846,121.76160514141756
01045,2023,49516,11518,53955.0,18.71096728981594,19.327855284937336,88.24603956778759
01047,2023,37536,8946,36810.0,29.000836458811147,17.007096091269062,38.351428063485834
01049,2023,71946,17442,51149.0,20.359848484848484,13.880406074612084,92.5854194629361
01051,2023,88669,19255,75553.0,10.285062171607903,24.394340719684735,143.35764960001035
01053,2023,36695,8353,44447.0,21.204042771349055,12.490685909251344,38.813930070403465
01055,2023,103208,22487,53070.0,17.099703229103202,17.476918836984982,192.87429569897495
01057,2023,16173,3452,50733.0,18.66155104094597,15.597147950089127,25.766149846100905
01059,2023,31978,8025,51493.0,17.37475013484786,14.889393079977312,50.441747810189625
01061,2023,26726,5910,50951.0,19.0532051767199,13.316463703938004,46.52166723239075
01063,2023,7589,1622,31495.0,35.9121171770972,12.476298824421692,11.729103911298361
01065,2023,14749,3515,41325.0,23.893193137797457,16.773675762439808,22.902529542384197
01067,2023,17450,3570,60135.0,15.794408955048937,21.678981292249645,31.055790080656067
01069,2023,107628,24812,57531.0,18.03509694874493,22.768156799570413,185.62120360246004
01071,2023,52839,10983,49454.0,16.7671778377654,15.55027711797308,49.01508791621637
01073,2023,669744,154090,64589.0,16.33237558760307,35.93676101479785,602.537020710006
01075,2023,13809,3085,47447.0,15.060284983558642,11.591695501730104,22.83060481510996
01077,2023,95037,18548,59082.0,13.64000953846821,27.084135466880227,142.26712453856032
01079,2023,33182,7222,60040.0,13.740318350917851,15.620188195038494,48.04223060039034
01081,2023,177663,37567,61123.0,18.869221414765683,41.333333333333336,292.42772140335285
01083,2023,107577,23953,83534.0,10.142422234386855,30.391300896896578,190.9411363781585
01085,2023,10008,2199,35160.0,29.591629418935394,13.873410487212459,13.975994469930246
01087,2023,18951,2944,45951.0,22.093734703866865,20.735785953177256,31.135353601734945
01089,2023,397135,86354,83528.0,10.482494149148708,45.690290909491154,495.4266581171205
01091,2023,19027,4286,44205.0,22.56571246142386,20.414475719146306,19.47695665258809
01093,2023,29190,6175,50714.0,16.847673766816143,12.831879728232062,39.321498716225136
01095,2023,98712,25531,60946.0,16.28593165275322,21.32640990582705,174.4506004294462
01097,2023,413162,96676,58119.0,16.268674389690354,25.150224087237017,336.0751081444703
01099,2023,19580,4154,40225.0,22.6066718386346,11.357915000740412,19.089979320814024
01101,2023,227197,54708,58153.0,19.28821829442548,34.27402754352647,289.2921035709966
01103,2023,123742,28884,64858.0,13.561489033513977,23.240454561479794,213.47010104042135
01105,2023,8231,1753,34368.0,31.238095238095237,16.848973325657262,11.43718648825156
01107,2023,18843,3639,47014.0,22.57144520109423,13.745224801645605,21.378294728434504
01109,2023,32953,6297,47961.0,23.402369777135917,27.315006200909465,49.03231374252864
01111,2023,22310,4674,51551.0,18.380249192431933,20.51625239005736,38.42907587632418
01113,2023,58858,14306,50046.0,22.248532894059508,16.85199530223144,91.79608909794723
01115,2023,92903,20815,78993.0,11.172759160802135,19.943080971907705,147.0985005620913
01117,2023,226955,52225,93543.0,6.922738969434507,46.19852639145615,288.95232105275886
01119,2023,12020,2311,37981.0,28.114021880959548,19.028226372700463,13.299019944104286
01121,2023,81170,16883,56249.0,17.653214138073583,16.823850485369814,110.16303912640451
01123,2023,41070,8383,57185.0,15.205200734454866,18.725005880969185,57.318067123685324
01125,2023,234036,48419,63947.0,16.65120678052418,31.37768099555407,177.18617130812933
01127,2023,64886,14717,54509.0,17.979454748533044,16.002406041838395,82.02723031996258
01129,2023,15270,3160,60503.0,18.446601941747574,16.204134848202646,14.135551328158627
01131,2023,10347,2329,42236.0,29.03225806451613,12.335882268070986,11.653890599622914
01133,2023,23637,4815,48032.0,19.46352209407801,13.372024856372377,38.559669036440575
02013,2023,3423,410,72692.0,12.433862433862434,18.143459915611814,0.48996214566490137
02016,2023,5178,683,107344.0,9.235412474849095,17.521040550879878,1.1786863997618042
02020,2023,289069,68654,98152.0,9.269889295762699,37.678900750668845,169.3428955058102
02050,2023,18487,6440,70616.0,24.03203534935101,10.391906492486003,0.45491257100580634
02060,2023,878,146,100625.0,9.673659673659674,25.143678160919542,1.8217581833875574
02063,2023,6964,1528,88565.0,4.805424528301887,29.58239045463896,0.7307302171110281
02066,2023,2626,685,75053.0,11.37678364828384,28.354155350353068,0.10634842595419972
02068,2023,2029,268,88935.0,6.569709127382146,23.631990378833436,0.16050883118956344
02070,2023,4780,1475,74250.0,16.329113924050635,19.350331819769472,0.26071787740303615
02090,2023,95555,22878,84722.0,6.1693328980302535,33.70856274609113,13.027707003590578
02100,2023,2077,456,72607.0,6.09284332688588,36.93864642631246,0.8862414954738533
02105,2023,2313,352,62500.0,12.5810635538262,23.295454545454543,0.35260699747290697
02110,2023,31969,6497,100513.0,8.185473576716875,40.45768189361516,11.821967507616847
02122,2023,59843,13289,77722.0,11.615574107020665,29.3908414208989,3.736094141855829
02130,2023,13870,2880,89155.0,9.491129444403883,26.97045568352529,2.855660466705922
02150,2023,12878,3072,83716.0,7.701506816551064,28.606906338694415,1.9251119780443355
02158,2023,8277,3459,48233.0,31.21563836285889,5.758637956935403,0.48468445150783884
02164,2023,1007,275,64000.0,15.230460921843688,18.404907975460123,0.042254360339478325
02170,2023,110677,28719,90625.0,10.305616101655614,24.280319614711033,4.479525206026104
02180,2023,9925,3369,76643.0,21.132783978303955,17.4508743464936,0.4320945838282648
02185,2023,10891,2714,86313.0,8.348845867460907,14.927417145987402,0.1226137767132762
02188,2023,7611,2861,81298.0,18.406703019018487,12.389813907933398,0.2134127756385405
02195,2023,3394,652,77026.0,5.695243865495304,27.453365774533655,1.1700107693389612
02198,2023,5730,1225,59079.0,15.07908611599297,16.98389458272328,1.0877371024847675
02220,2023,8393,1647,101207.0,8.38104519429894,34.37141452220948,2.92432605137936
02230,2023,1308,177,78594.0,6.192660550458716,27.74566473988439,3.014026282862219
02240,2023,6936,1751,74223.0,13.26634629386923,19.57637997432606,0.2793139733097296
02275,2023,2106,433,64545.0,10.892514395393475,18.877887788778878,0.8239014354115655
02282,2023,506,66,80625.0,7.784431137724551,14.824120603015075,0.06635848004983443
02290,2023,5271,1397,52642.0,20.764818355640536,12.791031905720034,0.03620643172262062
04001,2023,65680,17274,40338.0,31.223746849621953,15.26852353259718,5.8651691553897445
04003,2023,125458,26214,58970.0,15.538536307419015,27.657715188384362,20.203022192277025
04005,2023,144643,28707,69748.0,17.6834226853804,39.61938901319695,7.76967391144367
04007,2023,53610,10195,59089.0,17.775271016958875,18.847188995215312,11.268338637853125
04009,2023,38860,10312,67326.0,17.677007860799506,14.591321897073664,8.407839498974118
04011,2023,9452,2565,75239.0,10.794730131746705,20.414593698175786,5.129045526519423
04012,2023,16605,2605,49506.0,18.44499078057775,13.855103120042306,3.6928073542130586
04013,2023,4491987,1025680,85518.0,11.250356744752436,35.858005799892254,488.15248745492295
04015,2023,217420,35542,55799.0,16.83167385486579,14.88545563987867,16.307987696177584
04017,2023,107744,27587,52752.0,24.712485136741975,17.631494659443803,10.82909559603646
04019,2023,1049947,208584,67929.0,14.352333331374773,35.870627429205996,114.26523256923761
04021,2023,449219,97593,77588.0,10.871788658989193,22.150215809205758,83.70533613854846
04023,2023,48209,12588,53614.0,20.213231160069135,24.069518545733363,38.99584229854561
04025,2023,241656,37723,66106.0,12.594464804751674,29.602252541267426,29.7498489461687
04027,2023,207685,51611,60417.0,16.45786674132139,16.671988356637385,37.66626404198904
05001,2023,16773,3890,60831.0,14.715698768129135,15.326460481099657,16.90588021851755
05003,2023,18722,4243,44481.0,22.716248989490705,12.178111587982833,20.229240231141922
05005,2023,42150,7480,48427.0,14.457686866022398,18.74863948751438,76.0925097169142
05007,2023,294541,75790,89879.0,7.610934056678047,36.60753298960063,347.44548106538264
05009,2023,37896,8626,54195.0,13.442631734040559,16.310321463524808,64.26067831846477
05011,2023,10354,2565,39565.0,20.05850804485617,15.767455279861512,15.949670885919955
05013,2023,4717,863,63654.0,13.29646017699115,18.103957471943296,7.503965154366601
05015,2023,28526,6290,55187.0,16.2629880492216,21.117829228727324,45.28454045541713
05017,2023,9997,2220,39683.0,24.380788283437433,17.228034972051024,15.694419587489678
05019,2023,21378,4214,50985.0,20.192919228323085,25.490829764886485,24.686738932366094
05021,2023,14399,3111,48500.0,17.224644816429876,15.621347876899103,22.525749971840856
05023,2023,25048,4737,55979.0,13.846652880833638,18.269796289365342,45.21634272572519
05025,2023,7491,1573,50509.0,15.566356149588229,16.24790619765494,12.528641434329582
05027,2023,22527,4842,47363.0,22.690390067455272,20.381939514411474,29.406120890524953
05029,2023,20872,4722,51212.0,20.590509326374796,18.16560334773959,37.817280496886305
05031,2023,112097,28368,57615.0,19.06738619067386,27.766622043730475,158.51671894134583
05033,2023,60792,14676,60362.0,16.786715693681895,19.30261218374695,102.12525765662247
05035,2023,47609,12993,54271.0,20.71000855431993,17.195150001642954,77.6826870517977
05037,2023,16681,4059,47012.0,20.08971871968962,14.834205933682373,27.0655732917098
05039,2023,6351,1293,44694.0,11.169948700976336,11.132854968471406,9.517130385135834
05041,2023,11041,2790,36064.0,28.918746001279587,13.034786085565775,14.89557180189065
05043,2023,17143,3804,41071.0,22.7439471753485,23.331509846827135,20.687441396845777
05045,2023,126001,28718,65071.0,15.025652946352967,33.19694072657744,194.67340705113844
05047,2023,17220,3892,51919.0,18.86246976222786,13.161375661375663,28.27739434156531
05049,2023,12239,2496,38941.0,14.754098360655737,15.721304153640018,19.804399395463385
05051,2023,100062,20004,55409.0,16.474563201363665,26.246503208820144,147.66792352589596
05053,2023,18111,3868,72512.0,12.321189092534643,20.930598129372,28.661724862633882
05055,2023,46182,11158,56793.0,17.036756852972587,16.488969999679824,79.99099317559843
05057,2023,19778,5051,47654.0,18.989484483200822,14.595616024187452,27.197469746974697
05059,2023,33142,6499,52644.0,17.064315352697097,15.784428142714239,53.89433834625592
05061,2023,12701,3290,44492.0,19.784345047923324,16.67855444602948,21.62490720750785
05063,2023,38120,9216,56009.0,19.63462937515156,16.871032606552852,49.914103745914694
05065,2023,13866,2460,47728.0,21.080657791699295,18.710168362979168,23.898614445683478
05067,2023,16775,3285,41215.0,21.197771587743734,13.255930504510523,26.475234804951302
05069,2023,65780,14222,48552.0,20.58853068193231,20.641171105030146,75.4058596015801
05071,2023,25932,6349,44808.0,19.351252630325167,18.077367205542725,39.232060999409974
05073,2023,6211,1148,37237.0,27.216021011162177,9.210233592880979,11.73055421249849
05075,2023,16265,3667,44164.0,18.200369874370256,14.037335285505122,27.68378698547133
05077,2023,8511,1640,36860.0,27.700273263339565,6.865177832919768,14.189564309853003
05079,2023,12966,2068,51667.0,17.684210526315788,10.876441179471483,23.175671086357347
05081,2023,11959,2661,52241.0,16.458831568158523,17.441172992787042,22.510846956734525
05083,2023,21240,4543,54237.0,14.410919540229886,15.548980933596319,29.952828525697523
05085,2023,74747,18680,71449.0,11.147523224006717,20.994211374351018,96.89156782681962
05087,2023,17032,3982,53888.0,15.008902077151335,12.83851554663992,20.41623613405287
05089,2023,17076,3172,46953.0,17.836812144212523,15.438973807512097,28.622288375086743
05091,2023,42588,10063,49983.0,21.048808832074375,16.047244639950122,68.24562528043074
05093,2023,39749,10393,53428.0,21.034429360450112,14.178269757395764,44.06308440482301
05095,2023,6681,1544,43955.0,22.174709835064142,15.638207945900254,10.998236923851902
05097,2023,8571,1558,49015.0,20.847136772361573,16.845988318475253,10.982083482285288
05099,2023,8228,1843,41761.0,28.53240625776012,11.670235546038544,13.318441541624177
05101,2023,7175,1367,47395.0,13.315485416373116,14.25291754352401,8.738533339179321
05103,2023,22317,4968,49838.0,17.87900941240976,15.094821531192135,30.457704910873307
05105,2023,10073,2200,60078.0,15.636290646326776,17.13180436584692,18.270165561472496
05107,2023,15910,4257,38874.0,28.72893169433532,14.532208588957054,23.04594704212295
05109,2023,10182,2269,51000.0,18.838099073701166,19.56000564095332,16.96053037054311
05111,2023,22740,5484,47188.0,20.06379442023451,11.924943384018118,29.9883290803711
05113,2023,19348,4361,49252.0,18.965336134453782,17.201919527500923,22.58069786820846
05115,2023,63830,14797,54606.0,17.55112820428173,24.636144578313253,78.70996063885408
05117,2023,8162,1649,51094.0,9.366286438529785,16.706001348617665,12.605093928180926
05119,2023,398949,93455,60385.0,16.219724730787117,37.361053094629916,526.0639321910529
05121,2023,18733,4564,52838.0,21.130903742441575,14.479142208656178,28.735429420796947
05123,2023,22740,4851,41784.0,27.837919870497775,12.903425633401474,35.82320915461007
05125,2023,125724,29379,76534.0,9.053796168804503,28.499603980853333,173.76809911598363
05127,2023,9839,2267,45955.0,17.21378744357817,10.828025477707007,11.019768158145265
05129,2023,7861,1614,41978.0,24.50879007238883,13.688610240334379,11.805448136973835
05131,2023,128448,30710,56450.0,16.267348198319382,24.383048141334907,241.81496772298811
05133,2023,15797,4524,51641.0,19.629176591772353,10.929360283392374,28.030285555096185
05135,2023,17597,3636,42950.0,17.346761590553918,11.928476197945258,29.10321992719647
05137,2023,12474,2500,38531.0,21.563233271300266,15.382932166301968,20.569223665985092
05139,2023,38368,9198,50221.0,19.405159171566293,18.91933145081279,36.92543406729306
05141,2023,15936,3047,47266.0,19.495616821242535,15.780619111709287,22.45867215355779
05143,2023,251863,59899,66426.0,14.786385005541753,34.614288674748735,267.5266875564289
05145,2023,77395,18060,53435.0,16.42812862187003,19.8029711325235,74.85255801448018
05147,2023,6157,1331,49982.0,22.77443105756359,15.890850722311397,10.50731006377427
05149,2023,20195,4873,58870.0,13.273574394814139,14.317901010247839,21.706044587945218
06001,2023,1651949,331035,126240.0,9.220637203712096,51.46936470398402,2240.055379349903
06003,2023,1695,383,110781.0,12.330383480825958,42.10526315789473,2.295690332367202
06005,2023,41029,6356,81526.0,7.754173390830445,22.443391582574453,69.00443166242
06007,2023,209470,42935,68574.0,18.343507607489702,31.720564273446563,127.99956003397516
06009,2023,45995,7768,79877.0,13.3610086100861,22.185801535272034,45.09242992266788
06011,2023,21895,5987,75149.0,10.802297572725589,14.523979957050823,19.027895703319516
06013,2023,1161458,258092,125727.0,8.251568308449333,44.91015896659383,1620.120631165469
06015,2023,27293,5728,66780.0,11.622314844501442,20.974160076562736,27.124772163044796
06017,2023,192299,37917,106190.0,8.263656487028042,38.82410175418806,112.59771840587034
06019,2023,1012152,283823,71434.0,18.673151230636044,23.854495908489586,169.87024835429344
06021,2023,28623,7501,70487.0,12.356584782149644,16.482336518844626,21.783635522326264
06023,2023,135418,25685,61135.0,18.907093931987568,32.085138242686774,37.953209408566366
06025,2023,179319,51116,56393.0,19.641722853862785,16.100269483279376,42.945227525716504
06027,2023,18803,3819,72432.0,10.482818616789908,31.819817226739584,1.8439265210530553
06029,2023,910433,262550,67660.0,19.047538458934827,18.573575991839803,111.92004890669853
06031,2023,152830,41374,68750.0,16.772867861847757,13.919095714061436,109.8728083670987
06033,2023,68139,14828,58738.0,16.675635276532137,17.743946050883824,54.29047663817981
06035,2023,31177,5580,64395.0,13.675605788881013,13.212723998971104,6.865110498618368
06037,2023,9848406,2057536,87760.0,13.643018098759088,35.470992419092156,2425.5687955852923
06039,2023,158790,43447,75496.0,19.864050326384504,17.12878493305018,74.30795191954019
06041,2023,258765,51012,142785.0,7.827817121555889,60.45916621480051,497.4901036449732
06043,2023,17060,2874,65378.0,13.893328597643995,30.861708482676224,11.774937191132217
06045,2023,90709,19142,64688.0,15.161434977578475,24.923685784847603,25.866550397555386
06047,2023,285597,83242,65044.0,18.4038478667498,14.780215294542995,147.36656890285056
06049,2023,8646,1661,56648.0,20.276334435521964,23.004038521279902,2.1898403665639794
06051,2023,13169,2419,86953.0,11.037071078431373,34.32124352331606,4.319257018259676
06053,2023,435834,113201,94486.0,12.581479466697207,27.883727092389556,132.80665797609666
06055,2023,136070,27023,108970.0,8.428584285842858,38.517125422897266,180.95016456664118
06057,2023,102452,17514,84905.0,10.59142434696895,39.46003256465599,106.97043100567993
06059,2023,3164063,674833,113702.0,9.485842405883984,43.401037672660124,3990.6906759192343
06061,2023,412435,90610,114678.0,6.7050595456435085,42.89064398957895,293.1132753979151
06063,2023,19607,3430,64946.0,10.730168579997931,20.46291425565492,7.679797827079797
06065,2023,2449909,598671,89672.0,11.061186961841587,25.084017687934303,339.82841218084593
06067,2023,1584047,365667,88724.0,12.615334884015095,33.28378226721884,1641.023330018233
06069,2023,66056,16820,108289.0,7.794699969540055,22.386651323360184,47.56843327197887
06071,2023,2187816,563979,82184.0,13.57370441422949,22.901440338137302,109.01922432676587
06073,2023,3282782,694169,102285.0,10.352697290340359,42.08987125049854,779.6730048498264
06075,2023,836321,114728,141446.0,10.582881322583857,60.12076421243264,17908.372591006424
06077,2023,787416,208930,88531.0,12.555379204453878,21.572958036625103,565.5757133478614
06079,2023,281486,49564,93398.0,12.846981198265372,39.201400387945306,85.2770293155504
06081,2023,745100,148064,156000.0,6.491334958028704,53.071234072167506,1660.922947976621
06083,2023,443975,99608,95977.0,13.772857655073503,35.869939954606835,162.39377513999023
06085,2023,1903297,398753,159674.0,6.864609510211955,55.865627050350255,1474.1852582790893
06087,2023,266021,49902,109266.0,11.21779290228488,43.55796468303216,597.6576366079091
06089,2023,181554,39404,71931.0,12.975765955898405,23.266685790040857,48.085482477061575
06091,2023,2731,349,60000.0,12.34333459931637,24.404761904761905,2.8651822134188305
06093,2023,43834,8827,55499.0,16.573389529929294,23.083615573439392,6.981306998651169
06095,2023,450824,99424,99994.0,9.692347788643497,28.367041437079976,548.6238889375663
06097,2023,485642,93938,102840.0,8.571028819990435,37.8469385158651,308.27816524337334
06099,2023,552250,148315,79661.0,13.148439213392793,19.136945701036627,369.1140594191759
06101,2023,98971,25168,75450.0,14.773213739679953,20.20745235030949,164.21379932835126
06103,2023,65520,15783,61834.0,15.419291095467457,18.843192237503896,22.21666880853619
06105,2023,15886,2912,53498.0,18.00139940207366,18.04651919323357,4.9967476790254866
06107,2023,475774,143115,69489.0,17.757265815460414,15.839490911134213,98.6285160613852
06109,2023,54873,9428,72259.0,10.71966915317126,23.944468298268212,24.707428618256202
06111,2023,838259,185795,107327.0,9.017859300611422,35.66576039958768,455.3837378278171
06113,2023,217782,44638,88818.0,16.264787793673086,44.08385081248704,214.98971359976622
06115,2023,83079,22640,73313.0,15.31778804327848,17.8964071177604,131.45286595380423
08001,2023,524408,133000,91387.0,9.415802805099762,28.022549920336797,449.4643193856386
08003,2023,16515,3902,51445.0,18.226695730221824,29.30637573816435,22.853544963294564
08005,2023,655709,150051,97215.0,8.50319671941959,45.74243117289475,821.8099372841165
08007,2023,13730,2366,76524.0,8.334558283110391,40.71008094186902,10.169707456106565
08009,2023,3460,772,40380.0,24.07847800237812,24.077046548956663,1.3542111465667421
08011,2023,5524,894,49194.0,31.702728127939793,14.1735918744229,3.651393696784936
08013,2023,328317,59132,102772.0,11.449994773138366,63.90899548172151,451.98758234269707
08014,2023,75110,15845,121025.0,4.95042872454448,58.64371178875511,2278.2698374181023
08015,2023,19876,2895,70909.0,9.967567567567567,45.42469213766972,19.613028513688466
08017,2023,1732,395,67768.0,11.413364872856297,24.396135265700483,0.9739770429337178
08019,2023,9358,1327,96667.0,6.798103856927386,56.26255860683188,23.686761687080615
08021,2023,7536,1914,47209.0,13.77837116154873,23.279793773547492,5.853531226600633
08023,2023,3571,670,36519.0,22.331737538721484,27.848101265822784,2.908944576907819
08025,2023,5734,774,47563.0,18.242757960258558,12.656139523921754,7.281935618240652
08027,2023,5073,731,72700.0,9.676145339652448,35.267857142857146,6.86815790400013
08029,2023,31353,6051,58330.0,14.205669083717865,25.681219501662568,27.45146109226223
08031,2023,713734,130820,91681.0,11.210627494737983,55.646665032018205,4662.672955563975
08033,2023,2385,335,70490.0,18.78406708595388,24.707676664972038,2.234882914624661
08035,2023,368283,88460,145737.0,3.227081209835226,60.933815563061636,437.9691469018466
08037,2023,55374,11520,103174.0,8.272766916200306,50.26926834155749,32.87324796523536
08039,2023,27152,5728,129477.0,5.329396567632404,35.172343463185804,14.67607451761702
08041,2023,736008,172420,87470.0,8.533097115285043,41.12205225996827,346.12606376174745
08043,2023,49394,7917,61027.0,13.975230109392319,21.036744040803583,32.20294229822634
08045,2023,62034,15464,86172.0,9.07170231583085,33.408893604707245,21.046845975724572
08047,2023,5877,924,88654.0,9.984506799793424,48.37764287209546,39.17399332102411
08049,2023,15794,2540,84558.0,9.01015228426396,41.78009617735757,8.553725073072773
08051,2023,17158,2692,77358.0,13.083013732525053,59.265427769985976,5.297085028742197
08053,2023,939,128,64327.0,4.472843450479233,47.05128205128205,0.8404707710401877
08055,2023,6946,1112,52139.0,17.51064142081315,27.06127080181543,4.365717115861205
08057,2023,1422,271,41809.0,18.220338983050848,27.538883806038427,0.8811904871087161
08059,2023,579715,109290,107800.0,6.702887459570843,50.74602397674926,758.4090697987789
08061,2023,1356,301,56389.0,12.791572610985705,20.634920634920633,0.7670511916162889
08063,2023,7015,1816,59810.0,9.14475585091014,18.436109345200254,3.2464497307043336
08065,2023,7411,1431,93655.0,7.2155030236393625,46.07824243592214,19.662049405840513
08067,2023,56088,10054,85296.0,12.449318098046442,47.259687171076784,33.19441172954438
08069,2023,363561,67996,91364.0,11.093363488585766,51.738040843447116,140.06026011009547
08071,2023,14392,2628,50408.0,17.393212404915154,17.265984414608955,3.0153335325118404
08073,2023,5561,982,54257.0,10.335260115606937,25.71564885496183,2.157324467651771
08075,2023,21067,3849,55074.0,13.084795321637428,18.90750758675287,11.458180930153883
08077,2023,157316,32807,71485.0,11.169893539296524,30.62717675963174,47.260193930341416
08079,2023,799,100,52455.0,13.016270337922403,54.53216374269005,0.9123504156389879
08081,2023,13258,3342,70975.0,11.654249657898738,21.00496963003865,2.7951334571866853
08083,2023,26204,5489,63005.0,13.19930407887106,30.814380044020545,12.912515294313595
08085,2023,43272,8864,66072.0,11.9112667834209,28.26628352490421,19.30970224182109
08087,2023,29186,7638,75407.0,12.272616179602668,17.56522652107722,22.792926117838164
08089,2023,18460,4315,54897.0,23.60031104199067,18.802062673542245,14.628201206707736
08091,2023,5024,633,84556.0,5.0418493423674775,53.96270396270396,9.292157337826515
08093,2023,17739,2605,95450.0,7.196043881089069,38.82613817476266,8.087038581998714
08095,2023,4491,1168,60372.0,15.745355686452198,25.654623798475306,6.528299473200684
08097,2023,17119,2560,100318.0,7.154576350638697,63.969545420616555,17.635708627064357
08099,2023,11931,3070,57601.0,17.17041246878498,18.839050131926122,7.282073379813441
08101,2023,168726,37145,62250.0,15.42073434388341,25.01743879408612,70.69749278363993
08103,2023,6518,1594,72620.0,8.982805720713483,26.58986175115207,2.0236133762148123
08105,2023,11394,2323,62166.0,14.911178898259465,31.107354184277263,12.494023834483242
08107,2023,24990,4380,104803.0,6.404020752269779,52.122591573152654,10.579927350318796
08109,2023,6511,1207,54283.0,17.620737540503008,30.711462450592887,2.0548727720994293
08111,2023,690,78,73889.0,16.81159420289855,47.227191413237925,1.7805716409128913
08113,2023,8026,1284,80117.0,8.414481897627965,65.20638937213347,6.237541044123648
08115,2023,2346,513,52833.0,14.507772020725387,27.398913699456852,4.280701626338175
08117,2023,30857,5064,106255.0,7.424193022497555,52.46638637971943,50.72428032245762
08119,2023,24774,3970,80666.0,7.587493410113955,37.82983718675037,44.46630206716074
08121,2023,4839,1078,65164.0,7.59956942949408,24.88276670574443,1.9216991966908175
08123,2023,340711,87535,93287.0,9.046413098402466,31.956224350205197,85.49927000485324
08125,2023,9921,2723,60051.0,14.985921368234436,25.968523002421307,4.195992300791872
09110,2023,969029,197922,91541.0,10.280858495237386,41.488878465815695,943.2325334428709
09120,2023,326296,72652,87135.0,13.229748076632978,41.657632484951854,2327.676361275779
09130,2023,174983,29746,101117.0,6.850041542187417,45.45090612345451,412.5838510781274
09140,2023,452303,92290,86365.0,10.3441632484817,33.788602611721224,1095.7377223923409
09150,2023,95829,17836,87564.0,8.588044074808968,26.159024335286162,173.00932487204255
09160,2023,112848,20400,91035.0,9.174937631243605,39.389920424403186,143.45534563371902
09170,2023,566803,112160,86266.0,11.584276083150625,41.07148705674876,1543.7114789102566
09180,2023,279025,54621,84185.0,10.551438121108465,34.63708122805949,466.49167830004933
09190,2023,621232,136371,124553.0,7.3836599988283,55.0458334678889,1167.450627387823
10001,2023,185043,42374,72872.0,11.2880471006443,26.73821258287714,315.7401703918193
10003,2023,573030,122553,89901.0,10.203542779548009,39.221112903751916,1344.0775724368282
10005,2023,247799,45469,78162.0,11.5000449923513,32.56618459616586,264.7012325000588
11001,2023,672079,125675,106287.0,14.530603172839163,63.5636222507566,10994.977587278736
12001,2023,281751,50339,59659.0,19.663919552396795,47.6699339751607,321.76395685466144
12003,2023,28186,6814,70833.0,13.05591987599857,15.335581076809609,48.162260991405084
12005,2023,181368,38149,70188.0,11.669852088085776,28.041329254856034,239.0831507596909
12007,2023,27888,5712,59740.0,19.050410316529895,14.994318462526554,94.86811399957818
12009,2023,620533,112755,75817.0,9.89520742985527,33.53988571773184,611.3806319398602
12011,2023,1946127,406732,74534.0,12.232563109555885,35.79891532577914,1617.8505605993469
12013,2023,13593,2713,46901.0,21.23548851792221,13.100744017695556,23.959346842082997
12015,2023,195083,23070,66154.0,9.55535275977091,25.310375406443985,286.4158633305829
12017,2023,158693,23508,55355.0,15.496088079240483,20.40040387467264,272.709619323884
12019,2023,223436,51316,86094.0,9.138814631873673,28.694541560770453,369.5612621940529
12021,2023,387681,63637,86173.0,10.453238459374708,39.54141631831966,194.1464748443547
12023,2023,70755,15746,55070.0,17.022404677866483,16.345140633865608,88.73468886110335
12027,2023,34719,6291,50868.0,23.080415241669442,10.978706778667709,54.53003400372234
12029,2023,16952,3085,47655.0,19.29115903316177,8.086400499064254,24.044196387413393
12031,2023,1007189,226707,68447.0,14.619397748421148,33.090804604339816,1320.7009547387484
12033,2023,323275,67902,65715.0,14.490203288333245,28.929787137475603,492.05167779310005
12035,2023,121710,19878,72923.0,9.420115595432572,30.439250752214264,250.33371658463446
12037,2023,12418,1901,62734.0,17.31177829099307,25.285036827767126,22.785362908922767
12039,2023,43642,9691,46047.0,27.66077842838164,20.08236909197882,84.51609779714354
12041,2023,18494,3851,61070.0,11.15569823434992,14.521527460824585,52.88608644676075
12043,2023,12324,1686,38905.0,21.151066136610048,12.709832134292565,15.274744615293088
12045,2023,14772,2189,67361.0,11.604207758053912,24.487354750512647,26.690227495704303
12047,2023,13445,2769,47696.0,27.349869451697128,11.20592166135499,26.142583536686146
12049,2023,25508,6410,54231.0,24.251535041287315,12.254286909242996,40.00821871828775
12051,2023,40798,10288,53044.0,21.593354351198517,10.729138845434774,35.29391409663047
12053,2023,201512,37366,63193.0,12.007097990583064,20.437961042145798,426.06022420216254
12055,2023,103808,17477,55581.0,15.392673232432008,19.72793341201317,102.00656407837589
12057,2023,1489634,325024,75011.0,13.195051607844638,37.155222819446415,1456.8519181380575
12059,2023,19626,4030,48236.0,14.393939393939394,12.051155927201181,40.985095759276774
12061,2023,163856,24975,71049.0,11.44147697161661,33.43323084108512,326.0640721792063
12063,2023,47652,9065,47327.0,18.822457971299876,14.644843203577365,51.895494592858
12065,2023,14713,2529,56984.0,20.317366157496664,18.842960124098916,24.60042904031073
12067,2023,8035,1456,60692.0,17.785184063020754,7.899216887980932,14.788026023981079
12069,2023,398696,76072,69956.0,9.457729738515614,26.782511966561046,418.7411382899394
12071,2023,792692,136461,73099.0,11.727995674661795,30.759320033801636,1014.9367626685925
12073,2023,295335,54931,65074.0,18.530283549245656,48.58254115203107,441.8351714769579
12075,2023,44276,8687,53805.0,17.16061185468451,16.175345149539293,39.59386686745588
12077,2023,7650,1468,53824.0,20.809808033553796,15.763636363636364,9.155503534742444
12079,2023,18113,3220,48176.0,20.93608146239725,12.49816742413136,26.004660251044825
12081,2023,416020,73687,75792.0,10.40066188906058,34.34397545296631,560.0986587897604
12083,2023,387697,72932,58535.0,14.57753827052872,22.375784121369552,244.07682593164787
12085,2023,160464,26076,80701.0,11.355568160814782,36.63733284131657,295.067135937862
12086,2023,2685296,540695,68694.0,14.932170150631757,33.206214520528164,1413.3694751108596
12087,2023,81840,12769,82430.0,10.40458138010365,37.80058605559776,83.2524612576981
12089,2023,94653,18521,88900.0,9.237153433396273,34.51724725805535,145.91609743464045
12091,2023,214281,48437,79097.0,9.28346101847679,34.2213253517884,230.4438723165373
12093,2023,40249,8614,52288.0,19.037824553905335,16.10202016677715,52.31994342806187
12095,2023,1440471,310666,77011.0,13.045405267293633,38.408425085723316,1595.2201126920284
12097,2023,406943,97784,68711.0,12.454207006637816,28.255428309665596,306.5387008471295
12099,2023,1507453,284812,81115.0,11.08089523857081,39.55163727959698,767.4281624116985
12101,2023,588758,119544,67384.0,11.096565943293367,28.036982553454642,788.5813630786869
12103,2023,960565,150459,70293.0,11.441274404323993,35.84493697509852,3508.5031156175355
12105,2023,760961,167970,63644.0,14.713802723026397,22.640908487686502,423.1983533904041
12107,2023,74235,15870,47256.0,23.872471717518,14.094667646117045,101.92159307150094
12109,2023,292243,63345,106169.0,6.707555561708888,48.61000224694392,486.5518670886603
12111,2023,346237,68335,69027.0,11.643789618754798,25.369704709202416,605.4438660331926
12113,2023,193719,42551,88968.0,8.442102805721804,30.979875594584705,191.34611680549506
12115,2023,449011,63064,80633.0,8.193488059626969,39.65769601809654,807.5650262766949
12117,2023,474912,98405,83030.0,9.207692373177148,42.38489098046635,1535.0492438077567
12119,2023,137536,9769,73297.0,9.064478964501388,35.06630914113105,246.85898080209066
12121,2023,44484,9393,55479.0,14.151900526154353,16.432731786498618,64.60195240681628
12123,2023,21422,4298,44985.0,17.31357706555001,15.059740591655485,20.532196212728966
12125,2023,15551,3299,64922.0,18.653576437587656,10.000893734918224,63.850054402496355
12127,2023,568229,99460,66581.0,12.24289592760181,27.184961149163133,516.0482637614929
12129,2023,34608,7060,74183.0,5.586095135203839,21.276172279277127,57.06954608867151
12131,2023,79846,16571,79281.0,11.428424872725408,34.22987483756241,76.90085120071501
12133,2023,25259,5080,52723.0,18.948720219643963,12.485854394568086,43.2016309859974
13001,2023,18426,4534,43728.0,23.814786164217043,9.948709598632256,36.2529561525355
13003,2023,8261,2099,38438.0,25.042506679621084,9.815390239444342,24.104365688408546
13005,2023,11129,2829,50310.0,20.914479254868755,11.02373068432671,39.17530853767574
13007,2023,2830,522,44405.0,29.39929328621908,16.878048780487806,8.275894337592154
13009,2023,43669,8274,55413.0,21.991583404332225,24.128393623990103,168.80235331408315
13011,2023,18757,4017,68830.0,12.836172720454304,17.341476287416118,80.63503800254496
13013,2023,86982,22096,77477.0,10.191267276034246,21.02218604409498,540.1367387618994
13015,2023,111153,26219,79431.0,10.08281140633948,22.938486894571746,242.20983543685938
13017,2023,17138,4229,39081.0,25.731692748775536,12.107975888879183,68.51965872108364
13019,2023,18257,4347,50414.0,22.069998336014198,12.797783933518007,40.269004093732356
13021,2023,156543,38287,50747.0,24.834545007083804,25.98713173044362,627.7212159609917
13023,2023,12414,2477,53005.0,20.54388799138395,18.285431119920716,57.504701729680654
13025,2023,18171,4065,47801.0,16.926231779637533,10.897994768962512,40.99631121188534
13027,2023,16285,3452,47656.0,25.362681340670335,13.566262960704018,33.020130417856215
13029,2023,46681,13656,94234.0,7.234913793103448,34.636738308525494,106.68382225228765
13031,2023,81372,16405,56832.0,22.521749621308594,30.801140782991965,120.37936987675361
13033,2023,24427,6067,50739.0,19.166978426237684,14.26007819009165,29.53545173147611
13035,2023,26074,5350,59221.0,12.88896446182622,13.90271926464956,141.94566933420435
13037,2023,5528,869,55714.0,22.711775504851822,12.143536121673005,19.715818306322756
13039,2023,56036,13481,72399.0,15.040876997398737,22.43317718379719,88.90764622258325
13043,2023,10972,2754,50431.0,17.517564402810304,13.635738831615122,45.14130314038978
13045,2023,122187,29124,72327.0,15.620965223922163,22.430899617211406,244.79749967443678
13047,2023,68356,15299,72425.0,8.707205810709066,24.47093827263965,421.52908819575487
13049,2023,12711,2502,48534.0,22.536976685886188,11.397101449275363,16.294336400939894
13051,2023,298143,62410,69575.0,14.34835430310986,36.753914912156176,689.0038732101424
13053,2023,9181,1759,59221.0,16.167539267015705,27.580531389607337,36.910471703043775
13055,2023,24975,5382,47785.0,20.09155863603303,10.726920004564647,79.70905794904365
13057,2023,274539,63937,105442.0,6.498973343667239,39.453068908850135,652.082210066529
13059,2023,129267,21936,52267.0,25.85316191565981,48.67085027875785,1083.5456831517183
13061,2023,2853,561,48715.0,23.04939155332856,22.55600814663951,14.600519948414567
13063,2023,298771,81489,58507.0,16.836798863292575,21.3428480475382,2107.6427100087476
13065,2023,6722,1679,55549.0,22.863602110022608,13.02016302016302,8.247893241193822
13067,2023,769152,176082,98712.0,8.545102597969812,50.382749264384366,2264.1696054823874
13069,2023,43161,10622,50175.0,19.7843734145104,13.508436249782571,72.87668827364259
13071,2023,45907,11825,49691.0,23.87563077058681,15.696479480209508,83.92013629915617
13073,2023,159638,40030,96122.0,6.819358014717948,37.83581740877447,550.1078588806108
13075,2023,17363,4400,50133.0,20.543273753527753,16.748595505617978,76.00316916975632
13077,2023,150071,35133,94142.0,8.194929630349804,34.65822784810126,340.24227391961836
13079,2023,12183,2533,60905.0,13.276106342195181,14.010282776349614,37.49607588469564
13081,2023,19995,4669,42745.0,24.091748768472907,15.514870830016644,73.32771013642365
13083,2023,16196,3178,58936.0,8.510072468585864,19.008843358725155,93.03982168707921
13085,2023,28704,5753,88986.0,9.228182041130925,35.75475809966584,136.1488986282657
13087,2023,29118,7090,50485.0,24.829157175398635,14.636663914120563,48.75435127310842
13089,2023,762105,175339,77683.0,13.515554535605451,46.747630683155414,2847.042957528121
13091,2023,19909,3785,50152.0,22.17465283495252,15.236036538595634,40.142107374945304
13093,2023,11026,1753,56545.0,19.748833074016446,13.38407494145199,28.08234703831333
13095,2023,83915,20277,46784.0,26.441500279902968,23.238268792710706,255.33708207056875
13097,2023,146141,37396,80764.0,11.264188245703778,30.804701532514734,729.9531482572951
13099,2023,10683,2617,53750.0,21.05663245914101,16.105082809822957,20.840811548966055
13101,2023,3705,1034,61723.0,12.361673414304994,14.409722222222221,8.812888462846718
13103,2023,67265,17911,85465.0,7.410625992628329,26.79779985966183,140.47783138065702
13105,2023,19725,4336,49727.0,20.614987080103358,14.85955256950897,56.180095299669894
13107,2023,22961,5750,50053.0,24.718998446495476,12.842119014958522,33.73769788443285
13109,2023,10740,2755,53908.0,18.401889391852,15.092724679029956,58.722217665873856
13111,2023,25605,4066,58073.0,12.013509798531203,22.597740225977404,66.14484442205602
13113,2023,120689,27508,108986.0,5.514954605818139,48.09078417665067,620.2953224339174
13115,2023,98985,22594,62540.0,16.80651894330712,24.946125595653626,194.15181049480907
13117,2023,260062,68187,138000.0,4.522828466941878,56.60304720128795,1157.7246340681647
13119,2023,23840,5288,52264.0,20.384632119392595,16.92659982671123,91.22146459428642
13121,2023,1068507,225602,91490.0,12.889959693889347,57.99513887761123,2028.5283061852147
13123,2023,31976,5944,72542.0,14.717290530099966,22.732769044740024,75.0229930363947
13125,2023,2913,626,55250.0,12.231230172717659,14.860050890585242,20.264911719282622
13127,2023,84987,17909,68546.0,16.338533261610184,30.441817461365737,202.52552211916995
13129,2023,58336,13622,61997.0,12.896849478958957,17.65194622085704,163.66151109714596
13131,2023,26056,6451,54312.0,20.587665982733924,15.294384314614382,57.333726472180295
13133,2023,19586,3462,84530.0,8.78006076522993,36.424204959131806,50.54229878947246
13135,2023,966972,255222,84823.0,10.479283695059825,38.72829859016251,2242.9092326105715
13137,2023,46948,10287,65622.0,13.648742938171015,24.24563591022444,169.5687821228243
13139,2023,208395,50363,77430.0,12.74048385765007,26.731725572324056,530.7695834224762
13141,2023,8630,1303,33182.0,31.505046072838965,8.364903773298984,18.320111576484873
13143,2023,30720,7323,65016.0,15.09607488914436,17.425030744489643,108.87246823667003
13145,2023,35509,7637,89184.0,7.384562665981324,34.652076318742985,76.55887178668989
13147,2023,26484,5468,57241.0,11.4508276533593,18.083621892604267,113.94790510364767
13149,2023,11616,2705,62907.0,18.68112646492916,11.365914786967418,39.24682318995313
13151,2023,245417,61949,81612.0,9.404530080967511,28.036619155787424,770.0540632128547
13153,2023,166902,42779,80743.0,10.0940632789331,32.25738934187537,443.8339990320333
13155,2023,9385,2109,53915.0,18.133070693806083,16.627816627816628,26.484141967417592
13157,2023,80640,20370,85012.0,8.281882052373856,27.308711981736504,237.47261290550568
13159,2023,15345,3598,59574.0,14.024551214361141,19.852104664391355,41.652416084428594
13161,2023,14838,3893,40879.0,26.627419136554337,11.457683510085257,44.838767190762695
13163,2023,15468,3512,46561.0,18.78718994450759,11.183898224627361,29.375848676776407
13165,2023,8674,1612,36906.0,23.586666666666666,7.817243472981178,24.9699174962145
13167,2023,9192,1656,54183.0,17.545454545454543,9.120187381056946,30.334731485484408
13169,2023,28526,6518,68259.0,13.457520274816732,18.404877065699317,72.41167481507429
13171,2023,19098,4134,68457.0,10.536558242980261,19.515047559644472,104.07572710775418
13173,2023,10094,2300,44361.0,27.69762243446454,19.058262554015794,51.35902471786626
13175,2023,49619,12331,49705.0,22.420256898776966,17.813352519711007,61.46016032977595
13177,2023,33337,8627,88024.0,7.03702548426339,33.506696736779126,93.684311102618
13179,2023,66826,18494,59013.0,14.48893325638346,19.883056065819773,129.39165051513856
13181,2023,7773,1476,50688.0,18.145108766445226,16.149068322981368,36.94725284127369
13183,2023,17512,4857,64747.0,16.034100198528552,12.823079723334546,43.736372967964456
13185,2023,119055,29282,55887.0,20.299609773983185,27.124817189785126,239.43214430082918
13187,2023,33931,5809,72388.0,15.660105616898704,31.494736842105265,119.9212565030536
13189,2023,21687,5424,54058.0,19.027940831181027,17.842098111156407,84.2632454190821
13191,2023,11187,1698,50348.0,22.402244750181026,18.63389216130494,25.935036061454003
13193,2023,11953,2248,37177.0,25.50261359067149,10.997354193028874,29.833126176178425
13195,2023,30914,7224,58784.0,18.912808414430355,20.183572164465673,109.49830690979158
13197,2023,7474,1517,50484.0,16.91076756170328,13.628869756365635,20.436343551505107
13199,2023,20757,4483,56458.0,19.679456046624573,13.036996883046484,41.43882996244812
13201,2023,5873,1342,58407.0,24.081846799580273,21.913043478260867,20.79504856190891
13205,2023,21441,4903,51908.0,25.527821376132852,12.859805342721058,41.86403414571284
13207,2023,28919,6067,82863.0,11.446568201563858,28.68251609707776,73.01081566908698
13209,2023,8675,1777,51188.0,16.363868986693962,20.232921953763253,35.974206390346055
13211,2023,20614,4609,85692.0,7.447641417107066,30.135034267489992,59.336060170806334
13213,2023,40282,9619,67880.0,13.04489672999222,13.672595763524983,116.93091897101255
13215,2023,204383,51127,56622.0,18.843391418418683,29.738295282486714,944.0323325635104
13217,2023,115530,29569,73732.0,12.29589638526673,23.576390277722226,421.92875455601245
13219,2023,42788,11213,115925.0,6.084705882352941,54.86013860461776,232.1120525978887
13221,2023,15221,3286,69784.0,11.158455392809588,24.549107560041115,34.667085741877
13223,2023,174292,44800,94557.0,6.072722656881073,27.425701203057262,557.9397218176289
13225,2023,28269,6019,68365.0,17.749924947463224,24.31665666430247,188.10385669798515
13227,2023,34197,6504,75293.0,13.310075685903499,24.881703470031546,147.3633860354479
13229,2023,19996,4949,56691.0,13.16920277033517,18.25337888014258,58.73299339709096
13231,2023,19540,4595,84184.0,9.55713390432421,21.415158116127095,90.42695963644104
13233,2023,43365,10994,55308.0,19.385872737886746,14.469353106267974,139.7338403041825
13235,2023,9893,1811,47688.0,18.315911730545878,12.001050420168067,39.68932163475233
13237,2023,22524,4417,64163.0,18.6091668548205,28.277402221149206,65.34718958344213
13239,2023,2092,202,36838.0,15.487571701720842,8.952380952380953,13.832593875837263
13241,2023,17107,2790,61466.0,14.841010401188706,29.935532802427,46.2183965806978
13243,2023,6270,1673,25425.0,26.80717931829409,15.01296252651426,14.64145938220981
13245,2023,206040,47455,53197.0,21.135405461895708,24.06032158781228,635.2592958007031
13247,2023,94293,22580,72349.0,10.733211292031989,29.103193521398012,726.3420608693643
13249,2023,4539,1086,59647.0,13.24080193875303,19.035451932290005,27.194459256241426
13251,2023,14057,2944,53017.0,18.10591078883762,14.744203870473271,21.766093081519493
13253,2023,9117,1826,49559.0,18.960517510595583,15.815265815265816,38.37993483367432
13255,2023,68215,15956,60217.0,18.701543149938004,17.867041917189034,348.0889932132469
13257,2023,26842,5938,52264.0,13.91928599146294,14.87913763066202,150.07100446154018
13259,2023,4978,591,35000.0,27.814207650273225,12.32634503662541,10.85127346604236
13261,2023,29174,6569,41877.0,22.650663942798772,21.281327980904848,60.41704202105298
13263,2023,5753,939,45098.0,21.62541688608039,15.046878573061973,14.699381925866875
13265,2023,1740,314,48036.0,21.350259665320255,9.922480620155039,8.941096671753842
13267,2023,24215,4893,52351.0,22.725189673608636,14.6428991646076,50.35978703934781
13269,2023,7786,1556,41743.0,29.380159874197354,18.149275102917485,20.66973553569817
13271,2023,12174,2778,44948.0,31.010452961672474,10.073827101690878,27.838566499049865
13273,2023,8941,2036,43812.0,32.97316138027187,11.530364372469636,26.62668147746664
13275,2023,45696,10893,60140.0,17.874310524333783,23.63782051282051,83.90237095438579
13277,2023,41322,10375,53165.0,20.921285750442927,20.192307692307693,158.38859289355668
13279,2023,26943,7124,54130.0,19.746587961048238,19.47350069735007,74.01658731968364
13281,2023,12739,1595,58400.0,12.857383114698957,32.8458942632171,76.52016170207654
13283,2023,6387,1485,43750.0,24.991730069467415,12.821734985700667,32.026114295169755
13285,2023,69821,17154,54905.0,18.512146344332685,22.473572485365697,168.64609223470987
13287,2023,8915,2269,39565.0,21.589465172692616,11.083824492468894,31.23500001751823
13289,2023,7869,1494,55439.0,14.923452978258073,10.91091091091091,21.90335690029505
13291,2023,25598,3920,65697.0,10.380788748151996,25.717116670795143,79.476408255015
13293,2023,27856,6426,50904.0,21.32260218084712,14.830045286554578,86.11697638398971
13295,2023,68449,14648,55887.0,13.840659093296518,20.072321520818267,153.3747417575277
13297,2023,100361,24256,82381.0,12.18661897110983,24.921961683556475,307.0834098280399
13299,2023,35958,8951,44833.0,22.816959914547667,15.01525018547523,39.98710021796183
13301,2023,5175,1047,46776.0,21.782566111655242,12.67379679144385,18.19889013145401
13303,2023,19893,4295,44009.0,15.548662272198527,17.47288812785388,29.317962760454282
13305,2023,30519,7426,49562.0,20.549239111422075,14.010815024114581,47.55123377058427
13307,2023,2348,328,40764.0,26.439232409381663,11.336032388663968,11.199244480270155
13309,2023,7434,1179,45262.0,21.485330073349633,12.211668928086839,25.15821178381671
13311,2023,28454,5490,69747.0,11.726841196777906,24.273241392995338,118.1919383245273
13313,2023,103118,26051,64262.0,13.734457344180889,19.34722242846324,355.03451600130836
13315,2023,8784,1640,48036.0,23.13955149264391,14.079422382671481,23.249720098144312
13317,2023,9553,1969,52542.0,16.97733531031561,15.746247521948456,20.34713451089561
13319,2023,8795,1903,46673.0,20.257678591970553,12.686809616634179,19.578641805464656
13321,2023,20575,4585,57201.0,20.159464514223842,11.293436293436294,36.05278513240965
15001,2023,203684,42453,77215.0,14.558039090800525,30.904403605164156,50.561620640889714
15003,2023,1003666,208450,104264.0,9.130876444049632,37.7229953386872,1670.5881961297368
15005,2023,43,0,86250.0,31.70731707317073,32.55813953488372,3.5860228504711866
15007,2023,73610,15729,93612.0,8.804634307050296,30.235888160373804,118.75645327826535
15009,2023,164632,34840,95076.0,9.797473480130805,30.073664205587043,141.73597121063418
16001,2023,508052,114071,88907.0,8.529308316454621,43.90088199678806,482.93181852747483
16003,2023,4599,788,59286.0,15.033968880122725,21.303258145363408,3.3746574161380387
16005,2023,88457,22509,64080.0,12.179494688016119,30.20585278086469,79.51269630531178
16007,2023,6552,1776,67304.0,10.1647928538426,20.33224145999064,6.714986143679386
16009,2023,9913,2189,56553.0,14.980584508481504,19.804643261608152,12.75917681235528
16011,2023,48993,14570,76842.0,10.979449784554193,20.78720787207872,23.399842959843955
16013,2023,24579,4815,84470.0,7.445416632594652,45.52859135285914,9.31821128557878
16015,2023,8045,1236,77349.0,8.187134502923977,29.94979604643866,4.235200225736961
16017,2023,49456,9704,65168.0,10.696904012105843,28.93056341443699,28.534091072999757
16019,2023,127056,38360,76646.0,9.50748030240199,32.213524958295906,68.09149177903063
16021,2023,12695,2962,62438.0,17.172925137526907,19.575875042754532,10.006471298098257
16023,2023,2654,705,43281.0,21.338912133891213,13.818386914833617,1.1866825069852853
16025,2023,1155,383,55536.0,6.666666666666667,27.408412483039346,1.0751847362865075
16027,2023,242405,65829,72355.0,10.145213744884325,22.830432775758837,412.9205348777788
16029,2023,7118,1956,66653.0,7.289002557544758,15.524017467248907,4.034703666376827
16031,2023,25165,7858,67042.0,10.271927701121601,20.898711357414705,9.808583533740514
16033,2023,776,224,52083.0,12.710765239948119,17.29957805907173,0.44012262179230865
16035,2023,8921,1365,57961.0,12.51996559773928,19.449929478138223,3.6303866742304813
16037,2023,4411,491,56957.0,11.549942594718713,25.19642373340558,0.8961481880883195
16039,2023,29046,7130,58976.0,12.361450986037138,21.202771462596083,9.445610990807065
16041,2023,14715,4553,65991.0,8.36825833047063,21.47468569486918,22.19393411048552
16043,2023,13701,3299,72767.0,9.76315589064047,21.754574811625403,7.350479624026266
16045,2023,19854,4440,66245.0,10.434376943810907,22.280349720510248,35.46820206192197
16047,2023,15740,4269,62395.0,15.336754329698524,17.05028153709375,21.58168819807986
16049,2023,17120,3385,60975.0,10.813911363361912,21.99842643587726,2.019463523381129
16051,2023,32234,10592,82952.0,9.24414257228315,27.180993059263216,29.47294503607542
16053,2023,24788,7434,69338.0,13.90650406504065,13.360031512605042,41.483207066269706
16055,2023,177736,40103,77034.0,9.256123909040639,28.759579311892775,143.59256087511514
16057,2023,40315,7625,65179.0,15.258374011109241,44.89985633398123,37.472103893882796
16059,2023,8166,1495,52057.0,11.78007214827715,22.92011932383162,1.7893395592825552
16061,2023,3649,802,49643.0,17.39491150442478,19.984945427173503,7.620786012338614
16063,2023,5276,1373,66038.0,9.35638808837656,11.625249928591831,4.391674796314855
16065,2023,53578,11001,58259.0,26.840828174252216,40.32043463798647,114.17380723553968
16067,2023,21922,6407,70060.0,14.885041678116698,16.835535976505138,28.959201898028525
16069,2023,42477,9093,71466.0,13.106689720673112,26.757484022872518,50.07190682761222
16071,2023,4681,1250,72563.0,11.834447079111877,26.178700956149026,3.9042462953031443
16073,2023,12284,3068,59773.0,13.365233891593103,13.678958257271509,1.6019396458414514
16075,2023,26190,6719,65723.0,9.01639344262295,19.630537658931523,64.36581607449625
16077,2023,8018,2435,59760.0,8.129876667505663,16.673322683706072,5.711534050516232
16079,2023,13580,2820,49975.0,15.091372079089274,11.52945965197924,5.148961581845929
16081,2023,12101,2803,90740.0,9.407867494824016,48.25471698113207,26.945541104141476
16083,2023,92121,24607,65338.0,10.737352584591646,23.00379589505862,47.936893835399026
16085,2023,12136,2231,76125.0,14.202269692923899,35.356424107615716,3.3112158159121163
16087,2023,10866,2442,53608.0,15.348619560131024,19.036998163211756,7.479082521826036
17001,2023,65166,14793,64962.0,12.257231892725613,26.95713779667021,76.20408559424008
17003,2023,5042,1092,43523.0,21.007720438845997,12.5561797752809,21.41940746153258
17005,2023,16627,3029,61603.0,12.676830105754705,21.240799158780234,43.71660847250852
17007,2023,53316,12886,81638.0,10.496986239053793,23.235202799966128,189.9116979707275
17009,2023,6320,1102,72288.0,8.868637474994443,15.080372250423013,20.67203747133881
17011,2023,33027,6922,65894.0,12.591886322394119,21.418259023354565,38.00264880544857
17013,2023,4406,897,92095.0,5.825017405430494,18.373205741626794,17.358142686611853
17015,2023,15621,2827,60871.0,13.61066517763663,18.159679944338144,35.071373084332045
17017,2023,12826,3141,64907.0,10.904945357339413,19.97698504027618,34.13403450129606
17019,2023,206098,39730,63091.0,18.00121006019006,46.5570886884661,206.90409836723876
17021,2023,33684,6734,59253.0,11.137863106219317,16.548414879219127,47.476824673741305
17023,2023,15328,3423,70625.0,9.48545563469347,24.272474513438368,30.57192720019945
17025,2023,13173,3034,57266.0,16.71438520467384,15.57821653287047,28.12634114157971
17027,2023,36899,7966,82314.0,7.496342198123762,24.445623744361473,77.85568245836508
17029,2023,46689,8521,56040.0,18.35180055401662,27.14431866935085,91.85829634526395
17031,2023,5185812,1110965,81797.0,13.339116973068247,41.948689730840854,5488.0673069291215
17033,2023,18588,3756,67614.0,11.55385520894644,20.6387843918271,41.89855356671919
17035,2023,10378,2475,69826.0,9.918731029080584,18.6024029830134,29.999074994796846
17037,2023,100512,21906,69022.0,15.917679023141062,32.670148387631606,159.20498877778428
17039,2023,15461,3323,64802.0,10.095363367313384,21.36968928344959,38.88962951597365
17041,2023,19686,4836,74186.0,8.882225209388894,20.197527141133897,47.24863013534239
17043,2023,927263,207574,110502.0,6.437627928132818,51.44684929119943,2828.444186862294
17045,2023,16637,3281,56909.0,11.834428545108395,20.145116582422958,26.690773979503437
17047,2023,6118,1379,59386.0,16.957523872242344,13.918480778138026,27.508992805755394
17049,2023,34505,8348,75380.0,10.644488200546624,26.000421674045963,72.07024682049172
17051,2023,21380,4379,57113.0,16.48400694272254,16.61483491034209,29.841871579455727
17053,2023,13396,3120,60782.0,12.650555598725619,19.43846815834768,27.586661367347823
17055,2023,37541,8323,53471.0,16.90511741550156,17.123158648231172,91.80367155996058
17057,2023,33259,6566,58617.0,12.637450710095214,17.63906616708527,38.4193752216458
17059,2023,4857,962,54626.0,15.550487248600456,15.307542443640413,15.03989892890652
17061,2023,11837,2534,60976.0,14.211528474987018,16.33112269066793,21.79348386431591
17063,2023,52920,13072,93060.0,6.304571624661608,24.2234084842978,126.5641143381931
17065,2023,7972,1812,61520.0,12.544393708777271,18.490230905861456,18.341320657913204
17067,2023,17434,3680,65044.0,12.718582420144555,24.187266512995787,21.964149830928708
17069,2023,3623,494,57155.0,10.533747528946625,12.181208053691275,20.424039822085923
17071,2023,6284,1188,65651.0,11.555267842692993,19.238095238095237,16.589535709477207
17073,2023,48948,10793,69912.0,8.062637773988271,24.34138782069678,59.47068321789029
17075,2023,26746,5802,62439.0,13.391317675006706,16.731043970580455,23.936029783559082
17077,2023,52706,10007,45572.0,21.839267217742755,35.05219469249151,90.31650016279109
17079,2023,9233,2070,71094.0,8.713283647523017,20.566938838391618,18.667081805205676
17081,2023,36808,8263,61102.0,14.162894639451135,18.37319092949462,64.4358276366119
17083,2023,21336,4256,79104.0,9.968051118210862,20.50751252086811,57.73430206599829
17085,2023,21918,4062,74954.0,8.04460007371913,28.761088648844368,36.473830301335944
17087,2023,13350,2374,65203.0,16.666666666666664,18.813209494324045,38.83794539995811
17089,2023,516097,125866,100678.0,8.252282554579418,37.479096199652744,993.709614066435
17091,2023,106833,24569,68325.0,12.546624984174287,20.382697824694315,157.92251178879215
17093,2023,135053,37150,110474.0,4.857863075630378,36.444644256928115,421.7269655693578
17095,2023,49294,9949,53291.0,15.859069542678908,20.29594023281404,68.80936926373388
17097,2023,711885,168098,108917.0,8.069735534161554,46.95393034403767,1604.7722636128988
17099,2023,109049,23234,72281.0,13.462721311165154,18.746764005384694,96.06673373633868
17101,2023,15137,2852,53438.0,14.6875,14.597285067873303,40.67128989007978
17103,2023,34058,6778,68459.0,11.718949247640909,19.35342071611253,46.9915241959852
17105,2023,35659,7866,70796.0,10.04965361401005,18.471135126544556,34.168305181539786
17107,2023,27870,5447,64188.0,13.658815365146754,19.868327038889454,45.09329312096717
17109,2023,27102,4853,50434.0,19.906275468622656,31.804317923569165,45.98836291812809
17111,2023,311366,71656,102836.0,6.069525895112744,35.19117118882032,516.0217899658102
17113,2023,170882,36679,78329.0,12.995181930073043,46.87393558642092,144.4177382932403
17115,2023,102591,23234,62449.0,14.649752014567257,24.12657118215109,176.71407015440585
17117,2023,44566,9244,68518.0,14.39446207626144,18.776991925893473,51.642343801783134
17119,2023,264631,56984,74800.0,11.290167237480304,30.7840745860097,369.84689349629286
17121,2023,37294,8800,60839.0,16.164383561643834,17.28968346103243,65.13803450600659
17123,2023,11715,2479,69818.0,11.73572622503739,18.71984939404636,30.28524747816825
17125,2023,12878,2649,62127.0,14.020976263701602,17.069777397260275,23.876800308518373
17127,2023,13958,2956,62584.0,14.917045955072677,16.272160047538872,58.85701515068458
17129,2023,12169,2687,81334.0,9.759747277412918,26.461359674607788,38.70657875066398
17131,2023,15619,3293,71710.0,7.8836561508065035,18.929340028694405,27.829449077043687
17133,2023,34969,7729,101635.0,4.580572354524147,38.2310411311054,90.75761547465488
17135,2023,28078,5649,61863.0,13.778364936276033,18.20273114385003,39.89678387418546
17137,2023,32621,6303,65175.0,12.50615783769582,23.25954861111111,57.334535528922125
17139,2023,14469,3694,71676.0,9.839655294200748,18.78470080197409,43.06788348543568
17141,2023,51536,11548,79244.0,8.909337048009574,24.04140464132673,67.93083540059105
17143,2023,179831,43056,64938.0,15.425632233176167,34.46672502931897,290.66179620006625
17145,2023,20810,4060,59286.0,16.91048034934498,12.260587182715886,47.089118589453484
17147,2023,16702,3661,87516.0,5.943992773261066,31.883449491980855,38.02927220233704
17149,2023,14625,3369,58029.0,15.264643613267467,18.838166144200628,17.59182632627335
17151,2023,3757,589,62500.0,14.337315921089191,16.846878269968606,10.185242919534682
17153,2023,5074,1040,43227.0,26.132899817110346,11.918850380388841,25.46319529477889
17155,2023,5600,1103,77526.0,9.946236559139784,24.56437560503388,34.97879410607319
17157,2023,30142,6138,68870.0,12.252153197727688,14.210381511371972,52.38743271685724
17159,2023,15675,3611,60404.0,11.893267223382047,18.862741507187984,43.537554786492386
17161,2023,142995,32223,66768.0,15.408941886442104,24.063985989064136,334.49435784194475
17163,2023,254777,59327,70178.0,13.555057908252177,30.743477190914138,387.3550898158073
17165,2023,23387,4887,54945.0,17.114946556859998,20.2348796241926,61.54619451513326
17167,2023,195217,42980,74114.0,12.901911626449388,35.11987891461872,224.84479918915494
17169,2023,6826,1180,66059.0,19.28124067998807,18.92863903085368,15.609421449805625
17171,2023,4847,1038,73013.0,10.58234189104571,22.22545878240606,19.32692691096136
17173,2023,20867,4458,68457.0,9.951044544617323,17.59124087591241,27.51055030329238
17175,2023,5324,1153,62284.0,12.041682747973756,19.271383315733896,18.47930969851374
17177,2023,44042,9395,61943.0,13.12622704700312,21.732208247094412,78.05446905344645
17179,2023,130555,29099,76704.0,8.726899383983573,28.353695020724317,201.95090561187
17181,2023,16972,3643,56420.0,19.35016306317188,20.89540022917008,41.053476918908984
17183,2023,73179,17200,54537.0,17.214319345955744,16.2329393975568,81.4621531994759
17185,2023,11199,2438,53650.0,14.085923217550276,18.70189840944074,50.14709635818971
17187,2023,16576,3684,64650.0,12.839315579570307,22.030456852791875,30.561373491843415
17189,2023,13682,2872,75652.0,7.804370447450572,24.403129127298588,24.31936181671783
17191,2023,15994,3609,53107.0,13.843832516031688,16.208791208791208,22.40589496098511
17193,2023,13708,2992,53097.0,16.37677885701378,14.923559785359927,27.693880395892386
17195,2023,55192,12153,64536.0,12.070020583381238,20.07212776919114,80.67838134539006
17197,2023,698450,167605,107799.0,6.9607833183703,36.45855834853634,835.5914460894272
17199,2023,66902,14415,65521.0,14.279514561602008,27.457267181611876,159.21087075509865
17201,2023,283289,66750,64363.0,16.017436966512285,24.59591172982407,552.1664555111588
17203,2023,38348,9208,85629.0,7.614595088398087,36.079369981470045,72.68977570196206
18001,2023,35995,11241,63128.0,12.439719112214107,15.231818814684178,106.20343733864424
18003,2023,388791,99382,68839.0,12.198983985071228,31.134840377468198,591.6356486990715
18005,2023,82881,20095,80365.0,12.00322923929397,35.3804978142564,203.66884553005357
18007,2023,8708,2155,61811.0,12.083818393480792,18.804144725666724,21.426216358527427
18009,2023,12007,2771,47560.0,17.493869958569373,13.491969066032125,72.7335505990962
18011,2023,72827,18763,104865.0,5.141821729737265,50.48679579276701,172.21589001187093
18013,2023,15543,2586,72644.0,8.62158987077405,25.979945305378305,49.81938349995352
18015,2023,20443,4480,64003.0,8.394304923867905,15.472064328296131,54.92108267848747
18017,2023,37703,8738,56525.0,12.700396717569697,15.640483963894757,91.48016227338017
18019,2023,122800,27290,72298.0,9.282567912661879,25.461469481873127,329.6759349990738
18021,2023,26431,6142,67676.0,10.658794282162834,17.007762879322513,73.912192393736
18023,2023,32967,8915,63690.0,8.547754034016572,16.712843390467246,81.38653605452924
18025,2023,10494,2232,48993.0,23.824601803876416,11.14493712772998,34.33754454162617
18027,2023,33442,9922,68561.0,10.437463748206492,15.11025886864813,77.86009303538418
18029,2023,50828,11296,82693.0,8.13958133589006,26.037312386028894,166.60165788775006
18031,2023,26411,6253,74228.0,9.345143697056436,20.07640772936161,70.8890725988276
18033,2023,43584,10586,70080.0,10.117816559384659,20.140792635462144,120.12104709040497
18035,2023,112109,20474,56932.0,19.921231170225,25.690477886190443,285.91284566281314
18037,2023,43563,10657,71918.0,9.51453577043103,24.31095406360424,101.95732410881253
18039,2023,206868,57167,65617.0,12.541038394243811,19.731802230903906,446.6438236380006
18041,2023,23390,5238,56659.0,16.71467225277123,16.440875375467417,108.78007264406733
18043,2023,80512,18124,78179.0,9.986434575351497,31.308168205863897,542.2267719080843
18045,2023,16546,3659,62526.0,12.429655003670174,13.674626352860333,41.817887724051474
18047,2023,22929,5186,79702.0,8.524273549293301,19.48708348932984,59.64476908429711
18049,2023,20411,4825,62878.0,12.621696801112655,16.239982979930502,55.405504447695805
18051,2023,32986,7908,67763.0,10.236049505257608,18.986498489962695,67.68052722937843
18053,2023,66377,14172,54007.0,18.83414682084712,20.381480124564938,160.29645800781958
18055,2023,30954,6681,59753.0,13.280738509886081,14.636367776310397,57.06153554041075
18057,2023,357176,92428,117957.0,4.349751374281129,61.83441579020761,905.6622910332902
18059,2023,82013,19096,91326.0,4.487764004238855,34.19659036928869,268.05400758930176
18061,2023,39785,8893,72468.0,7.523351403629331,22.00824332006822,82.18665884428432
18063,2023,179379,44210,99988.0,4.996511933761051,39.58417690661334,440.8494595644074
18065,2023,48896,9944,60144.0,13.033870120777175,16.69668124517623,124.77384485438033
18067,2023,83610,19205,62496.0,12.526624554228894,19.97961087880568,285.2863099421989
18069,2023,36757,7999,62734.0,10.09889206879941,23.1142113974935,96.06182328513299
18071,2023,46319,11656,70208.0,11.222591362126245,20.274414850686036,90.82548658961758
18073,2023,33198,7710,79634.0,6.935404642023824,18.082598445822054,59.316037735849065
18075,2023,20281,5214,54114.0,13.19434028298585,12.686233611442194,52.828173636707
18077,2023,33074,6628,59987.0,11.248670084147403,18.102742970331136,91.69443689734904
18079,2023,27584,6399,68476.0,12.480843269913656,13.625635915456025,73.24540556616225
18081,2023,163983,40059,87227.0,7.227999775682766,33.31461081316133,511.7831562192781
18083,2023,36108,7826,58863.0,13.391451396582891,17.787311277947364,69.99967043469664
18085,2023,80357,19061,73922.0,9.667386060683002,24.623886445126235,151.20444974654058
18087,2023,40596,12996,83741.0,5.749987554139493,11.092916824117227,106.93541886726848
18089,2023,498990,116556,68985.0,14.605305857536912,24.89602824981376,1000.2004449878731
18091,2023,112141,23955,70452.0,14.011177659939724,21.708216513854158,187.43617215091703
18093,2023,45077,9628,65551.0,11.255645889792232,20.469023232575566,100.36157507803698
18095,2023,130949,28235,62632.0,12.904205738222574,20.050471539055618,289.7608210284541
18097,2023,971822,243650,63450.0,15.123951080304693,34.06121355952435,2454.1579332811434
18099,2023,46225,11436,68041.0,10.947669305189093,20.449488923999613,104.19954014697264
18101,2023,9854,2187,65345.0,16.438073631019904,13.154440717514948,29.348256646841055
18103,2023,35772,7524,61130.0,15.167701121986155,16.112745487795184,95.6874829473414
18105,2023,139822,22325,63372.0,20.164149075463865,49.12037928378899,354.4086261349177
18107,2023,38155,8833,66571.0,11.946637625918868,19.53810623556582,75.60730570081661
18109,2023,72202,16072,79088.0,8.537117596542355,20.56141322624676,178.79172826391107
18111,2023,13859,2914,68596.0,13.509749303621168,13.668271159245887,34.49614814999191
18113,2023,47417,11576,70908.0,8.501022274830518,17.77791683614405,115.41307448533027
18115,2023,5993,1226,67942.0,8.902726354762706,18.954545454545453,69.56471271038885
18117,2023,19746,4522,64758.0,13.258160848522294,15.194012498183405,49.565865670630224
18119,2023,21434,4276,59586.0,11.896617255796276,16.994884910485933,55.630101610454325
18121,2023,16346,3628,66776.0,17.16735388441652,14.21267007539648,36.755628809973
18123,2023,19218,4014,61099.0,12.83635750800517,16.481521818049806,50.34316550531776
18125,2023,12187,2704,66250.0,12.232977303070761,15.723783972938293,36.44971900786898
18127,2023,174150,37643,85828.0,9.224135402305594,30.080824742268042,416.5141959231117
18129,2023,25163,5573,79124.0,9.851263654318997,25.2761968530298,61.465368784884646
18131,2023,12441,2715,59956.0,11.826457803657837,13.6535595551989,28.68738110336081
18133,2023,37091,7086,76182.0,8.066604995374654,19.88246430543504,77.18656419797018
18135,2023,24425,5568,61121.0,15.003130870381968,14.406530804017148,53.99233828272311
18137,2023,29039,6882,71084.0,9.58779161550605,19.35776579119827,65.04758896751316
18139,2023,16734,3761,64393.0,13.003227967598512,16.760061130922058,41.00093841038671
18141,2023,272574,63561,64885.0,14.584932011418397,32.62437238141238,595.4244496822716
18143,2023,24468,5514,54583.0,14.735007862637598,12.365559800176316,128.50637857596783
18145,2023,45104,10182,71301.0,11.507945477971926,19.41808981657179,109.7057907845579
18147,2023,19871,4330,70890.0,6.6352169008306845,21.244438166537186,50.067021426699725
18149,2023,23300,5319,62933.0,14.84016286927142,12.557511809091467,75.36940713712703
18151,2023,34648,6914,71483.0,8.81195908733281,24.674942141805175,112.20933998315954
18153,2023,20766,3992,54985.0,13.469211689852258,14.289489330778887,46.43601463340459
18155,2023,9914,2372,65148.0,11.07361963190184,9.995609541928875,44.92722098355901
18157,2023,187399,38420,58622.0,19.00329195488326,40.06417296141028,375.62587943828197
18159,2023,15329,3163,78309.0,11.53514874445107,24.882160986221898,58.83526968883976
18161,2023,7028,1453,79500.0,6.399770411823791,20.580632332471666,43.60071964762082
18163,2023,179908,39159,60938.0,14.364866575377144,27.082321318695552,770.8107505966127
18165,2023,15452,3418,59363.0,13.280528052805279,17.193694108970224,60.14932228857038
18167,2023,106201,21878,52525.0,20.028800908648385,25.871468451745862,263.1140819213589
18169,2023,30901,6515,68414.0,10.745245845468562,21.601257338325706,74.90443327782343
18171,2023,8469,1877,74635.0,12.724874070520508,17.235099337748345,23.22246291370753
18173,2023,64650,15039,95027.0,6.375047187617969,35.50224485693225,168.08361282271275
18175,2023,28167,6486,61358.0,13.460078794231395,13.820310511580555,54.83278793199777
18177,2023,66377,15012,56652.0,16.87061434353853,20.215841627860783,165.21760774601435
18179,2023,28261,6979,69741.0,7.216979426546624,18.860109060402685,76.77804432104367
18181,2023,24709,5801,66143.0,9.959700633275762,18.31723975506359,48.91553957746032
18183,2023,34388,7936,75790.0,10.69028531006838,22.775711479794392,102.46050616467335
19001,2023,7471,1715,66176.0,10.333470564018114,20.011413353623738,13.123802196142085
19003,2023,3641,796,68828.0,9.519797809604045,24.46287222012816,8.598762968403502
19005,2023,14038,3386,66000.0,12.05616996507567,19.855222337125127,21.966260399861675
19007,2023,12242,2621,51146.0,20.425391045270214,19.340534394542352,24.616980930989204
19009,2023,5622,1249,54152.0,11.832269826800365,20.623916811091856,12.6918909156583
19011,2023,25698,5941,84742.0,7.879439401178531,24.930362116991645,35.885949208353004
19013,2023,130693,28679,64581.0,14.709038447781126,30.137068726909515,231.00553771318783
19015,2023,26669,5581,79741.0,6.713794421092854,28.73521097267302,46.74990928389495
19017,2023,25118,5677,83343.0,7.482849157279579,35.22562741312741,57.679015520840274
19019,2023,20645,5308,78430.0,7.030143143289854,22.319948093143967,36.15086529184229
19021,2023,20684,5521,66564.0,8.236964901602759,22.070073439412486,35.97849361366083
19023,2023,14301,3215,69651.0,10.684521689579029,20.440624382533095,24.65103130634435
19025,2023,9858,2152,66875.0,8.61280487804878,21.49532710280374,17.299410717983456
19027,2023,20677,4986,68528.0,8.341956146834196,23.396683037938644,36.31028372842008
19029,2023,13115,3090,61657.0,17.440323458518,21.56671012603216,23.242913702597036
19031,2023,18427,3953,79080.0,7.244129375276915,21.47985790945507,31.800187070075346
19033,2023,42785,8964,65537.0,9.3557476479297,24.264777882951986,75.28594052437094
19035,2023,11587,2522,64478.0,15.229732127017916,21.631035311073745,20.08469302677901
19037,2023,11868,2769,73421.0,7.094449686883418,19.086021505376344,23.53249101767911
19039,2023,9690,2474,66821.0,13.756725392973943,16.017450919289498,22.476809916703587
19041,2023,16446,3803,64082.0,11.454782123597596,26.03846491613243,28.99312105324396
19043,2023,17069,3708,62326.0,13.627992633517497,15.74165029469548,21.92651169482468
19045,2023,46383,10532,65177.0,13.137367238112027,22.09948180097434,66.74206679818522
19047,2023,16289,4121,65039.0,16.371543957750852,18.264797214641952,22.807400748811954
19049,2023,104136,27939,102349.0,5.829254399938213,51.62640760837856,177.03189042437268
19051,2023,9127,2730,79505.0,7.184099489229403,17.624386825508058,18.1744685257314
19053,2023,7669,1730,57146.0,15.210263720598716,24.260851331516044,14.418584538328917
19055,2023,17549,4115,76205.0,7.8742876877914005,19.73889481895065,30.378199846282744
19057,2023,38597,8444,60662.0,14.13709336713139,23.83602300129846,92.75248781027037
19059,2023,17844,3433,74570.0,6.2684701068424635,32.310117081957365,46.89224559301189
19061,2023,98948,22431,75919.0,9.41450223256399,32.86459037574556,162.66342703177222
19063,2023,9316,1817,65181.0,10.381258612769868,15.652965266191416,23.53178913334512
19065,2023,19393,4145,58764.0,12.464604370358497,18.18919118189191,26.53605485367746
19067,2023,15502,3508,64500.0,11.387109426068767,18.498016422179166,30.968633820177356
19069,2023,9977,2439,63648.0,15.063059397884459,18.232530827950676,17.143436453987476
19071,2023,6570,1441,73750.0,7.589632158932175,21.14771519659936,12.852917240515838
19073,2023,8722,1844,59159.0,10.442374854481956,19.801026957637998,15.313629165071863
19075,2023,12352,2917,83617.0,6.443679291687161,24.69437652811736,24.61268693148419
19077,2023,10646,2279,79981.0,9.337263478178187,24.267673480015624,18.025614455709746
19079,2023,14893,3486,71750.0,7.9893566214095655,21.96940726577438,25.823130714319156
19081,2023,10718,2281,70212.0,12.13972132086276,21.378413524057216,18.770413569058064
19083,2023,16729,3217,64906.0,8.614559291372965,21.19226989846053,29.384848596627126
19085,2023,14645,3377,77027.0,7.5034770514603615,21.22905027932961,21.015276793222302
19087,2023,20228,4254,64604.0,12.084722072895387,22.530730296456976,46.57738643480824
19089,2023,9459,2419,67336.0,8.401727861771057,18.71262197041234,19.98744841488694
19091,2023,9573,2266,66994.0,13.685880486515071,19.26605504587156,22.038713360898033
19093,2023,6944,1698,62841.0,10.352975926746419,20.69550466497031,16.09221506652175
19095,2023,16547,3888,72185.0,9.215854706098908,24.248168892718656,28.215293586038143
19097,2023,19429,4313,71605.0,10.306537378792619,18.357277608474824,30.54672490181466
19099,2023,37864,8382,70128.0,8.160208581810114,19.913647456354422,51.838242340771
19101,2023,15676,2684,56824.0,14.55373530011556,41.630536427782026,35.9934240133724
19103,2023,154881,30276,74721.0,16.74275566925437,54.56850316918577,252.66192167335242
19105,2023,20799,4344,73071.0,10.431488969647337,20.747937183923344,36.133338429305546
19107,2023,9964,2262,60856.0,11.971472236372898,15.885304659498209,17.203781240557692
19109,2023,14610,3251,65656.0,9.649734859056656,22.15586167035931,15.019568616606236
19111,2023,33175,7075,59803.0,13.040746442147592,21.03933294028468,64.10008694812096
19113,2023,229463,52233,76421.0,9.857660132351105,34.8329959837306,320.02761467761957
19115,2023,10710,2402,80223.0,9.86835874609338,16.460082633613222,26.65657815156169
19117,2023,8685,1998,67921.0,16.480316794782205,14.477783243154615,20.165737518023782
19119,2023,12087,3451,72881.0,5.3250461951957,20.76813655761024,20.569800666769908
19121,2023,16760,4175,89542.0,6.803912098526927,25.49500613281934,29.874903298716948
19123,2023,22045,5262,69019.0,11.851052853726024,22.999589659417317,38.61778292409053
19125,2023,33551,7845,78059.0,7.06607154083108,33.066320594289806,60.507854064094936
19127,2023,39971,10127,72785.0,11.066242137143744,21.4471550846499,69.81797475297073
19129,2023,14563,3362,87810.0,6.869963878855237,32.04776820673453,33.292107783856196
19131,2023,10548,2534,68704.0,6.892884764114463,22.71219242466132,22.478135601888948
19133,2023,8619,1932,62944.0,11.220847215611613,18.744919525280444,12.418020032503833
19135,2023,7546,1745,72518.0,9.16858809168588,19.984641965828374,17.398802881201174
19137,2023,10254,2320,63190.0,11.959768970324637,18.724934310607107,24.178430877841627
19139,2023,42735,10344,69512.0,11.566391276398182,22.714201572948063,97.69339795171909
19141,2023,14103,3438,68216.0,13.813553193028133,22.4606135986733,24.61106215152652
19143,2023,6114,1436,69138.0,16.333666333666333,15.354239256678282,15.335338247798397
19145,2023,15168,2908,57752.0,13.426782410701579,18.80969225327202,28.354369803194356
19147,2023,8902,2087,68963.0,11.71792772775114,20.52969238361573,15.78749485691585
19149,2023,25699,6411,81600.0,6.762254611525852,23.87991291394523,29.78461524197175
19151,2023,7040,1622,63423.0,8.696283391405341,18.65136298421808,12.19594588741964
19153,2023,497441,122384,81621.0,10.061167148595857,39.54552308573841,869.0732222068867
19155,2023,93407,21645,71446.0,10.899047367028313,23.54001441961067,98.19168439731223
19157,2023,18582,3619,64837.0,11.108493344327954,28.16219322006074,31.768284030547612
19159,2023,4664,1081,69821.0,9.009613234965348,25.231910946196663,8.709861153907205
19161,2023,9759,2172,70991.0,7.913443445536274,21.185827910339842,16.97152456775567
19163,2023,174302,40786,76363.0,11.645805936501972,36.22728802153432,380.4922985575076
19165,2023,11757,2686,67690.0,8.53351834186107,23.322025684516596,19.900943843351797
19167,2023,35984,9874,84736.0,6.434602281143534,30.387516986083124,46.859597010591074
19169,2023,98592,16200,69006.0,18.593710167095416,53.33752189475287,172.1998658618377
19171,2023,16982,4079,67955.0,15.351194786386676,19.400051277668577,23.553038719242842
19173,2023,5901,1386,67279.0,10.355540214014498,15.48747872599076,11.094148922169872
19175,2023,12038,2858,56813.0,12.6032530017883,24.102311854402362,28.415300546448087
19177,2023,7236,1681,60183.0,12.22206684379807,19.36821322803554,14.925988877704253
19179,2023,35265,8349,60034.0,16.71468901888879,19.426168068626634,81.66162239517602
19181,2023,53484,13172,92990.0,5.350478584549937,32.68418979006022,93.88791169438505
19183,2023,22539,5553,71339.0,8.480245909049815,24.898679565956332,39.62357689846492
19185,2023,6518,1714,59118.0,15.017971558055946,16.041189931350115,12.404157048274968
19187,2023,36848,7872,68054.0,11.723611600328754,20.51137507549829,51.484971440707334
19189,2023,10648,2315,63719.0,9.830845771144277,25.114218468780287,26.587496785180118
19191,2023,19972,3790,75652.0,7.890222984562607,31.523603549854574,28.95147308666887
19193,2023,105760,27420,70147.0,13.33572759745302,23.398110021625143,121.15990908424372
19195,2023,7380,1520,76875.0,7.30869624948482,20.067139127191346,18.444328369026525
19197,2023,12817,3343,64033.0,14.750730820889627,23.507506109624114,22.08258960876067
20001,2023,12491,2767,57618.0,13.111757374324887,21.272365805168985,24.967169501316217
20003,2023,7819,2063,64925.0,10.903426791277258,15.808682289665771,13.489383946270193
20005,2023,16211,3582,62164.0,12.776563780387873,22.92001607717042,37.59735048959353
20007,2023,4153,1035,57615.0,17.644159684573683,27.124645892351275,3.6620152988118067
20009,2023,25275,6143,56733.0,14.738035468458985,21.672295330150227,28.23211658775078
20011,2023,14384,3601,67555.0,11.776889015854877,24.31114879186096,22.63553546165697
20013,2023,9415,2380,58886.0,14.209378407851691,18.301158301158303,16.492342403099826
20015,2023,67916,16959,80375.0,9.034421997928806,32.57053988002666,47.50314048384435
20017,2023,2579,541,54518.0,10.496338486574452,29.273504273504276,3.3361231377408793
20019,2023,3370,755,54592.0,16.867469879518072,18.34786218347862,5.274847741598201
20021,2023,19236,4364,58274.0,13.05700574803565,20.119760479041915,32.73839408952511
20023,2023,2628,609,55765.0,17.413127413127413,21.612903225806452,2.5767484728745256
20025,2023,1987,486,65515.0,9.447983014861997,30.95752339812815,2.038705652765437
20027,2023,8071,1868,63136.0,12.925342813610971,23.354974556939815,12.507399682007383
20029,2023,8973,2136,57333.0,10.156525832646816,22.401614530776992,12.543650449714962
20031,2023,8304,1789,67377.0,9.556397409263106,21.218771100607697,13.246448710688563
20033,2023,1685,308,49417.0,11.179740580605312,19.191118160190328,2.1375165229392947
20035,2023,34487,8165,58263.0,13.856920684292378,24.256685432793805,30.635014541571838
20037,2023,38963,8639,50311.0,20.79834194659776,31.97421227905388,66.06462508329504
20039,2023,2746,547,52030.0,12.960180315552217,27.808471454880294,3.073248746246574
20041,2023,18423,4216,67982.0,8.823366402482957,21.930833525036423,21.749139384323335
20043,2023,7492,1525,72833.0,9.800148038490008,21.496078825658557,19.04059978397611
20045,2023,119547,21300,68756.0,15.204204690678042,52.03068273319301,262.29907452508525
20047,2023,2817,653,53792.0,16.424945612762873,20.693119035660473,4.529710851045355
20049,2023,2464,572,56087.0,16.721044045676997,20.580033463469046,3.824519141221611
20051,2023,28870,5869,59889.0,17.734187349879903,39.54658492857556,32.08091457831432
20053,2023,6366,1122,66792.0,8.451492537313433,22.05762987012987,8.896342102504978
20055,2023,38001,11427,72437.0,11.691208082545142,19.735205260351872,29.18670319516865
20057,2023,34133,10517,70495.0,14.374416011092023,20.71382412884625,31.07885030197465
20059,2023,25994,6052,72142.0,9.645210939658234,25.29615144816641,45.46217723148388
20061,2023,35895,11353,57344.0,19.267108928520145,24.378414254352375,93.31811611534582
20063,2023,2796,719,63203.0,4.083120670798396,20.952380952380953,2.6090218407600876
20065,2023,2406,503,52909.0,11.261071277941797,27.38707833047456,2.6777158616268624
20067,2023,7284,2231,72484.0,5.421184320266889,25.57550644567219,12.672057452227527
20069,2023,5696,1663,77885.0,6.945955749002539,24.93723849372385,6.555663870304661
20071,2023,1296,398,78819.0,10.0,33.49397590361446,1.6649451955539798
20073,2023,5956,1278,58276.0,14.86716621253406,18.986175115207374,5.209463099927928
20075,2023,2485,779,61929.0,3.7171717171717176,20.816864295125164,2.493693013846268
20077,2023,5446,1403,55417.0,15.277516462841016,21.669385535617185,6.796676293003392
20079,2023,33823,8074,73269.0,7.959710109323178,31.48954895489549,62.66349980361497
20081,2023,3695,1004,69138.0,10.75597554196776,22.21746575342466,6.39803574242322
20083,2023,1676,412,63125.0,6.043956043956044,28.3982683982684,1.9488553381891927
20085,2023,13277,3275,72703.0,9.089520317751298,21.02512786301979,20.232574795914168
20087,2023,18391,4091,77393.0,6.316079295154185,24.563820018365472,34.52891897879563
20089,2023,2909,622,52344.0,12.816950329975684,18.820861678004537,3.1968051729121036
20091,2023,614764,146396,107261.0,5.334296953918678,56.87513858522664,1298.027507632798
20093,2023,3910,1165,74135.0,6.0637741766858335,14.643150123051681,4.4914495895090765
20095,2023,7284,1599,59819.0,9.375874615169327,23.82720875684128,8.436228528674954
20097,2023,2422,555,73214.0,5.658669081032141,27.590361445783135,3.3515996900254623
20099,2023,19949,4874,55439.0,16.074467536485997,21.070381231671554,30.9098487278294
20101,2023,1497,352,53042.0,8.120805369127517,24.625468164794007,2.0866758013908386
20103,2023,82493,19569,86906.0,8.640520166826413,36.61451736625221,178.0141430750938
20105,2023,2924,621,53546.0,11.869126348764357,21.53406383992377,4.064520792442549
20107,2023,9723,2143,59200.0,10.681130697819965,22.485892056142383,16.366455079357866
20109,2023,2720,640,71389.0,13.19212188777406,26.65623369848722,2.5349652793634254
20111,2023,32145,7171,59078.0,15.157461318235917,27.7143738433066,37.93018815827668
20113,2023,30130,6567,77701.0,9.08706529015891,33.085409075026206,33.54169333786048
20115,2023,11795,2504,63438.0,10.030892240596039,28.767294029664715,12.490747104465854
20117,2023,10001,2444,70828.0,9.358343583435834,18.879098656651742,11.11002490618522
20119,2023,3949,1051,74868.0,6.619937694704049,22.75049115913556,4.037489660897899
20121,2023,34625,8282,88000.0,6.666470622831265,32.146938084557114,60.125477747929686
20123,2023,5767,1335,58233.0,12.473347547974413,25.431910569105693,8.217534540148648
20125,2023,31143,7503,53242.0,16.282076785359063,21.307563827248867,48.38920188814687
20127,2023,5388,1108,56716.0,12.77117524995284,27.315973960941413,7.748693810105229
20129,2023,2647,650,65625.0,14.7788983708301,16.58589122240172,3.6273640560699767
20131,2023,10213,2827,77375.0,7.720291026677445,30.129752564876284,14.23559470162121
20133,2023,15715,3788,55704.0,15.404871626069783,21.80616740088106,27.498726991798502
20135,2023,2659,536,66107.0,11.406551059730251,23.00981461286805,2.4740890579015
20137,2023,5392,1100,50305.0,8.528542187855356,19.42828231722742,6.140922322799313
20139,2023,15780,3681,70216.0,10.998841549749002,20.997637652189717,22.366925299005253
20141,2023,3473,750,59408.0,12.455410225921522,23.043130990415335,3.8912467675649514
20143,2023,5782,1334,76755.0,12.115316590024761,24.272323630981745,8.022421711320467
20145,2023,6220,895,63625.0,11.223924681558058,18.77567789646672,8.246460452123463
20147,2023,4874,1121,61235.0,13.842931937172775,22.326399062408438,5.5019297392058215
20149,2023,25808,7499,87694.0,7.1111460338663415,36.541965261751486,30.696949692828298
20151,2023,9120,2281,64348.0,9.548978153629315,26.559287183002056,12.407504907902846
20153,2023,2533,571,65000.0,10.092110532639168,17.29405346426623,2.3685824786612506
20155,2023,61693,13731,60498.0,12.436974789915967,20.54897891807763,49.145707666963006
20157,2023,4662,1087,53611.0,14.592933947772657,25.372680255552176,6.498675034187046
20159,2023,9389,2201,63947.0,7.362524294043673,24.269293924466336,12.928339901464266
20161,2023,71710,11642,59560.0,22.03558602677114,47.976430883288614,117.6229373749303
20163,2023,4869,1025,61596.0,5.317545748116254,24.020156774916014,5.467548990653849
20165,2023,2957,599,60288.0,11.419645956265185,21.516007532956685,4.1197442609886545
20167,2023,6717,1490,53902.0,15.349334964072773,18.075801749271136,7.579040010832036
20169,2023,53801,12314,63316.0,12.343248203089157,29.08643998361327,74.69808926394593
20171,2023,5071,1332,67788.0,8.838435029393878,33.39155749636099,7.066758641833371
20173,2023,524810,132179,67675.0,14.042854956182078,31.585493737256044,526.3886395299503
20175,2023,21640,6687,62269.0,12.977493774373913,12.662132236633978,33.83084266000472
20177,2023,178315,41541,66043.0,12.368945000057543,32.33406296802225,327.7692610279656
20179,2023,2442,622,70000.0,10.439105219552609,24.25531914893617,2.725577231943051
20181,2023,5919,1421,64444.0,10.028808066258552,25.138048908756243,5.604773953093751
20183,2023,3579,723,57024.0,7.836990595611286,24.55876830642133,3.9968105920506014
20185,2023,4004,979,63786.0,10.81219574686139,26.334907373774065,5.055261941856912
20187,2023,2018,534,70361.0,12.877263581488934,23.696319018404907,2.9661116598466677
20189,2023,5212,1507,61909.0,15.282131661442005,16.2319729978521,7.166625415944779
20191,2023,22386,5416,60348.0,10.7548032936871,26.71634900745235,18.944407397001527
20193,2023,7913,1915,73575.0,6.891025641025641,30.24716369529984,7.363080937129544
20195,2023,2778,543,73375.0,5.510355029585798,28.745890089243776,3.123194157445861
20197,2023,6961,1596,70536.0,7.054673721340388,26.64576802507837,8.763294122386496
20199,2023,1459,337,60263.0,12.822299651567945,22.673267326732674,1.5968880930595017
20201,2023,5519,1324,62452.0,8.118081180811808,23.304529981670594,6.168141365440303
20203,2023,2115,549,71282.0,16.316793893129773,18.839590443686006,2.9433621963744456
20205,2023,8559,2040,57056.0,15.790722505635307,21.255469538875797,15.004654440651937
20207,2023,3118,592,48152.0,12.309191295875284,22.6039016115352,6.263320604476728
20209,2023,167277,46188,60582.0,17.500166276672292,20.47053276756247,1103.13377913188
21001,2023,19016,3781,50316.0,18.043759491534956,18.756832734655628,46.91925821383102
21003,2023,21029,4845,59029.0,15.04121872438895,17.380025940337223,61.1799001524479
21005,2023,24098,5611,71747.0,12.46758678377248,25.716340966310998,119.14367645604668
21007,2023,7678,1539,64740.0,13.77340948333112,18.650217706821483,31.073069062506324
21009,2023,44670,10610,49171.0,21.046976797348268,17.810393986521515,91.65615093410483
21011,2023,12812,3268,54128.0,23.45795866855971,14.399718342917497,46.087657198768305
21013,2023,23878,5207,32403.0,27.104864864864865,13.943108783622945,66.51272009114231
21015,2023,137676,35537,94752.0,6.597734022659774,35.37601391135911,559.0494907986422
21017,2023,20174,4605,56322.0,13.66783743100853,25.45912855599568,69.62553925798102
21019,2023,48043,10225,60659.0,17.719538431449248,19.37514572161343,300.5204358650369
21021,2023,30708,6355,61635.0,14.204974981100833,27.371012114484287,170.28214000532338
21023,2023,8427,1989,59521.0,20.108043217286912,16.99828473413379,41.580934053734
21025,2023,13438,2806,41101.0,28.163265306122447,16.522633744855966,27.289601195722366
21027,2023,20722,4658,53673.0,21.319222249569282,14.91461366181411,36.3719338277239
21029,2023,83209,17834,77640.0,9.528414791890814,18.906429197868178,280.08576698846116
21031,2023,12373,2875,52003.0,18.57868866116804,9.51832219405393,29.036966806848902
21033,2023,12631,2903,57618.0,13.866858928142273,18.069278818852926,36.62911247408181
21035,2023,37882,6905,51854.0,17.238215391673357,32.32249786142002,98.43315577497725
21037,2023,93193,19356,77271.0,10.752022635837129,39.45498173592749,615.8670367433255
21039,2023,4763,1122,62019.0,16.670215030870768,14.61794019933555,25.139473142513314
21041,2023,10878,2887,57753.0,18.896968552271225,8.863763260748184,84.52214452214453
21043,2023,26515,5935,50389.0,19.565974236973425,15.430916552667579,64.750169109908
21045,2023,15951,3743,41689.0,24.440719489394624,11.804674759920275,35.90481206866281
21047,2023,72599,20345,54190.0,17.21830671781604,19.974493478993214,101.16071677395982
21049,2023,37004,8347,67824.0,12.943413908106171,22.238042097972063,146.5609429583099
21051,2023,20105,4180,39607.0,31.76495980143528,16.576068258446295,42.84076574272954
21053,2023,9240,1980,42168.0,18.415841584158414,16.509577379142595,46.88855848129786
21055,2023,8972,2014,47003.0,18.10048176187199,12.561148808584505,24.952303610463726
21057,2023,5948,1307,39662.0,33.89628113271921,17.451523545706372,19.492244721396574
21059,2023,103195,25360,65323.0,15.246154611976703,25.24151454854803,225.1214558559502
21061,2023,12243,2313,54512.0,16.82552838789888,10.308486112635855,40.431827638818255
21063,2023,7336,1220,40074.0,27.161100196463657,6.224362404137685,31.30747991003794
21065,2023,14079,3002,43905.0,21.96415770609319,9.857213195470212,55.63041081709018
21067,2023,321122,67742,67631.0,15.683673007099818,47.31032442183429,1131.2888622712298
21069,2023,15221,3668,49663.0,22.93094359515024,16.369076343982243,43.65420796622613
21071,2023,35342,7806,41582.0,26.6,15.086568835219321,89.86015764047801
21073,2023,51563,10839,66470.0,13.414022199474118,31.831848398753205,248.00754176105895
21075,2023,6440,1401,36834.0,25.68947906026558,17.267300464293612,31.27245886991823
21077,2023,8749,1959,62247.0,14.428091319967551,13.193403298350825,89.02025823913065
21079,2023,17346,3802,62572.0,17.07673426450821,19.07233214401557,75.44199195389801
21081,2023,25238,6744,67940.0,12.27525598645489,15.113133300541074,97.83080596644649
21083,2023,36612,8884,50576.0,20.52148854221508,17.430787157953954,66.35529771258
21085,2023,26586,6292,49893.0,19.29750479846449,14.63001420920319,53.22138944940905
21087,2023,11278,2362,41087.0,21.483283770388393,16.607687614399026,39.43866863894979
21089,2023,35639,7646,59613.0,15.102308724066093,18.322944842996588,103.46519419138694
21091,2023,9032,2194,66836.0,15.881424706943193,16.796875,48.12574930065272
21093,2023,111452,27643,67608.0,11.665388276391058,24.424700252701758,178.63788850438934
21095,2023,26185,6181,37198.0,27.234142890827634,12.70135968983782,56.2114934632806
21097,2023,18971,4398,63205.0,16.37215817261071,20.130659374050442,61.90407820973836
21099,2023,19470,4755,49653.0,21.22091489473962,10.713473349002957,47.180555892117184
21101,2023,44493,10127,58239.0,15.446016927770259,19.031843036346093,101.9637410309354
21103,2023,15774,3712,60736.0,16.608157273249503,14.812765172477402,55.10548434765294
21105,2023,4470,889,63750.0,20.82070412683609,14.355528405620035,18.44584473303044
21107,2023,45143,10427,57610.0,19.16106235039325,16.627388535031848,83.26094133573841
21109,2023,13003,3038,41410.0,23.020401782224653,10.335689045936396,37.665072546469425
21111,2023,777392,173094,67849.0,14.526133381570702,36.57785935443202,2041.309770763858
21113,2023,53792,12825,74886.0,10.497682081146316,32.41037840230139,312.5406711908525
21115,2023,22464,5001,43014.0,23.366065311715005,16.59499114596509,85.75158608369024
21117,2023,169817,39989,79421.0,11.934501504823764,37.60024092238857,1058.9009234836722
21119,2023,14046,2840,37736.0,25.921004060538944,17.84913353720693,39.95744245058659
21121,2023,30034,7084,33153.0,36.733230926779314,13.545387815023243,77.74182693552144
21123,2023,15028,3404,67770.0,18.889265154080594,15.623511479470325,57.569721115537845
21125,2023,62731,14339,56999.0,21.312359110065668,16.52183908045977,144.64045671807668
21127,2023,16171,3840,45584.0,21.980691373403925,14.19182948490231,38.910290497765864
21129,2023,7375,1381,34182.0,28.870421668205605,7.534866871943488,35.31732919581843
21131,2023,10261,2194,40176.0,27.296614451743306,10.427514387503425,25.59631608619081
21133,2023,21146,4578,40501.0,26.761039713982026,13.67290458618872,62.57434883734693
21135,2023,13028,3030,41632.0,22.621449635263076,11.289612676056338,26.981017193460602
21137,2023,24415,5765,50862.0,18.539769656147353,15.242781763206262,73.33968152885375
21139,2023,8941,1917,59713.0,18.893645786390266,13.90482095799101,28.569146216768917
21141,2023,27731,6665,61535.0,14.03502358059445,16.56786107759299,50.217668448578095
21143,2023,8831,1221,64464.0,10.63713426305715,16.30481055768412,41.307856023575084
21145,2023,67584,14847,62385.0,15.3332529466735,27.939075630252102,271.65515744455075
21147,2023,16905,3692,37355.0,35.14364423455332,9.134453781512605,39.617534362147154
21149,2023,9127,2111,70549.0,9.285872208711032,18.422295701464336,36.142956142956145
21151,2023,94064,19906,62407.0,15.810787816913392,34.17974709292471,214.79280887997828
21153,2023,11495,2597,33632.0,33.380493412326466,13.189389265885257,37.2678258219509
21155,2023,19680,4729,55404.0,19.502979991485738,12.727000971526792,57.28407136058402
21157,2023,31728,6472,63611.0,13.404427209565359,21.046012402966305,105.01613570541994
21159,2023,11181,2170,46185.0,29.224956601654245,10.733016221490425,48.69306947940528
21161,2023,16995,3875,51473.0,18.379186602870814,21.066308994886413,70.7750482036589
21163,2023,30032,6663,70163.0,13.738791684857441,18.415652588880935,98.31632636358576
21165,2023,6203,1304,44672.0,28.162135764284553,10.865191146881289,30.475881653548722
21167,2023,22824,5067,63115.0,11.350319602272728,22.45154005394894,91.52187598994318
21169,2023,10372,2458,48572.0,25.660009741841204,13.093585115245766,35.80861105261159
21171,2023,11318,2664,49430.0,22.22818791946309,14.871794871794872,34.35162000151757
21173,2023,28271,6608,57468.0,15.2429354094579,20.823456662887764,143.2342331387808
21175,2023,13938,2766,47493.0,18.205631958087753,17.582952223411503,36.572694067761034
21177,2023,30712,6486,52672.0,17.78093883357041,12.971493728620295,65.7250470809793
21179,2023,47102,11030,67888.0,9.707818752958389,22.8320933535023,112.49985072309731
21181,2023,7655,1854,53616.0,18.524416135881104,9.461285962541032,39.194904406418644
21183,2023,23704,5695,54369.0,13.069606571552098,14.178269517652907,40.375067067510365
21185,2023,68600,17238,121491.0,3.960778855225104,45.62667889667824,366.2690742896195
21187,2023,11270,2490,59706.0,17.153873744619798,17.275958365067275,32.155441745010485
21189,2023,4021,757,31064.0,24.857586742620406,11.406460296096904,20.3696011185297
21191,2023,14683,3397,66601.0,14.331409498644042,16.555052196178845,52.978913793352284
21193,2023,27847,6505,45261.0,25.53144211539886,14.238139153601804,81.96948110819372
21195,2023,57466,11793,42179.0,25.04535591049767,16.010319816969286,73.09131517561198
21197,2023,13057,3210,39811.0,21.74942764664088,17.317045583078837,72.9596227132017
21199,2023,65503,14466,50943.0,20.2705651320096,17.913118465021018,99.53350554626957
21201,2023,2239,626,52337.0,27.416267942583733,13.540290620871861,22.481951180327542
21203,2023,16144,3462,48367.0,24.37376505832112,13.694101270227947,50.99710329882774
21205,2023,24525,4802,53657.0,24.518453508245184,27.02198257984239,87.62652698825573
21207,2023,18117,4178,50520.0,23.440860215053764,15.804206990322323,71.53179190751446
21209,2023,58269,14408,83660.0,10.441562098519913,33.24571220362804,206.48560919084034
21211,2023,48599,10882,82671.0,8.614041777890767,31.04469654334883,127.96282155928276
21213,2023,19786,4652,57392.0,15.118028534370948,16.75263511998206,84.49236681968613
21215,2023,19875,4499,98333.0,7.381764496258208,22.104357798165136,106.47131301226764
21217,2023,26205,5989,61871.0,16.63398038823294,21.975279986073232,98.36194794567854
21219,2023,12330,3326,57759.0,21.657842488418268,15.937694704049843,32.92275568538342
21221,2023,14211,3094,54630.0,20.428662375327157,20.303418382425377,32.19288091284521
21223,2023,8531,1882,67813.0,13.164466642882624,14.693674248713265,57.73121925140928
21225,2023,13379,2595,60989.0,17.388321390455864,11.79345516362091,39.01970963433058
21227,2023,137549,32275,64801.0,16.793069382171897,33.359392582590054,253.90974001521067
21229,2023,12091,2804,59762.0,12.57495143991217,18.888231815493793,40.67154640007535
21231,2023,19592,4045,41933.0,24.316897392025716,13.721310310523698,42.77327674475977
21233,2023,12873,3068,58786.0,13.903487816531296,12.597432370472262,38.77106009770319
21235,2023,36755,9578,41719.0,25.053551538000175,19.81140237044727,83.93047163650147
21237,2023,6484,1472,29052.0,38.092219933449535,7.393428063943161,29.186303503346704
21239,2023,27017,5919,80006.0,10.045385779122542,41.711971005223326,142.51502059892493
22001,2023,57218,14863,45266.0,24.378568135881707,13.426354947178904,87.32319563399282
22003,2023,22552,4768,51138.0,20.41584893650878,11.623846345722125,29.592538355351905
22005,2023,128593,34229,92266.0,10.335824113786588,28.473354194676787,443.4700141393937
22007,2023,20720,4308,52546.0,13.901170982945436,13.652108945187802,60.2288813764276
22009,2023,39176,9377,39439.0,27.35911785892392,10.923105846963715,47.10493882826825
22011,2023,36646,9275,64995.0,14.143001459198562,17.83293867886013,31.66024033306925
22013,2023,12769,2899,34992.0,32.12651521233042,13.506898086337337,15.738083969315111
22015,2023,129134,32122,66336.0,16.42004697768955,27.319056278159348,153.8085890973539
22017,2023,232973,55116,50067.0,22.296245290714758,25.288799598191865,264.902190869935
22019,2023,208668,52375,67849.0,17.818137612448336,24.705298156224362,196.10161256520888
22021,2023,9563,2115,44957.0,25.386027426843754,10.724093077034254,18.051229778960682
22023,2023,5222,1255,72500.0,6.3151796060254926,15.048409405255878,4.064955213098777
22025,2023,8738,1959,47753.0,28.065756330372533,16.59657068909738,12.342644699075644
22027,2023,14019,2744,31784.0,35.01368045767349,10.993615323224262,18.573279596817144
22029,2023,18325,4327,37349.0,34.77699530516432,17.37395129103201,26.285968385116334
22031,2023,26897,6444,46077.0,21.79535232383808,14.893617021276595,30.68860823618944
22033,2023,452821,102834,63075.0,18.555831220241895,38.23044339350028,994.114186106757
22035,2023,7195,1416,28321.0,35.69326958440603,10.950586264656618,17.094849686495426
22037,2023,19378,3348,72899.0,13.538090936464918,17.03430519796813,42.74939167381804
22039,2023,32162,8123,42273.0,22.95371338912134,12.570668440305951,48.551471775928356
22041,2023,19590,4868,44103.0,25.638956147430726,16.19756116266585,31.379245168172893
22043,2023,22123,4656,61112.0,16.12697399904291,12.770287458661919,34.365825242718444
22045,2023,69194,17726,57811.0,22.638612703240145,14.654319086689691,120.39161987747525
22047,2023,29950,6271,57459.0,15.546606568884618,16.643072857682146,48.40646561686322
22049,2023,14939,3198,43345.0,24.33757192583647,13.355356300141578,26.237402920379783
22051,2023,432484,96990,65246.0,16.280783410245707,29.945951643023943,1437.4734099127845
22053,2023,32083,8068,56500.0,17.788109416297807,14.995331465919701,49.243307956778
22055,2023,245075,59295,67660.0,17.42384284735345,34.85704636871845,911.6457796277904
22057,2023,96670,22223,63439.0,17.99025488052144,20.443850754424847,90.53252830838937
22059,2023,14804,3200,67077.0,15.461818181818183,17.351509250243428,23.69193443588422
22061,2023,48160,9540,38035.0,30.659353216775227,35.95092953693537,102.11264619325073
22063,2023,145583,37603,78617.0,13.129520098185374,20.280003321017894,224.6197142244392
22065,2023,9757,2534,37267.0,36.68054729327781,12.795461708162623,15.639100154675942
22067,2023,24967,5818,36981.0,30.679546968687543,12.692307692307692,31.407006729983017
22069,2023,37047,8562,46798.0,24.11549644471313,25.613559322033897,29.566451291611866
22071,2023,376035,74421,55339.0,22.631894319624863,41.95147978448726,2218.495575221239
22073,2023,158916,39299,51241.0,24.038511613373608,27.544249908911343,260.36864094372083
22075,2023,23070,5764,82874.0,13.363383269256266,19.84708093047366,29.55437839084288
22077,2023,20438,4399,59351.0,17.785467128027683,15.505540166204987,36.70123456790123
22079,2023,128470,32231,55946.0,18.944941687008406,22.419164751047273,97.02366117618628
22081,2023,7529,1785,44539.0,29.38487115544472,11.172741679873218,19.355750938351584
22083,2023,19908,4728,52960.0,23.5325141079057,18.10632460888263,35.83069510612602
22085,2023,22085,5144,52047.0,22.696929238985312,14.471684398334764,25.483917496033463
22087,2023,44172,11596,57638.0,22.613856865654604,17.190718110668683,117.00665135609788
22089,2023,51863,12624,82172.0,9.834947483290138,27.214468812304187,186.73085093360024
22091,2023,10849,2207,50193.0,30.004662004662002,11.749799946652441,26.556384278150528
22093,2023,19797,4431,64536.0,10.486872291613562,20.19466474405191,83.22928096661497
22095,2023,41342,10033,67418.0,12.580676706434579,18.71663579910666,192.7599615804247
22097,2023,82128,21908,45637.0,23.98693946466703,14.329862151633204,88.88032734903342
22099,2023,51559,12427,53394.0,16.562591758833317,15.343253008620444,69.91335240755556
22101,2023,48455,11799,51768.0,22.07463498305652,13.121567913594854,86.75498230166133
22103,2023,269331,64057,79277.0,12.184055813673748,36.565436985605054,318.6289529754011
22105,2023,135218,33216,57256.0,19.429587297711787,22.228370732588736,170.90847502186628
22107,2023,3992,862,36074.0,32.8448050248626,13.14147018030513,6.616918226692436
22109,2023,107362,27168,64819.0,16.454259033237772,17.738191783886574,87.29412759535828
22111,2023,20914,4513,45743.0,28.599576375548004,15.963611859838275,23.849572306488785
22113,2023,57031,14445,57537.0,19.197545098178335,16.844490107747834,48.65897931411068
22115,2023,47764,12104,58281.0,18.27090213801495,19.08836651794633,36.00140496229063
22117,2023,45238,10713,42776.0,24.194143417108602,12.71044314003741,67.5560042231836
22119,2023,36189,8270,37396.0,26.850932205794713,12.798689363062415,60.99417008388405
22121,2023,27666,6538,87320.0,15.974725887381528,23.057927770346744,143.83454815800692
22123,2023,9622,2216,48514.0,15.737179487179487,14.124125613930644,26.751110690991588
22125,2023,15381,2511,74277.0,11.59622773314705,22.563223317616803,38.13634966130776
22127,2023,13506,2805,46368.0,22.02181208053691,16.102659629514644,14.216782245127389
23001,2023,112323,23676,67298.0,12.983295319180371,23.440359341207788,240.0300029490078
23003,2023,67227,12587,54254.0,14.430763576219793,22.373819862167867,10.077294181980399
23005,2023,305940,55777,92983.0,7.062859993191936,52.163541773289836,365.872472024999
23007,2023,30145,5177,58522.0,11.77182786771828,29.902073467886538,17.76362737454825
23009,2023,56084,9241,69630.0,10.224384177898067,39.175980919421974,35.33678443074535
23011,2023,125614,23841,65062.0,12.31854241416768,30.8932073060568,144.80467381079737
23013,2023,40860,6971,71903.0,8.758377244589962,39.10289061505157,111.90044530133152
23015,2023,35840,6018,72026.0,8.496043718335516,40.037593984962406,78.6194218927889
23017,2023,58728,10487,57933.0,14.182763100909485,22.49882468826255,28.275982603395256
23019,2023,153571,27387,63248.0,13.547312517918822,30.476242027298888,45.205408482677704
23021,2023,17125,2701,55234.0,16.510195539077916,21.806969314213536,4.32357018587186
23023,2023,37093,6658,82080.0,11.142319544053885,41.11319486217756,146.04750786482347
23025,2023,50852,9467,56199.0,15.560861103866138,20.310488849194883,12.958333651863914
23027,2023,40006,7207,68441.0,12.750957854406131,34.81874624474264,54.80416613583093
23029,2023,31261,5847,52237.0,17.809168619426384,24.910541064884672,12.198343560077651
23031,2023,214731,38840,82904.0,7.766164144601552,34.5706198874063,216.63828344747154
24001,2023,67762,12056,57393.0,17.23399385259303,21.123675206542604,160.4977747460321
24003,2023,590936,133885,120324.0,5.487057801764916,45.24029440074669,1424.608130065621
24005,2023,849586,186425,90904.0,10.011242494460088,41.42213878572692,1419.8623566493638
24009,2023,93791,21786,132059.0,4.02709016481279,35.26277586446541,439.94089779070316
24011,2023,33406,7926,66368.0,12.356715011097934,17.57313014538448,104.5761045823655
24013,2023,174318,38366,115876.0,5.316684359622524,39.7411088512117,389.43735129519786
24015,2023,104366,23376,91146.0,10.88915458866758,26.90086555739976,301.37453075368177
24017,2023,168710,40477,120592.0,6.617677808644741,31.63794311335295,368.5080785201138
24019,2023,32612,6898,60495.0,16.25447192409395,18.804074500277032,60.3071574528677
24021,2023,280341,65575,120458.0,6.2932728208623026,44.88263401133189,424.3598069089539
24023,2023,28713,5143,69031.0,10.968732153055397,24.639501348962696,44.236662214190304
24025,2023,262509,58790,111317.0,7.001322016362348,39.48278397055059,600.5353159851301
24027,2023,333916,80273,146982.0,5.112789681927959,64.47539159236565,1330.6076907750548
24029,2023,19265,3013,74402.0,9.54361510791367,37.92163054399311,69.55174953427586
24031,2023,1057586,242703,128733.0,7.076990576475525,60.28579690850462,2144.582808637657
24033,2023,955584,212476,100708.0,10.229375541776093,36.078753951026314,1979.898185615455
24035,2023,50951,10848,113347.0,6.966198689134869,37.22942541285656,137.08703174060793
24037,2023,114372,27499,114580.0,7.449600914236737,35.100217496060324,318.9723452438058
24039,2023,24685,4311,52462.0,20.11777247576019,17.128241312400778,77.20117967530781
24041,2023,37707,7071,84378.0,10.20112241883945,41.3258505787443,140.40647015892404
24043,2023,155033,33904,74157.0,12.455327777137317,23.5213394978725,338.6597172465617
24045,2023,104117,23435,72861.0,13.957732853281737,29.136614340263044,278.06799668829956
24047,2023,53279,9206,81455.0,8.108570776429413,32.67351169908184,113.7463119286425
24510,2023,577193,120494,59623.0,20.082428480906998,35.42740539203562,7130.59323499617
25001,2023,230073,33175,94452.0,7.4330829116901045,47.405665560512496,583.6453576864536
25003,2023,128047,21024,72565.0,10.994128200946012,38.260079571442,138.14930616243416
25005,2023,578436,119887,84198.0,11.645687827085077,30.631984613993545,1045.786469623638
25007,2023,20751,3590,102348.0,5.379283413062579,49.027847466131455,201.0716846572741
25009,2023,807258,169420,99431.0,9.378114826479294,42.31410411333955,1639.0592735623222
25011,2023,70922,11979,72584.0,12.157411905918664,40.30131826741996,101.43190581343464
25013,2023,462853,97550,70535.0,15.714625055222186,28.925090190635178,750.1608576915909
25015,2023,156595,23349,86391.0,10.89992758014218,51.12008960716857,297.0112056081148
25017,2023,1622896,318468,126779.0,7.516098290864721,58.98671735342701,1984.3054974775819
25019,2023,14299,2939,119750.0,3.0255902728686555,58.38277511961722,309.5557672324212
25021,2023,724540,149743,126497.0,6.628655601975899,57.64559746342756,1829.1706955009176
25023,2023,531889,111421,109698.0,7.088959377485601,41.209934896283315,807.7269434670562
25025,2023,782172,126494,92859.0,16.456921195630166,49.89227678060946,13427.15396631933
25027,2023,861664,179369,93561.0,10.332579761638618,39.02564536718409,570.3826827309875
26001,2023,10310,1318,53568.0,14.34595018631104,20.64758329422806,15.281884815201845
26003,2023,8813,1322,59406.0,10.22537025112685,20.25446036852881,9.631336103357908
26005,2023,120913,28528,80255.0,9.333956375894928,26.066276709465868,146.51628046187048
26007,2023,28908,5444,51909.0,16.978138222849086,17.737527215453746,50.54738686376441
26009,2023,23876,4120,71421.0,9.449649700346079,34.33850540051538,50.193512852154505
26011,2023,15054,2789,56989.0,13.40857181244122,15.802469135802468,41.450748668696896
26013,2023,8249,1408,55117.0,13.512012220524927,16.116567380454033,9.181602957168472
26015,2023,62982,13824,77873.0,8.144151644199674,24.256313471735417,113.87008591512627
26017,2023,103235,20439,60523.0,14.030390384521423,21.40309788683664,233.34742285984237
26019,2023,18177,3112,72603.0,10.175164565435681,34.34227513986516,56.8571392823182
26021,2023,153411,33119,63152.0,15.15089140466784,30.249212525477116,270.19396563111485
26023,2023,44914,10559,61958.0,15.410631399715438,16.896051571313457,88.69080647932213
26025,2023,133846,30819,60385.0,14.19690628401478,22.204047805984473,189.5132401290173
26027,2023,51606,10550,68011.0,13.19110694330481,21.562010690567465,105.29515943424714
26029,2023,26143,4687,76495.0,8.667879679454918,33.8676948051948,62.79393750150122
26031,2023,25778,4065,61619.0,12.76136675689459,22.947125976366912,36.03908404972046
26033,2023,36448,6585,60631.0,15.61433184683992,21.853242587811938,23.38646962351172
26035,2023,31109,6166,49805.0,21.120479182265047,12.988540804322252,55.121933068375725
26037,2023,79419,17247,85928.0,9.35624832787637,34.235285668115054,139.98262092644913
26039,2023,13271,2348,58614.0,14.770031376750591,20.20033388981636,23.85090265359489
26041,2023,36829,7150,54829.0,13.981729362735628,20.01762049851327,31.448372205817808
26043,2023,25940,5130,61882.0,9.789745193059247,24.320360379236288,34.08905733374685
26045,2023,109000,22524,78025.0,7.7466956448739355,30.406083532772332,189.49633959134854
26047,2023,34159,6236,73724.0,9.342601669488756,40.24294052689699,73.06003460614654
26049,2023,404087,90427,60673.0,15.940780295497408,22.838229209764172,634.4162664477042
26051,2023,25543,4829,55576.0,13.189116507158111,15.446176378282248,50.90417030367527
26053,2023,14348,2349,49672.0,14.95194019223923,21.90790647867214,13.018357081158769
26055,2023,95757,18818,79486.0,8.559821419125505,40.263931722011044,206.22351056131765
26057,2023,41478,8093,61128.0,14.267148830376314,19.019415434218825,72.97569763943552
26059,2023,45658,9865,60869.0,15.495961521009166,20.63033611578379,76.33176851368883
26061,2023,37428,7449,56573.0,15.930368199084738,36.59758283167134,37.090439906411746
26063,2023,31258,5990,56963.0,12.155429015141712,17.620384366227597,37.38919184657728
26065,2023,282015,55656,64354.0,16.384037732568906,41.252944270392646,507.1418680889861
26067,2023,66706,14172,73436.0,11.400739318747918,18.02236963568837,116.75768395995237
26069,2023,25333,4305,47777.0,16.614157527417746,17.578722103332314,46.10384056111539
26071,2023,11650,2024,53614.0,16.937272646615206,20.580416482055828,9.990601116889176
26073,2023,64475,11408,53759.0,23.162745164230497,30.804002094760342,112.58075781386414
26075,2023,160187,33814,65004.0,12.16903500454217,22.989027418106094,228.22009497119947
26077,2023,261437,56263,70525.0,13.253268147518332,40.84325522291881,465.22764278278504
26079,2023,18116,3686,60365.0,14.088351623864966,18.240894665256157,32.364795335010285
26081,2023,658844,156293,80390.0,10.565515667125256,39.6317563661671,776.0866313045465
26083,2023,2106,312,53893.0,8.7018544935806,43.556555993247045,3.899191278845869
26085,2023,12393,1884,49680.0,20.606010431327096,12.492205362710456,21.834268861193035
26087,2023,88703,17871,76228.0,9.77809953919169,19.804328490957605,137.10252046808031
26089,2023,22607,3540,91943.0,7.115453247680229,49.89339019189765,65.1125147249848
26091,2023,98823,20452,67013.0,11.614173228346457,22.27321115171045,131.8276288021685
26093,2023,195143,40160,101315.0,4.916408157366354,39.20047476726394,345.21292874542485
26095,2023,6325,1047,54338.0,17.236817236817238,19.313745633860695,7.035008202875177
26097,2023,10865,1648,58598.0,16.889804325437694,23.464861078683168,10.63237428306091
26099,2023,877624,182773,76399.0,9.817367091111727,27.169256131808726,1830.8702654438946
26101,2023,25247,4261,60879.0,11.77282999916297,23.38918192160513,46.55326603051675
26103,2023,66430,11850,64675.0,13.606157670794092,35.83194563211666,36.720910576871525
26105,2023,29177,5809,62296.0,14.617732759816846,25.031511133933993,58.94712598162713
26107,2023,40321,7900,57774.0,19.166206950902357,22.72218073188947,72.6301663499383
26109,2023,23295,4118,55688.0,12.158852344296712,17.991894514527086,22.31234213982018
26111,2023,83641,17705,77538.0,10.912623717287024,36.349286314021825,161.51307595310692
26113,2023,15156,3418,61868.0,10.750116271344098,17.950385580228563,26.83484776588738
26115,2023,155001,32678,75272.0,11.05663633511139,23.409284381735525,282.15191325067855
26117,2023,67174,14167,64892.0,11.979578852629455,14.886568541116283,95.23782518512638
26119,2023,9372,1396,47803.0,17.935135135135134,16.024777807702666,17.143641103031968
26121,2023,175378,39812,63495.0,12.598931743736536,21.445691835036943,348.0316085681287
26123,2023,50414,11140,61931.0,14.278833610949448,18.40585398676685,60.09629425655661
26125,2023,1272294,260754,95296.0,7.693796589437044,50.208178781347534,1466.802245348994
26127,2023,26788,5817,63624.0,13.279441345022583,20.978100652769005,49.78210572286078
26129,2023,20853,3809,51983.0,17.46171534810901,15.876144455747712,37.00601416496451
26131,2023,5870,679,51844.0,12.562295927135247,16.683767699569056,4.47757323158741
26133,2023,23122,5180,57050.0,15.830183703964137,16.353510006732357,40.83095820839647
26135,2023,8338,1670,50581.0,15.766529426011141,14.846388933569246,14.739938551179655
26137,2023,25352,5301,67285.0,9.636676126144131,25.846624426480226,49.22661095210542
26139,2023,298614,69661,87144.0,8.156964656964657,37.521175071811115,529.9084327086882
26141,2023,13142,2050,56713.0,12.191192266380236,20.155859149509332,19.950904561442925
26143,2023,23639,3421,54106.0,15.3994513972227,20.320041972717735,45.46862166929218
26145,2023,189210,40701,58347.0,18.07524030855509,23.446640075046332,236.2744534881107
26147,2023,160089,32840,69349.0,10.987816591678884,20.325740259514518,221.88726631627966
26149,2023,60870,14840,64707.0,11.967491589781169,17.1255453223461,121.5843720038351
26151,2023,40574,8603,59074.0,13.980053490639138,15.983338497022274,42.15169582295747
26153,2023,8093,1436,57708.0,14.787407500313558,20.655843112039864,6.90602077352894
26155,2023,68061,14197,64464.0,11.688717574747368,19.489415975807944,128.1831074247552
26157,2023,53071,10756,62847.0,12.630292848688482,15.531716417910449,65.93981412454649
26159,2023,75681,17523,66902.0,13.796784308492896,22.882807444905417,124.51772231664398
26161,2023,368394,67708,87156.0,13.842958634123983,58.13050562655939,521.802315287612
26163,2023,1773767,421172,59521.0,20.119497511085736,26.88744020151736,2899.093709905448
26165,2023,33868,7804,63123.0,12.925619834710744,21.176619326562435,59.951320971810425
27001,2023,15930,2539,59498.0,12.347803914068974,18.95367412140575,8.746168404096041
27003,2023,367095,87480,98764.0,6.646246569918668,31.66066445658136,869.9490251745965
27005,2023,35260,8343,71117.0,11.002749240341485,27.537655533726262,26.812933780570432
27007,2023,46421,11600,67257.0,15.957111321349732,32.28932341235508,18.533978694768077
27009,2023,41458,10570,71480.0,9.76352429830808,24.497496553225456,101.53733869209876
27011,2023,5152,1137,65475.0,11.46062913243839,21.336553945249598,10.32198089071162
27013,2023,69386,13829,72623.0,16.279282159002694,34.48529231673565,92.782374745265
27015,2023,25826,5681,68690.0,7.709090909090908,24.193094124936632,42.26087326483491
27017,2023,36457,8016,80042.0,11.11432204369437,25.497869043006588,42.333233858691045
27019,2023,108622,27910,123144.0,4.220933371812655,50.47798498157333,306.9467247279437
27021,2023,30688,6241,64937.0,12.748043715125302,25.43848022973271,15.181076685016404
27023,2023,12388,2919,69192.0,14.447474997933712,19.639915274182158,21.313678226773547
27025,2023,57434,12967,98260.0,5.932248790156967,23.988797462079905,138.4285369968667
27027,2023,65628,16283,77664.0,14.37995144390493,39.04636288977926,62.79133849227308
27029,2023,8579,2143,64934.0,11.19980936494698,18.27054794520548,8.587561799113717
27031,2023,5633,846,71643.0,11.270638908829863,45.63713456817675,3.877938228361201
27033,2023,11458,2882,68239.0,14.206773618538323,22.876323263619934,17.903880319951
27035,2023,67113,13944,71343.0,9.670682244687935,28.57640097459102,67.22331345738357
27037,2023,442204,106916,105212.0,5.58066256707746,44.60812475716388,786.0607902843623
27039,2023,20962,5337,92943.0,5.44865596596403,29.745932058235798,47.7063969631039
27041,2023,39354,8476,77264.0,8.282208588957054,29.03626428216592,61.79205436520024
27043,2023,13909,3047,64391.0,11.81437697334606,21.56051276874937,19.521978893413
27045,2023,21346,5234,75225.0,8.915119236121107,23.72546346782988,24.782517330695562
27047,2023,30752,6755,69012.0,9.802557476976082,18.088067533652747,43.48139612157032
27049,2023,47844,10597,82749.0,9.264828203979782,27.89786782895512,63.22608439395121
27051,2023,6108,1422,72957.0,10.698291590645216,19.052023121387283,11.150054764512596
27053,2023,1268903,276367,96339.0,10.006751229630915,53.32582537681779,2290.4138222329725
27055,2023,18768,4059,77087.0,6.542963482388478,27.992565055762082,33.99304127959312
27057,2023,21700,4588,70622.0,9.676364825106244,30.4570453252418,23.433821591944813
27059,2023,41934,9749,86573.0,7.808995538405885,19.604211681585898,96.22723340393455
27061,2023,45141,9183,66380.0,12.719747106047166,25.146021850316252,16.922504220223107
27063,2023,9964,2200,69955.0,9.126094927683846,24.90523655763021,14.174106507798319
27065,2023,16261,3473,71915.0,9.757011680929477,15.777662696357671,31.17463238818274
27067,2023,43757,10744,75097.0,9.999295824237729,27.09762443821174,54.87700112244706
27069,2023,4163,895,69615.0,9.679024632993281,27.99325463743676,3.7879890809827117
27071,2023,11950,2119,69115.0,10.71121800377942,20.331308669243512,3.848995685903915
27073,2023,6694,1454,71639.0,7.957153787299158,22.098306484923587,8.750086598929965
27075,2023,10911,2081,75621.0,8.331778316850158,25.77545310789442,5.173277044134297
27077,2023,3800,714,70091.0,8.15347721822542,21.41350210970464,2.928363745932079
27079,2023,28936,6725,90218.0,7.094276446583655,25.392735021557066,64.48377988692607
27081,2023,5594,1286,67715.0,9.164818920916481,24.403855910705225,10.421285204904748
27083,2023,25498,6639,72761.0,12.456971611387843,28.649011471808638,35.69093980915748
27085,2023,36771,8183,78468.0,7.72180534098433,19.592391304347824,74.812313076031
27087,2023,5371,1669,53925.0,20.92758030792625,14.285714285714285,9.627742813251189
27089,2023,8961,2100,71701.0,7.440645234579121,18.873015873015873,5.04828005813888
27091,2023,19864,4481,62969.0,11.057839436907068,23.78920418177939,27.885912588389385
27093,2023,23422,5615,75037.0,8.306584540643707,20.364021691703545,38.525053950207905
27095,2023,26912,6296,71455.0,10.541267376235748,17.55492596354306,47.023794962834565
27097,2023,34131,7912,68640.0,9.967183770883056,18.989678610388523,30.33613191431116
27099,2023,40069,10245,71495.0,12.147538484987045,23.46781180547708,56.334206415820645
27101,2023,8119,1759,74475.0,8.088511063882986,23.914541695382493,11.52175424704151
27103,2023,34350,7434,80362.0,9.600426546230084,35.680604982206404,76.58572584762673
27105,2023,22067,6295,65509.0,12.609740319748635,17.706134924677972,30.85788759042227
27107,2023,6411,1491,69833.0,10.259282970550576,20.890181167524045,7.345417964708538
27109,2023,163425,39559,93494.0,7.920705724039971,48.52447779501425,250.07306708859403
27111,2023,60281,13145,70912.0,8.900028693435955,27.369371873262928,30.5741174203136
27113,2023,13877,3080,72561.0,9.92147941586556,19.33547251837284,22.508596639200675
27115,2023,29411,5685,69666.0,10.502741247715628,16.349722769555054,20.839105047199926
27117,2023,9352,2527,66073.0,11.382734912146677,21.572387344199427,20.109535902359514
27119,2023,30905,7619,69136.0,11.65534861830162,28.100086447027184,15.679865895416487
27121,2023,11363,2430,72205.0,9.803745855363385,23.849981793907027,16.845204386898605
27123,2023,544438,126445,81004.0,12.40255298460634,45.516931252980854,3575.970942337881
27125,2023,3922,953,77500.0,7.802507035047326,17.627737226277375,9.070158438693175
27127,2023,15383,3812,67024.0,12.023090704001062,20.792268682422733,17.509074374013316
27129,2023,14587,3423,69086.0,10.749139928385874,18.39159465828751,14.840701797223536
27131,2023,67389,14584,82792.0,9.297572579699462,29.698951665275068,135.90739041434318
27133,2023,9628,2365,70698.0,9.478622454419448,26.328649969456325,19.956099896571523
27135,2023,15301,3667,73611.0,10.990763505880789,20.489238646060492,9.152744537275256
27137,2023,200056,37522,69455.0,13.391113344488708,32.50076017549194,32.01861169030793
27139,2023,152957,40322,120247.0,4.123151861705647,43.07746057097225,429.52177697902334
27141,2023,99178,25790,102965.0,4.841383428918566,28.125239225292813,229.07653823678186
27143,2023,14933,3405,76082.0,9.887579574698632,18.5684250764526,25.35998682156983
27145,2023,159358,37569,76447.0,12.156018812263293,28.58807319000628,118.66918464549221
27147,2023,37413,9204,83448.0,7.442339485595034,29.68203435129505,87.09853147960182
27149,2023,9686,2170,71060.0,10.33739355395063,30.77319587628866,17.18414857209767
27151,2023,9787,2290,62601.0,10.833593506088041,22.957140738543675,13.189547011092587
27153,2023,25402,6209,63039.0,11.769642714411319,15.157536190746523,26.87763597002639
27155,2023,3279,715,65931.0,10.103871576959396,17.457553330430997,5.713817715448742
27157,2023,21519,4746,80133.0,8.438996900535361,26.565329883570506,41.15145279793162
27159,2023,14135,3677,56882.0,11.379285351888091,17.492341818950035,26.35420725761494
27161,2023,18958,4375,75052.0,7.2472594397076735,20.924222847153608,44.77953907167136
27163,2023,272298,65818,114457.0,5.012005917467681,48.87828033551798,707.7859627051503
27165,2023,11169,2857,70593.0,13.043083900226756,18.189113280727565,25.678990773588506
27167,2023,6413,1443,69635.0,14.674952198852772,21.52576399732322,8.538848899789357
27169,2023,49705,8877,70198.0,13.409129986244842,32.05793757610716,79.37851438171634
27171,2023,145270,39910,106666.0,4.945363721511083,34.0087196444744,219.72387423088324
27173,2023,9509,2196,71573.0,8.487242446888011,18.981200727713766,12.526659825240646
28001,2023,29098,6295,40250.0,28.189791200322922,19.304202342289145,62.9358226774869
28003,2023,34500,7792,49404.0,17.400724164539678,18.435614728520907,86.24051354351022
28005,2023,12611,2577,35385.0,27.040653008962867,7.985460953849543,17.272976304615806
28007,2023,17685,4448,48098.0,20.737913486005088,15.767421975203078,24.06263223562739
28009,2023,7592,1570,42139.0,17.560715238857753,12.111744164675612,18.671178704232002
28011,2023,30163,7459,37315.0,33.712134791181214,26.551357912304656,34.41273144424403
28013,2023,13029,2916,43942.0,18.67011683525445,13.075165887088003,22.212069086030212
28015,2023,9828,1736,55275.0,22.367015594958342,18.492691430870323,15.640018587242276
28017,2023,16994,4208,43041.0,24.05777750804151,12.398589065255731,33.86729695365717
28019,2023,8172,1742,48321.0,15.894369706028899,18.582375478927204,19.541029706095454
28021,2023,8908,1941,34371.0,27.17432828218515,20.56545313710302,18.276007098673613
28023,2023,15424,3401,46054.0,19.173964187687883,15.109583952451707,22.302682568510185
28025,2023,18462,4175,39904.0,24.776810316323157,18.209025754115146,45.021362102264966
28027,2023,20808,5640,36259.0,36.281302583391074,18.973146170277694,37.6205473854732
28029,2023,27994,6319,47994.0,22.965796412522746,20.326659069944107,36.01510385508533
28031,2023,18226,4388,47001.0,17.734182875027944,15.911692559280457,44.04341028323977
28033,2023,188598,47511,82980.0,9.955055460067683,28.31594156365388,395.92649040823267
28035,2023,78027,17784,52821.0,21.461842604127174,29.462270320443857,167.4248243720523
28037,2023,7655,1771,45618.0,23.267852402442262,18.0652460871205,13.573561432999268
28039,2023,24870,6759,54822.0,18.740360968696596,17.142504778935685,51.95364072396677
28041,2023,13595,2564,55838.0,20.513870406387554,11.916279988152828,19.07433025880478
28043,2023,21342,5167,47998.0,22.348938617087548,23.66202974028644,50.55884317803857
28045,2023,46057,9009,67728.0,13.333771727932312,24.59035788228335,97.17404697403178
28047,2023,209443,49913,57233.0,17.444034416264522,25.471831884633385,365.1154479765007
28049,2023,222494,52676,49966.0,21.61945896369226,31.058970298929996,255.78580091855446
28051,2023,16491,4091,29434.0,37.965404154073696,13.723094275777797,21.794061907770057
28053,2023,7570,1934,32976.0,26.402993051843932,19.411057692307693,18.080634374701443
28055,2023,1095,72,29271.0,17.208672086720867,4.40251572327044,2.6514601191340983
28057,2023,23942,5103,59508.0,10.812619929492614,14.767463405595702,44.936607888587545
28059,2023,144437,33259,64756.0,14.132393043161281,24.898858401762467,199.8229170269429
28061,2023,16211,3703,47157.0,18.90999688570539,12.996518789609926,23.969741731244945
28063,2023,7127,1510,36207.0,28.50530088099149,19.933347219329306,13.707535393983456
28065,2023,11183,2222,37183.0,25.006770786313986,13.544018058690746,27.379384300495044
28067,2023,66839,16885,51143.0,20.79018322201115,20.02514573094068,96.19267606444602
28069,2023,8855,1610,43595.0,24.644904061799153,17.759973293273244,11.557306227502082
28071,2023,56920,10435,64334.0,18.673117605578625,44.279058510316446,90.10649092840397
28073,2023,65081,15992,69106.0,16.097084670107407,33.23823435431597,131.0610790019534
28075,2023,71984,16948,50033.0,25.05922190411138,21.698170793741227,102.29737065743512
28077,2023,11883,3027,43368.0,23.840891816569545,12.694168576521516,27.59624897236892
28079,2023,21288,4981,48418.0,19.901268028264447,17.746696654484115,36.521032017663494
28081,2023,83138,20871,67144.0,13.794283758343317,28.749096167751265,184.76548175969242
28083,2023,27432,7592,33188.0,31.947323965292174,19.988351776354104,46.176065607988235
28085,2023,34830,8080,48316.0,21.30518234165067,18.40723453908985,59.41587186778732
28087,2023,58187,13848,54460.0,16.942711187315503,26.555555555555554,115.11965622576407
28089,2023,110303,27019,78794.0,11.03489549765215,48.850644529931834,154.4410031811461
28091,2023,24303,5679,42320.0,20.403453286605693,12.478387885291838,44.80658114521071
28093,2023,33899,7057,51875.0,22.78659722657966,14.53281329489571,48.00300204620603
28095,2023,33928,7675,51231.0,16.666666666666664,16.396556090149407,44.34499380466663
28097,2023,9708,2190,45057.0,25.62199456408112,20.599195111044864,23.85369341566314
28099,2023,28927,7948,53087.0,25.097519951329495,16.344846342126733,50.73719511553424
28101,2023,21151,5117,50426.0,21.96730996455297,17.530610748588607,36.60799279990308
28103,2023,10136,2548,38814.0,25.580927472085303,11.145694382688601,14.580857876914314
28105,2023,51473,9001,43482.0,28.577968651217546,45.75930144267274,112.32784638583796
28107,2023,32965,8169,43990.0,24.137085402489117,15.494625614866095,48.11179625643084
28109,2023,56781,12947,56535.0,16.435097583391904,15.958621043714865,69.98603508607589
28111,2023,11459,2529,50435.0,18.1294964028777,11.388217330449168,17.703257621871145
28113,2023,39930,10290,41578.0,27.47832837365765,15.87689680599216,97.5842222955387
28115,2023,31312,8240,52741.0,14.914401779669214,17.713091651278067,62.89912075417878
28117,2023,24999,5572,51466.0,13.506351476402791,18.55750721847931,60.240731592708165
28119,2023,5908,1360,32131.0,33.47280334728033,15.240904621435595,14.587222106999299
28121,2023,158218,35741,77454.0,10.025680064298175,32.78667672151404,204.0216841866367
28123,2023,27754,7767,48492.0,20.67945205479452,12.082408514028797,45.55579082482671
28125,2023,3848,962,35741.0,31.848492931448387,15.444489963129865,8.913184471416658
28127,2023,25817,6014,54111.0,19.3647783835032,16.5016501650165,43.81964305415291
28129,2023,14193,3264,51396.0,19.324497648567764,14.042640426404265,22.306638083323378
28131,2023,18515,3984,59307.0,17.872005398717803,14.585898382992696,41.561444268606124
28133,2023,25328,5381,40265.0,29.892552116815136,16.90238411360619,36.2990660098974
28135,2023,12363,2499,37383.0,26.472562510488334,11.91907514450867,19.149924874920615
28137,2023,28135,6385,63995.0,16.756715910378965,20.91981647367271,69.50981191462658
28139,2023,21621,5133,51141.0,18.867565122148676,16.363254446156,47.225777703998496
28141,2023,18738,4036,46257.0,19.928264768219115,16.381564204078582,44.16246167189492
28143,2023,9586,2710,38402.0,33.77356480988391,16.05924446663338,21.108493162750754
28145,2023,28009,7084,56807.0,14.257332755382171,17.088948787061994,67.39299386198981
28147,2023,13864,3133,45444.0,18.10769117755087,13.161262798634812,34.322948644312845
28149,2023,43623,10404,56648.0,20.282252448818532,26.47187531558219,74.12146112204223
28151,2023,43674,11126,40117.0,28.82068530586504,20.53457050860368,60.32553745172466
28153,2023,19699,4883,36791.0,22.853065592987107,16.707250019637108,24.298274611577913
28155,2023,9942,2407,59964.0,15.110702989490868,20.09435353088604,23.606342512786174
28157,2023,8376,1728,35930.0,28.184206887014245,11.585365853658537,12.352051154244322
28159,2023,17609,3901,49071.0,30.41095890410959,18.562479393339927,28.997893786918425
28161,2023,12439,2707,49171.0,22.732878401710106,12.327240303165404,26.627364599454992
28163,2023,26837,5821,40974.0,31.35764016123122,13.252432374639152,29.09667703523325
29001,2023,25224,4698,56583.0,21.222141108773133,35.0484606613455,44.46136599191996
29003,2023,18086,4086,74007.0,7.380404912792328,26.922473320778405,41.80458218532147
29005,2023,5216,1089,59260.0,12.49511145874071,22.04497907949791,9.530683282019424
29007,2023,24688,5621,56232.0,18.031878622570748,16.12020266728787,35.66341639581076
29009,2023,34831,7959,56611.0,16.66569445254623,13.380800392830839,44.76290350356371
29011,2023,11685,2758,49503.0,22.2173988539677,17.956041226871974,19.737175480972247
29013,2023,16121,3766,57914.0,18.71535079334735,15.272172899291544,19.267451977779263
29015,2023,19887,3410,52200.0,16.65136210590756,15.189544183627024,28.247255455355074
29017,2023,10591,2321,57286.0,12.166427546628407,14.174062789773481,17.140203008881638
29019,2023,185874,37772,69913.0,17.145096168588903,51.004339739615624,271.13081302485153
29021,2023,83855,18764,59423.0,16.881711064936358,23.346153846153847,205.40160539278725
29023,2023,42166,9807,49213.0,20.299145299145298,15.228111314183248,60.691811225811655
29025,2023,8890,2106,62520.0,13.048498845265588,18.387785256936464,20.84931037798463
29027,2023,44541,9281,72645.0,11.471272816366533,25.36302032913843,53.37012682010334
29029,2023,43416,7540,62927.0,13.15335478155453,24.46116490302467,66.1792950386869
29031,2023,82180,17633,68912.0,14.070557002093226,33.87379574291586,142.0528696650228
29033,2023,8459,1868,61712.0,10.777511961722489,20.238095238095237,12.17784636824057
29035,2023,5269,1276,45083.0,19.15471112834432,13.340807174887892,10.385151342540489
29037,2023,109393,25937,87413.0,6.461700729994541,28.849912902410807,157.03509111919783
29039,2023,14440,3495,45577.0,16.988824066915022,17.757102841136454,30.43395788985605
29041,2023,7406,1716,63307.0,11.869850579527998,19.37354988399072,9.859181179427512
29043,2023,91229,23059,81245.0,8.665869906823364,32.57258390618682,162.15519647069073
29045,2023,6680,1586,51458.0,9.39463601532567,12.25668449197861,13.23805107351082
29047,2023,255566,60815,86150.0,8.489520673716203,36.00556229541969,642.692424726329
29049,2023,21259,4900,70625.0,12.768007708985788,22.730652247380874,50.74473671647491
29051,2023,76924,17099,73273.0,9.330888839876488,37.467840979512125,196.4612256990203
29053,2023,16835,3794,67548.0,10.832471561530507,24.03563397336101,29.809650287737938
29055,2023,22890,5109,56345.0,13.624598357729381,12.762530202589678,30.829237808039846
29057,2023,7627,1592,49899.0,14.113227797155888,15.204467663484056,15.564988469623069
29059,2023,17344,4175,53177.0,21.36792176611817,14.795748920624376,32.062053679538444
29061,2023,8449,2098,60665.0,13.231029482841953,18.40717299578059,14.99959167876836
29063,2023,11176,2105,69093.0,8.654383026242323,14.817065759085937,26.523763640419784
29065,2023,14506,3278,54306.0,14.282722513089006,18.120674529681256,19.27039259472794
29067,2023,11850,2699,49828.0,16.86428388637721,15.523550938496044,14.564485025619973
29069,2023,27795,7188,47368.0,21.446568845412774,12.637602179836513,51.29089939454779
29071,2023,105316,23768,71973.0,8.220708788086041,22.95844349535625,114.14166155473524
29073,2023,14774,3006,65096.0,11.257269454444751,18.556219648860665,28.466007071222823
29075,2023,6224,1570,57458.0,15.556284870364292,20.478786442284903,12.665285640447516
29077,2023,301121,63080,57488.0,14.354119692249437,32.42787711689593,445.88785614122895
29079,2023,9822,2514,53839.0,16.835016835016837,15.90394200271862,22.564111988936187
29081,2023,8198,2056,53364.0,16.08963867556339,17.565872020075282,11.346445827572222
29083,2023,22194,4957,56621.0,16.25807634147459,16.129032258064516,31.845104858982747
29085,2023,8501,1488,35084.0,19.515413218184,11.993164517632437,21.316021744799503
29087,2023,4254,863,58516.0,9.794437726723096,20.483091787439616,9.194001205983234
29089,2023,10141,2238,62628.0,12.830631399317404,27.98094652735095,21.86498088619904
29091,2023,40168,9774,49814.0,21.388867737759842,17.517554125219426,43.32290382526745
29093,2023,9482,2002,51161.0,20.66242597060759,18.312937062937063,17.23176008563178
29095,2023,717021,168392,67178.0,13.832013638732189,33.4569919645762,1186.099715476742
29097,2023,123532,30653,57525.0,18.35378238684215,25.14681801952649,193.47038242397096
29099,2023,228227,51996,80522.0,8.550654515915678,23.615405887824622,347.76864692553727
29101,2023,54331,11988,67123.0,11.89477468839885,29.101647497668637,65.51737028510928
29103,2023,3760,929,53333.0,14.676141022137196,16.89243027888446,7.460169441082519
29105,2023,36245,8989,50825.0,18.562991574999298,15.656524568825253,47.402197411286814
29107,2023,32974,7603,79091.0,9.723760305155654,24.417744112141396,52.482969376711026
29109,2023,38392,9774,55849.0,16.533375986351036,16.591612170576028,62.75889351323605
29111,2023,9945,2134,52340.0,15.283842794759824,16.537303975922697,19.692367400765914
29113,2023,61636,15572,85276.0,10.651219592698947,18.434853733641262,98.37174932408924
29115,2023,11850,2810,61975.0,16.20489139729776,20.070939334637966,19.24988791204507
29117,2023,14330,3149,60148.0,12.22707423580786,18.31222793826672,26.92075753846963
29119,2023,23492,6013,48145.0,17.207540673151417,13.421271691105845,43.54846184504444
29121,2023,15163,3565,58318.0,10.030150753768845,18.478260869565215,18.925172988786933
29123,2023,12665,2975,58435.0,13.99322908270192,15.326719124187479,25.617634803574532
29125,2023,8435,1715,61359.0,14.888278169434818,16.005873715124817,16.006269675756812
29127,2023,28493,6741,63908.0,13.59417652411283,25.741547396805643,65.21301284897532
29129,2023,3501,843,60357.0,14.709302325581394,17.941176470588236,7.714257384291648
29131,2023,25081,5895,55172.0,14.59220505333171,20.976481438782567,42.32558688971654
29133,2023,12079,2693,46258.0,23.022797635800732,14.066346266557261,29.346738063538034
29135,2023,15303,3830,65161.0,10.448932981229033,17.19417475728155,36.871766823361035
29137,2023,8672,1907,48299.0,15.968063872255488,17.36099854109256,13.390361780646357
29139,2023,11422,2578,61042.0,14.513369946880344,16.493685131924472,21.34765730861027
29141,2023,21430,4934,49663.0,16.970446866225668,14.900947459086995,35.85800697750299
29143,2023,16041,3806,49237.0,18.55009294276008,13.254320094092101,23.768529110187824
29145,2023,59490,14218,64583.0,13.427549687091672,23.003329854380993,95.22147917420297
29147,2023,20959,3560,55970.0,18.645366013787065,25.596615851225156,23.89949872514721
29149,2023,8704,2012,44259.0,21.938835753926085,14.430297094351943,11.019897600032412
29151,2023,13379,3093,75355.0,10.0942023435705,24.81227915194346,22.0564476243859
29153,2023,8773,1644,42329.0,21.68813247470101,12.375939849624059,11.775744087967077
29155,2023,15232,3966,40748.0,27.35503628253778,12.765744083433614,30.92132641771805
29157,2023,18947,4334,63356.0,11.01438304314913,22.05613178767541,39.94265897903469
29159,2023,43205,10878,60232.0,13.436485914499366,18.628818524201424,63.32852561283779
29161,2023,44948,9522,55427.0,17.224834697920894,31.543434486169495,66.90811224391064
29163,2023,17623,4056,57572.0,16.271741870431057,16.606939240918717,26.285762015634532
29165,2023,108751,25434,95748.0,6.847660460103319,45.59973270965587,259.0395022676169
29167,2023,32109,7541,56686.0,17.883104606056655,21.019380581417444,50.5234238671213
29169,2023,53850,11804,66435.0,12.789053591790195,27.896543520375218,98.42591644855167
29171,2023,4675,1045,56875.0,16.230366492146597,19.28948913681738,9.037012122161073
29173,2023,10394,2176,62054.0,12.610169491525426,17.52426539024066,22.1249204426687
29175,2023,24524,5408,55310.0,15.830748781568454,17.095663339753692,50.804515312411304
29177,2023,23149,5280,72152.0,12.016773686279649,15.0357847976308,40.68494258166339
29179,2023,6058,1156,44357.0,17.85957736877982,15.43264942016057,7.493101226132593
29181,2023,10755,2520,43898.0,19.723476297968396,12.93069043501397,17.08455384771793
29183,2023,409830,93542,102912.0,4.69562021865386,42.39777857854463,731.1851361549757
29185,2023,9451,1981,46731.0,16.280341132735625,13.668750908826524,14.001875608350458
29186,2023,18551,4011,61310.0,7.91044776119403,18.41467111245832,37.1649574378998
29187,2023,66864,14087,54813.0,17.019783233220164,15.983763335741912,147.96652253001864
29189,2023,996618,220471,81340.0,9.591286975839816,46.927028201821585,1961.8657663953386
29195,2023,23177,5072,56566.0,14.652980071207287,26.033898305084747,30.677290836653388
29197,2023,4044,1118,56023.0,9.663032705649158,10.648854961832061,13.159564601942694
29199,2023,4698,1401,67568.0,7.132018209408194,14.484396200814112,10.762714000004582
29201,2023,37967,9178,58847.0,14.455046364735924,21.67503014743066,90.39654289829883
29203,2023,7137,1587,59000.0,16.707652249385216,14.564242542405928,7.1098404096351935
29205,2023,6011,1429,52127.0,15.613640297732386,18.007202881152462,12.001285780742439
29207,2023,28547,6371,54067.0,16.969179301017867,16.377803306528147,34.68052899742693
29209,2023,31697,5336,61323.0,13.97143589086717,22.989205421637855,68.33989487165114
29211,2023,5903,1300,55500.0,14.739583333333334,14.685314685314685,9.109820951816562
29213,2023,56382,11822,58258.0,14.424751186788615,25.378670788253476,89.17491613458323
29215,2023,24956,5398,48055.0,19.337556868914493,15.754158443755287,21.198249844767584
29217,2023,19713,4706,54519.0,18.986742424242426,18.0331541218638,23.854325615840445
29219,2023,36467,8560,77989.0,9.32776617954071,19.58242195267449,85.08597960755034
29221,2023,23483,5480,51886.0,18.18545163868905,12.39321454722968,30.90413309715134
29223,2023,10942,2216,43393.0,25.14450867052023,10.964530180460486,14.412805294091303
29225,2023,39868,10945,69731.0,16.104627143152243,18.63583365720948,67.28060982545315
29227,2023,1956,406,46167.0,17.576703068122725,17.59656652360515,7.336036215115384
29229,2023,18722,4898,47304.0,17.551220575414124,14.260407440212578,27.460712787521963
29510,2023,293109,54409,55279.0,19.761104758553962,40.17424384745444,4749.0116655865195
30001,2023,9590,1667,58072.0,14.682799215173317,35.5092936802974,1.7302077494182875
30003,2023,12963,4196,56680.0,23.601993197816974,20.876770916867148,2.5937334615226857
30005,2023,6997,2057,65050.0,20.2441505595117,25.84373555247342,1.655108660710294
30007,2023,7310,1396,63636.0,10.72511717673008,26.347414420975966,6.1307039239021135
30009,2023,10877,1892,71017.0,8.51602023608769,30.278408411996654,5.311603145062875
30011,2023,1361,239,52171.0,13.75186846038864,20.294117647058822,0.4074268435316274
30013,2023,84601,19000,66203.0,13.188538054389486,28.736878334193772,31.354537051655804
30015,2023,5888,1367,56927.0,12.420655343969807,22.626506024096386,1.4821825944236908
30017,2023,11938,2381,63585.0,11.67274622199062,29.795396419437342,3.155438797095347
30019,2023,1524,307,58000.0,11.887172599059772,27.528583992963938,1.0685213879559972
30021,2023,8874,1870,70953.0,8.8023598820059,25.532255482631662,3.741263428960263
30023,2023,9512,1184,49533.0,18.148800352190182,22.276444209970983,12.911930911939058
30025,2023,2817,714,72284.0,12.059571376679985,16.52173913043478,1.738250457393735
30027,2023,11581,2403,59731.0,14.925240299038803,23.765177413650832,2.6688458054229125
30029,2023,108445,23597,71327.0,9.572375474283797,36.03414533656075,21.317131173530235
30031,2023,122194,23499,87454.0,10.210406548245762,53.14217141413503,46.90113009638233
30033,2023,938,221,61750.0,12.203023758099352,21.32132132132132,0.2005747814632978
30035,2023,13713,4076,45129.0,30.291620524178665,18.055054694073807,4.578400220890366
30037,2023,840,122,57353.0,17.976190476190474,18.955223880597014,0.7152448478955198
30039,2023,3419,517,54646.0,10.427248282043621,31.230529595015575,1.9795479520739803
30041,2023,16260,4618,55313.0,19.656236227412958,25.581163324353984,5.608064576208286
30043,2023,12501,2526,76576.0,6.289256872501836,32.676393728223,7.544370931269037
30045,2023,2053,456,55417.0,15.812591508052709,28.263795423956932,1.098044752945279
30047,2023,32073,7237,61965.0,17.71928163368368,30.51560079663642,21.518758885637855
30049,2023,72580,15542,74543.0,8.716832795170575,42.81138997263146,20.986698689357823
30051,2023,1968,580,53264.0,25.463917525773194,27.347858752817427,1.3762353250516788
30053,2023,20656,3725,47018.0,16.168192275686526,18.045868677348416,5.717830490796136
30055,2023,1818,344,71842.0,4.1759465478841875,21.365638766519822,0.6880564675604841
30057,2023,8975,1409,67420.0,6.772997865887903,34.33385247062155,2.5012847824899476
30059,2023,1979,237,56215.0,10.729166666666666,28.543435662965383,0.8273867955923989
30061,2023,4796,999,61117.0,17.85332478084242,26.57946006123017,3.9323756025447296
30063,2023,119639,22072,71246.0,10.9275426696964,45.8939898413007,46.13906083627168
30065,2023,5068,991,59010.0,15.299999999999999,21.93074501573977,2.7116714233278647
30067,2023,17484,2969,66607.0,13.065036900369003,38.08682855040471,6.238762181625625
30069,2023,401,53,59318.0,6.483790523690773,27.134146341463417,0.24220460551151377
30071,2023,4224,991,58156.0,9.409772617319787,20.613456464379947,0.8217224188986819
30073,2023,6012,1412,53500.0,22.851330734022714,19.51395572666025,3.7006783961510976
30075,2023,1762,325,68009.0,9.72626674432149,25.223214285714285,0.5342314404601789
30077,2023,7029,1031,63432.0,6.342857142857143,19.03039073806078,3.0218714881330606
30079,2023,1251,270,45192.0,23.93092105263158,20.041972717733472,0.72037189847075
30081,2023,45807,8601,71323.0,8.28299690293672,29.782552045632222,19.158357267164288
30083,2023,11329,2864,69578.0,7.148544634167921,19.410676532769557,5.434730465384475
30085,2023,10665,3557,53125.0,30.5978898007034,19.859889214727925,4.529427903314446
30087,2023,8236,2384,56430.0,21.584231145935355,18.884369552585706,1.6445243588681215
30089,2023,12936,2233,54035.0,15.087223008015089,21.559725585149316,4.686277351108535
30091,2023,3677,792,63654.0,10.013908205841446,24.650283553875234,2.1926829864616586
30093,2023,35589,7334,57504.0,16.165359117621513,27.707829225279905,49.56754272343626
30095,2023,9052,1908,81503.0,8.254322364751813,29.766595938163082,5.037996466946357
30097,2023,3713,757,69426.0,7.815468113975577,23.068181818181817,2.001039052866665
30099,2023,6291,1574,67766.0,10.463791700569569,25.877702859800046,2.769394122950358
30101,2023,5028,1015,53693.0,12.264792564044434,21.515151515151516,2.6257739453036875
30103,2023,761,120,73036.0,10.775295663600525,32.78418451400329,0.778276970467406
30105,2023,7540,1699,64515.0,12.877756602232507,21.518752320831787,1.530617941318869
30107,2023,2049,448,47054.0,23.67508667657256,17.788141239173886,1.4404410322528034
30109,2023,1148,322,64792.0,15.929203539823009,25.831202046035806,1.290509695122705
30111,2023,167340,38842,74400.0,10.229189585625228,33.9223135907845,63.548701683391215
31001,2023,31034,7473,65680.0,12.75718774282915,28.816793893129773,55.097211052109245
31003,2023,6302,1542,63750.0,10.035438144329897,19.9209669920967,7.352212021834973
31005,2023,540,188,67500.0,9.62962962962963,32.73809523809524,0.7550842338411974
31007,2023,657,121,71250.0,9.43683409436834,32.63358778625955,0.8806510115422921
31009,2023,385,75,61250.0,10.649350649350648,25.581395348837212,0.5417179070834189
31011,2023,5366,1293,71367.0,9.196275888276647,18.88412017167382,7.816118742079735
31013,2023,10754,2705,68778.0,9.955647824856092,20.075553157042634,10.002222922892479
31015,2023,1704,322,58984.0,10.23339317773788,19.568567026194145,3.1592530517197903
31017,2023,2739,568,51538.0,12.148148148148149,21.1997966446365,2.2425012526567785
31019,2023,50323,11563,74570.0,11.0198052758592,34.6373346086402,51.9734694973581
31021,2023,6730,1541,57303.0,13.689759036144578,25.728664290207593,13.690353894631063
31023,2023,8413,1999,82603.0,7.562008469449485,25.22785898538263,14.386385516827437
31025,2023,26963,6363,88255.0,4.8680241327300156,31.882813757579008,48.41631965580832
31027,2023,8344,2139,73977.0,6.211637613552664,24.98655673059688,11.272796542504684
31029,2023,3639,914,62782.0,7.769985974754558,24.095427435387673,4.068535651396148
31031,2023,5468,1298,63750.0,7.197039777983348,24.209434940383616,0.9174344251664276
31033,2023,9478,2153,57594.0,11.091984938138784,22.092501122586437,7.924696155878555
31035,2023,6084,1501,75938.0,8.142067347964483,22.861920688007643,10.630992383218969
31037,2023,10541,3210,79720.0,8.708301008533748,14.093343534812547,25.61852914013513
31039,2023,8976,2238,70708.0,7.759303246239114,24.818121693121693,15.73384283685954
31041,2023,10544,2552,66310.0,8.638894221539644,25.621754577753485,4.094029100843422
31043,2023,21331,6260,71655.0,11.16642958748222,15.123175182481752,80.71485870832008
31045,2023,8212,1479,54381.0,12.603110209601082,35.165913999607305,5.880680617886808
31047,2023,24020,6670,65383.0,12.337635041405692,17.538161740824943,23.693363293633965
31049,2023,1865,365,61438.0,9.086021505376344,22.49637155297533,4.240322855681237
31051,2023,5561,1391,69156.0,7.076247942951179,23.746984722594476,11.69208256153534
31053,2023,37146,9341,71294.0,9.321071438464308,21.546307629538962,70.24012797749049
31055,2023,585461,149216,79081.0,11.246619309424833,42.23655936411241,1793.2412812957527
31057,2023,1811,372,56563.0,12.002243409983175,23.28125,1.9691674694838845
31059,2023,5551,1086,76354.0,7.893263668594887,21.936423198252854,9.647704955072388
31061,2023,2868,583,57692.0,14.122681883024251,20.00939408172851,4.98075774205649
31063,2023,2562,541,68207.0,12.059064807219032,26.096997690531175,2.6286224356310695
31065,2023,4605,1014,60625.0,12.344858156028367,22.256190767349434,6.402912108386494
31067,2023,21646,4961,64426.0,13.195391488361158,22.12785568503522,25.42197710307375
31069,2023,1620,290,44777.0,14.061519146264908,20.706260032102726,0.9502436025729312
31071,2023,1797,388,68611.0,11.652173913043478,32.67871170463472,3.1561975284356363
31073,2023,1929,364,79145.0,7.0184696569920835,28.80658436213992,4.20996117407502
31075,2023,695,163,69063.0,10.802919708029197,29.411764705882355,0.8948159897823601
31077,2023,2211,519,58894.0,11.177278973889143,18.44850065189048,3.8801318297164396
31079,2023,62431,17220,67549.0,11.751767734367363,21.11330615919378,114.23160668215834
31081,2023,9438,2322,79884.0,6.725587411079974,29.577901924270638,17.412320351272072
31083,2023,3006,700,70536.0,7.208121827411168,24.17530631479736,5.431227934507269
31085,2023,854,188,60313.0,12.295081967213115,15.937499999999998,1.1976467783441902
31087,2023,2601,624,52016.0,11.617933723196881,19.771863117870723,3.6636331239761617
31089,2023,10093,2547,67225.0,10.834170854271356,27.014080418057773,4.184752706531207
31091,2023,613,98,45854.0,7.666098807495741,20.745920745920746,0.8502481393019921
31093,2023,6492,1648,74508.0,5.443453777569216,22.969941677882456,11.404159039886451
31095,2023,7155,1628,60568.0,9.874069834001146,19.698173153296267,12.548624825055859
31097,2023,5263,1025,59457.0,6.809202881710434,18.977907905243548,13.994139638274223
31099,2023,6697,1695,79167.0,6.6908870723584615,32.90561113527621,12.973829555999403
31101,2023,8239,1708,58132.0,10.717361880152577,21.346280447662934,7.757543573215524
31103,2023,939,235,60313.0,10.436634717784878,25.71428571428571,1.214942629865593
31105,2023,3348,649,59438.0,11.090686274509803,14.285714285714285,3.5170209949765847
31107,2023,8362,2004,64821.0,13.185873151655873,19.679274882342686,7.545331089525237
31109,2023,323673,73290,72625.0,11.680917185965251,41.07453278506882,386.44753808682367
31111,2023,34122,7889,64342.0,12.837594526467411,20.41537038594131,13.307385712168603
31113,2023,812,225,71650.0,8.188585607940446,26.727272727272727,1.4228190741863473
31115,2023,564,119,60156.0,8.156028368794328,25.952380952380956,1.0011698065647627
31117,2023,463,95,61316.0,7.127429805615551,24.397590361445783,0.5388363694764908
31119,2023,35535,9031,64637.0,11.783062209251929,23.494727781364322,62.05772844439167
31121,2023,7696,1756,62849.0,8.742229863774632,17.56007393715342,15.77715183048582
31123,2023,4544,1017,59773.0,12.434998869545558,21.816449666560814,3.1916701903342406
31125,2023,3342,782,65438.0,16.129032258064516,18.400687876182285,7.568020471246277
31127,2023,7035,1554,60132.0,13.012232415902142,29.162156310889802,17.27223846737425
31129,2023,4089,765,70201.0,7.434944237918216,26.64941785252264,7.109387904130191
31131,2023,16075,3895,81430.0,9.541816348396043,27.18129926610492,26.11209928283099
31133,2023,2539,612,54926.0,14.066908504635228,20.375640295959023,5.88992634692339
31135,2023,2835,704,67500.0,7.656529516994633,25.721518987341774,3.2095078415012575
31137,2023,8983,2177,65988.0,13.613406795224977,26.744186046511626,16.642427723175828
31139,2023,7312,1857,75938.0,7.971619365609349,22.922983626440267,12.75536459723436
31141,2023,34358,9160,72335.0,8.724238582421794,24.086645824028587,50.89184409244013
31143,2023,5209,1164,71771.0,6.2243100411039345,18.57968620974401,11.87014620629307
31145,2023,10611,2348,60000.0,14.10768182260734,26.032714166897698,14.795655144526403
31147,2023,7797,1690,55578.0,10.577800965175427,22.377622377622377,14.129069786405866
31149,2023,1335,300,57500.0,10.484511517077046,29.04255319148936,1.3240225292103172
31151,2023,14642,3775,77027.0,9.500321681321038,20.126679043354812,25.50564479182816
31153,2023,194051,51816,101402.0,5.178474851270957,41.86825337480411,815.3506136631974
31155,2023,22761,5673,89395.0,6.420588628166882,30.30361507783353,30.401993941239642
31157,2023,35937,8726,60960.0,13.921451185077435,25.90235289286741,48.58839865282354
31159,2023,17636,4151,81122.0,6.885787734116783,31.621231269182164,30.862922842692896
31161,2023,5058,1082,56900.0,10.738392309265699,21.737931034482756,2.0728064028325894
31163,2023,2974,651,61935.0,9.492803289924606,18.84939195509822,5.255559070257318
31165,2023,1197,266,54076.0,11.445279866332497,25.05938242280285,0.5791777611223178
31167,2023,5835,1406,78275.0,7.080874696286012,22.347066167290887,13.644877733944762
31169,2023,4938,1133,63095.0,9.002079002079002,23.021788990825687,8.605950968038774
31171,2023,626,104,72708.0,4.792332268370607,26.930693069306933,0.878529907908734
31173,2023,6666,2292,64838.0,18.00397371236436,20.249052517596102,16.936319843899266
31175,2023,4094,914,58902.0,9.253287025551971,27.638363698865593,7.206604587301308
31177,2023,20989,5089,90188.0,6.906849051151141,36.514234008491684,53.827886173857735
31179,2023,9786,1980,67687.0,13.171556199444645,29.36435244550284,22.094482926785215
31181,2023,3385,771,65197.0,9.93939393939394,21.87629721876297,5.887847378646856
31183,2023,785,130,55893.0,5.222929936305733,29.58860759493671,1.3647830342690934
31185,2023,14231,3309,74058.0,9.035964781375915,23.8626878130217,24.85694722942241
32001,2023,25614,5771,73268.0,9.139828126254919,18.608322995376113,5.174381337804033
32003,2023,2293764,516946,73845.0,13.20819368165142,27.308581787539083,290.65668178093307
32005,2023,49624,7635,88018.0,8.287762790132458,32.05157607726219,69.84013499648857
32007,2023,53852,14418,83427.0,11.027033162444903,17.537643932683793,3.1357976468357687
32009,2023,962,88,,19.3717277486911,24.074074074074073,0.26857337008489096
32011,2023,1660,344,73095.0,22.067714631197095,18.13285457809695,0.39753927975461767
32013,2023,17299,4539,79946.0,12.159953298307064,19.7978021978022,1.794354654679823
32015,2023,5745,1559,84474.0,11.418563922942207,16.56804733727811,1.040902862292628
32017,2023,4452,980,69496.0,6.596962907642519,18.986549890522365,0.418681311860587
32019,2023,60630,12588,73460.0,11.00920468843123,17.205765520372264,30.268794684913477
32021,2023,4557,1036,50584.0,18.043576940535633,11.470408785845027,1.2147843817701838
32023,2023,53207,8734,55975.0,15.528439661798615,12.673745173745173,2.9263695780323236
32027,2023,6505,1096,72007.0,8.054260279779568,9.34844192634561,1.0775953108618128
32029,2023,4139,480,96000.0,7.073643410852713,31.630824372759857,15.68991660348749
32031,2023,491770,103240,85600.0,10.685089828392169,33.182900476789115,77.8625412729893
32033,2023,8856,1648,72294.0,8.385430823593367,14.15278403121717,0.9965493241840442
32510,2023,58364,11769,71809.0,11.095160335205556,24.50615380967061,403.80810051614156
33001,2023,64300,11377,87983.0,8.761730228443236,32.57467120088499,160.01114852170105
33003,2023,51259,7733,82961.0,7.461654016445288,38.79496756437979,55.00695380441781
33005,2023,76945,13810,81001.0,8.94371309982055,35.315413159561956,108.8779115590717
33007,2023,31386,5030,58439.0,12.856948599401685,20.16981671225048,17.489387453512645
33009,2023,91759,14551,84021.0,10.125158205596962,44.83746740251077,53.70423370258323
33011,2023,424732,84548,100436.0,6.510219167298664,40.620348208137976,484.56071098536273
33013,2023,155018,28829,93944.0,7.094651198638171,38.07981296068248,166.16804177086695
33015,2023,317163,59556,113927.0,4.774125516527285,44.78056459676218,456.0930469333081
33017,2023,131743,23621,86564.0,8.81095649483361,38.49487476001752,358.51362015946876
33019,2023,43529,7851,75929.0,10.802534072048063,30.516160447988312,80.92757438517428
34001,2023,274704,57615,76819.0,13.10657950514268,31.16130705394191,494.447224332137
34003,2023,954717,200829,123715.0,6.718557620786332,52.61504255811656,4101.229444816743
34005,2023,464226,96046,105271.0,6.769813133327311,41.99622955164189,580.8015914223338
34007,2023,524042,119506,86384.0,12.152846168997439,35.27554408374422,2367.3530235541784
34009,2023,95236,16519,88046.0,8.688114863068334,37.44732420745311,378.6403520978368
34011,2023,152915,37263,64499.0,16.252091389376783,17.94214715589206,316.3453183830527
34013,2023,854130,202319,76712.0,15.029941483184956,37.88794210990506,6774.347057097309
34015,2023,304504,65177,102807.0,7.598049891939889,35.78302044321462,945.6411020844204
34017,2023,710478,142298,90032.0,14.801935396521133,47.90299671824087,15380.309131055981
34019,2023,129448,24848,139453.0,3.8481195794903242,56.49970311307151,302.5652412729207
34021,2023,383286,84044,96333.0,11.073541611339113,44.900184565116035,1707.4546280704567
34023,2023,861535,186485,109028.0,8.499631688207327,45.12754754320159,2785.912231969914
34025,2023,643615,135467,122727.0,6.4274056870252965,50.60127214563147,1374.646521601695
34027,2023,510375,106161,134929.0,5.086991290924499,57.24733473714423,1107.0440865462829
34029,2023,646434,160999,86411.0,10.414067020062236,33.696207497422705,1028.8783841856468
34031,2023,518289,122854,87137.0,13.67171887367654,30.311067339369224,2784.5089264128337
34033,2023,64973,14221,78412.0,12.764120435779096,23.977691069814608,195.78377694275616
34035,2023,346203,74097,135960.0,5.490316004077472,57.35099175176748,1146.8726293367608
34037,2023,145117,28394,114316.0,5.414906625166741,39.97198667474258,279.8849732298529
34039,2023,572549,134776,100117.0,8.92153122217983,38.56379846271232,5571.385477687172
34041,2023,110238,21404,99596.0,8.1246260757513,36.430106989301066,309.1874426784016
35001,2023,674357,139325,66514.0,15.79446944255874,37.44285699245113,580.7189697264574
35003,2023,3685,352,46439.0,21.156481227733625,20.673712021136065,0.532192443676059
35005,2023,64446,16131,52029.0,22.258341015315448,18.200004763152254,10.622071744062891
35006,2023,27059,6310,51765.0,27.633437990580852,18.834322719913654,5.960153163535377
35007,2023,12336,2193,52690.0,16.952771372448545,23.996537920588555,3.282618090163428
35009,2023,47932,12798,56259.0,20.85313128718805,21.291583808015098,34.10258380504353
35011,2023,1580,382,40804.0,20.561941251596423,8.318098720292506,0.6801236447567848
35013,2023,221665,52131,55663.0,22.213110956682883,31.39871767875166,58.20761051410661
35015,2023,61114,15920,79605.0,12.445584705784988,19.82151362462711,14.63336260133557
35017,2023,27856,5022,45921.0,19.529629629629632,28.750060582561915,7.032200033979542
35019,2023,4379,938,40149.0,23.031847133757964,15.519901265041655,1.445323278451316
35021,2023,748,173,41250.0,18.71657754010695,30.314960629921263,0.35192083851256045
35023,2023,4097,880,49076.0,20.498132004981322,17.769310703152062,1.1914902527256395
35025,2023,73154,21818,68750.0,18.650136571420482,15.277333211395124,16.657892244017606
35027,2023,20227,3436,51643.0,16.023397660233975,28.7753807106599,4.186818156885108
35028,2023,19374,4151,143188.0,2.9274369355341014,68.24698367636621,177.54277283432455
35029,2023,25420,6583,37917.0,26.12547604730407,14.726550565230676,8.572844049444603
35031,2023,71172,19619,44496.0,35.68363925669148,12.461770311599663,13.056533550147273
35033,2023,4176,575,50178.0,18.761996161228407,25.397310513447437,2.1679440196983877
35035,2023,68235,15097,52717.0,19.950213371266003,21.59534360738144,10.318995874821287
35037,2023,8616,1781,43698.0,25.419094043514445,20.413274890419537,2.9979592582347325
35039,2023,40165,9080,53901.0,20.099584646949907,18.82830168359838,6.853073449454809
35041,2023,19002,4833,52445.0,21.564789441306413,21.346308365324525,7.768439824026564
35043,2023,151538,33612,84053.0,10.031441534665287,33.39504548530186,40.843686340929885
35045,2023,121178,30750,53020.0,23.19420207569698,16.6460820639495,21.963549838034726
35047,2023,27036,4559,47400.0,21.968643805993203,26.237574053619838,5.726128160135041
35049,2023,155175,25576,74689.0,12.495012591163293,44.165445696289936,81.22729509312283
35051,2023,11511,1791,37840.0,24.933451641526176,16.335180958591458,2.753028187507265
35053,2023,16308,3530,47556.0,28.964807308756352,20.999433213678444,2.45366392297048
35055,2023,34516,5536,58908.0,14.4169631919734,37.06023554121972,15.67218631902952
35057,2023,15290,3158,46250.0,20.447200052766966,14.874667156367643,4.570710445044904
35059,2023,4039,876,45319.0,19.456762749445677,18.07528409090909,1.055933909360662
35061,2023,77382,17701,58333.0,18.444623791064128,20.809564153252378,72.5403658234778
36001,2023,315374,57433,83149.0,12.918128440244475,45.15350217946791,603.1387218677804
36003,2023,47027,9344,61233.0,16.799659034404378,24.5619335347432,45.679189825022874
36005,2023,1419250,347363,49036.0,26.94714976944917,21.956129323920745,33650.65440060698
36007,2023,197738,38153,61059.0,18.92669695820942,30.58679706601467,280.22067565978085
36009,2023,76479,16836,58248.0,17.597916160552813,20.673885518831376,58.46200416914147
36011,2023,75464,14729,66583.0,13.76772347900957,23.878642366037326,109.11683095017416
36013,2023,126329,26120,56507.0,17.014579463830767,25.097427903351523,119.13222244226289
36015,2023,82805,17532,63469.0,15.761534290794001,26.88530760281941,203.28576373630418
36017,2023,46685,9667,62093.0,12.200544959128065,19.178366210532552,52.25291372812815
36019,2023,78961,14380,69208.0,13.786747136010485,26.82087241599126,76.08858001582269
36021,2023,61245,9974,83619.0,11.390100068494295,38.09222327740846,96.50003230060678
36023,2023,46401,8687,67527.0,12.8130976258221,28.33230642842473,93.03010982930145
36025,2023,44551,7228,60226.0,14.85898431068144,26.695413563308506,30.882520123444124
36027,2023,297144,55342,97273.0,8.260447724198494,39.725612640741794,373.48322402407234
36029,2023,950044,192553,71175.0,14.023568751179786,36.92683166240569,911.0833430031561
36031,2023,37077,5877,70215.0,11.804427728865715,31.302303063835673,20.665818712439844
36033,2023,47066,9556,63747.0,16.532332350773764,23.77098142285407,28.887323113786568
36035,2023,52787,10635,62615.0,14.53661172656039,21.15566037735849,106.54139587454084
36037,2023,57943,11842,72055.0,10.57998277104833,23.613904050560183,117.53716205251371
36039,2023,47554,7774,74011.0,11.006499287749289,28.931910316869363,73.48094214577208
36041,2023,5102,666,68950.0,10.015835312747427,26.892382103990325,2.9708078244859317
36043,2023,59932,12336,68858.0,13.28286771445059,22.61627365085283,42.48730669381378
36045,2023,116130,27841,64978.0,13.397284773595642,25.674553200610916,91.59022974454425
36047,2023,2646306,595037,78548.0,18.8857948288268,41.325918261489456,38143.85170877957
36049,2023,26618,6150,68329.0,12.247374208470784,19.407912539914488,20.85545114858549
36051,2023,61588,11081,72464.0,11.594559017112768,30.597712723872544,97.50274675692705
36053,2023,67572,12551,73141.0,9.724214632259311,28.017101065561317,103.18698938688249
36055,2023,754068,154986,74409.0,13.05751378755181,41.176537661177676,1147.8421296183542
36057,2023,49461,11423,62923.0,14.70841889117043,20.515367535351174,122.69821463567106
36059,2023,1388138,300139,143408.0,5.3134791199027305,48.713801887219496,4878.49948338031
36061,2023,1627788,229519,104553.0,15.838468598400421,64.00278318158594,71841.64533498102
36063,2023,211341,42236,67809.0,13.017665937412659,27.163515162649098,404.5980840359301
36065,2023,229645,49542,68819.0,14.605071141919007,27.750221601946322,189.40699843786342
36067,2023,471611,99595,74740.0,13.929739919412897,38.134168421830545,605.8777506991969
36069,2023,112405,21902,79814.0,9.160972289921183,37.17133848101894,174.52132978095753
36071,2023,403840,103740,96497.0,12.958457468601575,32.24233660181262,497.29213203657775
36073,2023,39686,7591,63838.0,13.040613551906807,17.50077179021027,101.43075483946818
36075,2023,117945,24420,68461.0,16.5322903240144,21.92422148344602,123.94297225640418
36077,2023,59738,9109,67086.0,14.126170185587327,33.85222929936306,59.6343554901581
36079,2023,97988,19180,127405.0,6.541776023476411,43.5438305527836,425.5685075482515
36081,2023,2330124,460935,84961.0,12.249753546392531,35.26114601669069,21431.551451381478
36083,2023,160341,30842,86663.0,11.783887509481177,37.27220630372493,245.74877501881346
36085,2023,492734,107343,98290.0,10.898779915436437,35.775537618843586,8565.860612276829
36087,2023,338936,99733,110631.0,15.555156467471825,42.119619931541656,1951.4408267841206
36089,2023,107796,21688,61900.0,17.434481621888906,24.640042703226623,40.229503277818544
36091,2023,237075,45907,99653.0,6.734743704515958,43.76616898107867,292.6960257787325
36093,2023,159603,34444,76989.0,12.468882470619263,35.05889843998726,779.8103278952846
36095,2023,29979,5245,71188.0,10.831734960767218,25.012754510458702,48.211778668712284
36097,2023,17749,3374,65625.0,15.126384549843793,25.364453508573153,54.056276515716796
36099,2023,33125,6779,66007.0,13.318205062643825,24.13620011712541,102.33303882013482
36101,2023,93034,20100,64740.0,13.673694198741371,26.021209740769834,66.90648309826337
36103,2023,1525680,319324,128329.0,6.375092413918271,39.861800664836714,1674.874467846863
36105,2023,79147,16947,69826.0,15.189423835832674,29.68562256774448,81.75118396521182
36107,2023,48106,9841,71791.0,12.22334427333165,25.599884359641518,92.73141892217507
36109,2023,102879,14988,73012.0,15.290930639426604,59.24992684592125,216.74981670473028
36111,2023,182109,31636,81804.0,14.327737572326974,37.050437372045415,161.98467225742635
36113,2023,65560,11606,78239.0,9.131502912501352,34.61538461538461,75.59771315764591
36115,2023,60883,11303,72342.0,10.840182962478934,21.229667609618105,73.24799384015688
36117,2023,91128,19331,73914.0,11.270133150187208,25.532338004038422,150.9166487256347
36119,2023,996888,214739,118411.0,8.879149519468665,52.51003296031853,2313.9476854441677
36121,2023,39980,7477,68913.0,10.643776824034335,18.231485228652367,67.45402395815758
36123,2023,24637,5626,67521.0,14.142619666680876,25.026949335249732,72.86056917421533
37001,2023,174286,38781,64445.0,14.148200673639424,27.708955922794647,411.5809235928257
37003,2023,36440,7139,65268.0,12.066243793232111,15.40647018713539,140.16193241917802
37005,2023,11075,1838,44272.0,17.383773928896993,22.82432118821072,47.160772457257224
37007,2023,21903,4437,44245.0,21.203624893606367,10.882917466410749,41.21280771307772
37009,2023,26831,4552,50827.0,14.050709326894054,22.408610491612528,62.94456017866862
37011,2023,17643,2570,57657.0,10.963388562266168,21.873380229544615,71.33153821895544
37013,2023,44597,8649,57997.0,18.013536840192604,20.585725604924725,53.554788072090076
37015,2023,17482,2863,45931.0,19.785324210658466,17.84745251733494,25.003718663112004
37017,2023,29591,6106,44528.0,21.241572841449642,20.569830283492937,33.817048976494576
37019,2023,145889,20947,74034.0,9.379838531298386,33.22168814345128,171.6201861260674
37021,2023,271790,49139,70578.0,11.774028610565004,44.62484478809556,414.0047830126887
37023,2023,87863,16305,55684.0,17.92892070845324,20.170863448532028,173.56100008494045
37025,2023,231262,58685,86084.0,8.921248713071702,37.66173752310536,640.2035257120077
37027,2023,80618,16039,55401.0,12.680872462128356,18.58510110089544,170.84138609161496
37029,2023,10743,2608,87781.0,5.021976994295333,25.761250336836433,44.701966087589724
37031,2023,68652,11707,70235.0,10.044289078816785,32.33756108691932,135.2471611728828
37033,2023,22689,4156,59407.0,15.712868011908702,16.04789698537818,53.32527974090622
37035,2023,162051,35431,64544.0,12.821061374476173,24.93345242622284,403.7406508642812
37037,2023,78319,15414,88534.0,10.47121094758585,48.000901197552906,114.92470076201684
37039,2023,29197,4699,51496.0,14.625013002323081,24.206505992361386,64.09316415682487
37041,2023,13814,2695,56982.0,20.53886925795053,24.52129179765647,80.00834023526413
37043,2023,11391,1848,53645.0,13.47316032705297,31.414678276602963,52.98114892488872
37045,2023,100170,22366,55769.0,17.235234215885946,21.0712736735579,215.7678314869822
37047,2023,50453,10442,48184.0,18.792646537153352,15.065502183406112,53.78090885930493
37049,2023,101074,21898,64635.0,13.905300823832903,26.027835546312588,143.04820591785986
37051,2023,336749,84616,58780.0,17.220636856198222,27.189541860675696,516.0382244861056
37053,2023,29612,6554,91548.0,7.637426105863968,29.28742543097374,113.06173876522469
37055,2023,37534,6802,81214.0,7.541764831869779,42.80952882152756,97.94143971359162
37057,2023,171063,37280,62426.0,13.825645516294701,20.722272840221983,309.2368098514402
37059,2023,43526,9150,73234.0,9.980086139026536,26.769804766652726,165.05940485174384
37061,2023,49053,11634,51880.0,17.890822427218374,17.49871798739103,60.20841516103692
37063,2023,329405,66350,79501.0,12.00928821912615,53.54261071342571,1145.569246071077
37065,2023,48777,11184,48480.0,21.880071574216636,16.72666115897557,96.50479981639614
37067,2023,386740,88214,65541.0,14.695191939803594,36.872520766883795,948.2221753649554
37069,2023,71962,15744,71386.0,10.090728664587468,24.39392735076703,146.32311377342913
37071,2023,231485,52227,65472.0,12.761116674572639,25.96811075485298,650.6938842055258
37073,2023,10437,2035,61612.0,11.838249658136354,10.788985967699233,30.641903397414065
37075,2023,8041,1479,49038.0,8.702270709120894,16.750302820557188,27.540689390618148
37077,2023,61439,12647,70975.0,14.058336839152993,24.03470715835141,115.48879586308792
37079,2023,20421,3864,50904.0,22.35618908107499,12.220924641066153,76.55941874676645
37081,2023,542987,120325,66027.0,15.221946634288827,38.10167831272663,840.5631753305056
37083,2023,48219,10251,45071.0,25.15527950310559,15.457312654007826,66.62493885908988
37085,2023,136503,34991,69012.0,14.535520766101797,23.92306752147198,229.3913616304746
37087,2023,62432,11135,61001.0,11.277829989953657,29.401807063204892,112.78271551412675
37089,2023,117387,22278,67623.0,11.672688702430948,35.06130276946962,314.75517969041175
37091,2023,20492,3878,47472.0,21.41513995594477,16.746143057503506,58.02403415976713
37093,2023,53102,14432,60095.0,17.360228104650716,21.316049526245422,136.10557909333005
37095,2023,4625,845,47338.0,22.421972534332085,13.718018508437671,7.552968765820408
37097,2023,191800,43148,78678.0,9.096846574000432,33.331336129418816,333.8921413488337
37099,2023,43089,7186,53479.0,19.31067886914625,30.007137758743756,87.73798130765002
37101,2023,226623,56952,79838.0,11.190481505457955,27.630389005142288,286.1332872064938
37103,2023,9245,1700,55659.0,21.26820720622057,17.85092807424594,19.613126050134927
37105,2023,64565,15422,63060.0,15.465693246104737,21.613846013334552,253.12857747737857
37107,2023,54917,12460,44795.0,22.460230542201103,15.811685758473354,137.6065870349072
37109,2023,90359,18769,78490.0,9.04571454106712,27.02694408641748,305.4247634757155
37111,2023,44679,8818,55527.0,13.976509679950158,17.55690161527166,101.55379880623883
37113,2023,37533,6777,53298.0,14.396698227725176,24.562274048344793,72.79974397020743
37115,2023,21640,3794,58628.0,11.443695861405196,31.4703080342966,48.1300668349588
37117,2023,21773,4422,46793.0,19.642438177467035,15.149225538345295,47.704705397754665
37119,2023,1130906,260863,83765.0,10.410459324599264,48.608483277415345,2159.8333104154253
37121,2023,14973,2678,58089.0,12.95610425240055,23.09619686800895,67.67427039877786
37123,2023,25874,5393,55849.0,16.086765469580154,19.306532123879556,52.63896715811831
37125,2023,102840,22375,82837.0,9.960462587723635,40.91314452491622,147.41634366184263
37127,2023,95451,21089,60704.0,14.03261009115419,21.72325721153846,176.61589359859673
37129,2023,231214,42172,72892.0,12.370873381620443,44.76682844481958,1202.642323996775
37131,2023,17212,3085,47935.0,19.978277921921197,19.043959422071936,32.06946022991932
37133,2023,208537,50771,64568.0,11.716700356973893,26.057347036244316,273.6400795186888
37135,2023,147292,28511,88553.0,12.428264516318903,61.82293732380023,370.5104920787447
37137,2023,12315,1752,61624.0,12.367707513338582,25.376782077393074,36.595694099817244
37139,2023,40830,8822,63912.0,10.032506684842447,26.855489677834132,179.96456245206676
37141,2023,63475,14269,76838.0,10.693008727015103,29.825897958726387,72.8512468782136
37143,2023,13146,2469,61224.0,11.388063114566659,20.405654578979718,53.18542073770193
37145,2023,39275,8133,64927.0,18.446601941747574,19.832142857142856,100.10450119794056
37147,2023,172279,37050,58851.0,19.403065955371442,33.86605783866058,264.08335198339586
37149,2023,19689,3066,61005.0,13.656091763976438,32.905049466786586,82.83583031465751
37151,2023,145322,32564,59047.0,14.764965150365208,17.630138073321692,185.75442202435278
37153,2023,42818,10111,43626.0,25.168139892390467,16.186184119994497,90.39264158551285
37155,2023,116858,29838,40318.0,28.774682651622,14.559300409334963,123.35967148565125
37157,2023,91585,18732,55796.0,16.84814777587921,16.128204353996196,161.91336569773813
37159,2023,148487,33100,63196.0,15.835588375746587,21.52160752992638,290.23474912531026
37161,2023,64850,13138,49771.0,17.597409741760057,20.684160203973228,114.69005388752416
37163,2023,59245,14490,53159.0,20.239554029098567,15.820489573889393,62.63148435930778
37165,2023,34353,7734,43500.0,26.56799029820579,14.811797993655148,107.64241398759165
37167,2023,63557,13803,61631.0,14.249947162203904,19.69853072925999,160.87121595626203
37169,2023,44889,8367,60039.0,11.966276856132717,18.489544155258013,99.90341045659702
37171,2023,71407,15101,56095.0,16.69181924314474,19.401277904867083,134.06139935867108
37173,2023,14065,3100,55429.0,21.050331415252383,21.27310061601643,26.652088394356163
37175,2023,33243,5260,64523.0,14.178156467854377,38.64019112521051,87.861231954921
37177,2023,3376,560,43952.0,20.803698435277383,14.725360342812621,8.639198315151608
37179,2023,244975,63709,99243.0,7.660316830373384,39.02742590708929,387.1671800447896
37181,2023,42361,10188,46943.0,18.954810356358077,18.47496073983598,167.83546490435666
37183,2023,1151009,269263,101763.0,7.931606432353402,56.27691000220144,1379.0963694463649
37185,2023,18751,3391,45279.0,22.237032100410975,19.047619047619047,43.66872228639565
37187,2023,10905,2018,41750.0,24.70654521551319,12.176100628930818,31.470953219243313
37189,2023,54607,6769,51367.0,24.68336211859528,47.66468985414329,174.77595698374088
37191,2023,117606,27905,58082.0,16.912193381655545,21.33420052541638,212.31509129444217
37193,2023,65983,13203,50438.0,16.43180869000294,16.667715082510327,87.54799795137977
37195,2023,78648,18106,51381.0,21.003443187407772,20.26385321778977,213.9650791405268
37197,2023,37419,7754,60321.0,13.642380527865575,15.75186141355184,111.71751611468221
37199,2023,18676,3444,54961.0,14.900501536968127,22.99644128113879,59.74561089215335
38001,2023,2179,475,55417.0,14.535984848484848,20.755925688661115,2.20647726133541
38003,2023,10794,2132,70230.0,11.27686720973599,29.9973418394471,7.23672345512313
38005,2023,5861,1982,68049.0,22.205075445816185,22.105892910559376,4.220934712704934
38007,2023,948,167,81250.0,12.964930924548353,32.436260623229465,0.8254330911598553
38009,2023,6390,1424,83460.0,7.550886408404465,27.437388193202146,3.8289656759292883
38011,2023,2935,715,83773.0,9.500523925951798,27.277252364360375,2.52623279730145
38013,2023,2163,571,96339.0,5.131761442441054,23.533333333333335,1.9599155143215188
38015,2023,98986,23253,84948.0,8.212789253153097,38.72184389732845,60.627404767825446
38017,2023,189286,42366,75023.0,10.341858919172216,43.284920508544175,107.24814228286027
38019,2023,3663,849,67064.0,7.679324894514767,22.217883639203436,2.4598337950138505
38021,2023,4959,1181,63125.0,10.775492716366752,27.060653188180407,4.382704974754595
38023,2023,2174,495,89297.0,7.275320970042796,20.357370772176132,1.7238508321901784
38025,2023,4043,1030,94688.0,7.247106190236538,20.55084745762712,2.012953001555396
38027,2023,2319,464,55389.0,12.759242560865644,28.19358469330332,3.6795564857141496
38029,2023,3269,610,67368.0,8.409162221524944,20.69663831510733,2.167195593214271
38031,2023,3372,737,83412.0,9.11863372979567,27.217984745082298,5.317940953822861
38033,2023,1679,370,76528.0,18.006042296072508,18.04757998359311,1.6775153988719982
38035,2023,72764,15456,68450.0,13.902146224343396,37.16070808746963,50.663370989921496
38037,2023,2276,504,56750.0,17.443946188340806,21.2316715542522,1.3717181372356988
38039,2023,2340,538,64737.0,10.097431355181577,27.353463587921844,3.301890120434326
38041,2023,2453,464,70827.0,9.299307958477508,18.732782369146005,2.166503715205005
38043,2023,2374,565,61850.0,10.340425531914892,21.25075895567699,1.7571362380112832
38045,2023,4107,958,70263.0,10.804020100502512,24.205801104972377,3.583753997582907
38047,2023,1848,375,61339.0,11.467116357504215,26.222222222222225,1.8617790265756866
38049,2023,5264,1253,80614.0,9.828813233314099,20.887096774193548,2.809051720917723
38051,2023,2512,461,64236.0,15.448504983388705,17.002012072434606,2.5775655345011046
38053,2023,14280,4461,88289.0,12.804834696054035,22.79601209812927,5.1736637328708435
38055,2023,9807,2108,81847.0,8.34887093432774,23.86744966442953,4.647268219452279
38057,2023,8341,1935,79405.0,10.654732712113782,22.567043346264125,7.99880320028846
38059,2023,33479,7913,79483.0,7.009245979677154,29.256657125509584,17.38366924764057
38061,2023,9567,2731,81292.0,13.157059756742465,22.36626189694782,5.24172361591814
38063,2023,3015,619,68051.0,9.955063947459385,28.15405046480744,3.070843285140276
38065,2023,1821,476,76953.0,4.725274725274725,20.46362909672262,2.5207501619592363
38067,2023,6787,1454,66884.0,8.702220879286902,22.929806714140387,6.067758273098294
38069,2023,3961,852,63214.0,12.17459900078885,27.911931818181817,3.8898736601246213
38071,2023,11563,2701,61319.0,16.260162601626014,27.64513696908771,9.754784805043501
38073,2023,5662,1282,74521.0,10.882730776289227,20.956256358087487,6.564850800953538
38075,2023,2277,517,76311.0,7.142857142857142,22.038216560509554,2.5956290382151375
38077,2023,16550,3623,72524.0,10.369690613529103,24.981371087928466,11.527686647525831
38079,2023,12065,3951,57355.0,25.077293026451393,16.568462401795735,13.360397412301975
38081,2023,3822,781,77697.0,7.871720116618077,19.086987778576564,4.452039236653492
38083,2023,1327,223,67361.0,8.547655068078669,20.251937984496124,1.3649089820679554
38085,2023,3789,1311,41676.0,42.74193548387097,11.170212765957446,3.4632723124677804
38087,2023,795,141,62500.0,6.415094339622642,22.778675282714055,0.6541788450904495
38089,2023,33116,9177,80744.0,10.993040019885658,27.166736901250175,24.80760918501805
38091,2023,1731,364,80313.0,13.287117273252456,29.579698651863602,2.430691588627565
38093,2023,21525,4523,60172.0,12.430146503549313,24.4258872651357,9.687637269657015
38095,2023,2113,528,63017.0,11.510441962117532,18.91174518911745,2.061236175914265
38097,2023,7980,1777,88289.0,6.946473635276929,31.21429887599042,9.25892621981712
38099,2023,10488,2463,69976.0,10.503303536727556,19.538651654537965,8.183475901738989
38101,2023,69232,16748,79273.0,7.787030999940726,29.66397335193896,34.39197070284169
38103,2023,3942,923,61346.0,10.511289903970932,22.250546249089584,3.10263487843291
38105,2023,39368,11815,90224.0,8.758936378130947,23.743662543094707,18.94878706199461
39001,2023,27510,6601,49521.0,20.329224182475826,14.25149063032368,47.11649128576126
39003,2023,101685,23993,62001.0,13.10514797619291,19.93422014325391,252.60529878647108
39005,2023,52296,11809,64991.0,13.778689171070274,22.06422528940338,123.63529762214353
39007,2023,97343,21359,55507.0,18.267709848299877,15.970845481049562,138.58292154090802
39009,2023,61573,9160,53837.0,22.11004917880672,35.42646532992271,122.25524826116913
39011,2023,46209,11013,76454.0,7.473520317536895,20.75573292791081,115.12302310980897
39013,2023,65982,12421,58411.0,14.271237151543422,18.71861113981606,123.99671506989874
39015,2023,43710,10012,69990.0,17.41089051433879,15.778105056455571,89.28735575832971
39017,2023,389910,91862,81194.0,11.723124263108083,32.53044149109621,835.7912697528059
39019,2023,26731,5501,64675.0,12.462411023562103,14.030625486633792,67.73995722380465
39021,2023,38772,8611,74239.0,8.199984286200666,19.107417441605037,90.38246805772805
39023,2023,135445,30623,60846.0,15.572133280876436,18.535855509244417,342.1373702570735
39025,2023,209862,47030,83178.0,8.837487172322087,31.392009604300107,463.72193742266217
39027,2023,42014,9615,68125.0,14.774987110554614,20.055207559188872,102.79132241009368
39029,2023,101203,20509,58474.0,13.853438049658445,16.035327681996257,190.26088656688918
39031,2023,36679,8860,54687.0,18.78986190449781,16.747890169975037,65.0439519711444
39033,2023,41767,9168,55477.0,13.20428115171758,15.503928705057996,103.95334829984121
39035,2023,1249418,257627,62823.0,16.204236293851142,35.91746048190845,2732.694532721216
39037,2023,51655,12263,64654.0,11.222267992702879,16.48317524841915,86.36486753095626
39039,2023,38258,8689,73615.0,9.970071081182192,20.116972389958605,92.98583751175751
39041,2023,221160,55874,130088.0,5.046165390141013,58.03664157372776,499.06802724158626
39043,2023,74938,14981,68431.0,12.526810197377353,27.925007827031806,298.2155932635064
39045,2023,161289,38598,87069.0,8.18806597158323,31.90876175362755,319.7862658987043
39047,2023,28880,6843,60047.0,16.041401723894307,13.841722255912675,71.0698123097443
39049,2023,1321635,308924,73795.0,14.536010351466974,41.970529400163414,2482.3072675434146
39051,2023,42434,9849,72866.0,8.677410126823688,18.83766167286626,104.65979523834189
39053,2023,29162,6895,56455.0,14.806106334444639,17.901265695123797,62.50830600390115
39055,2023,95479,21413,100783.0,5.809216443574415,38.724294703881014,238.4411757360837
39057,2023,168531,34894,85218.0,9.777422017039285,41.286985092364425,407.44385078451756
39059,2023,38283,8494,55756.0,15.771244249378668,15.349493299677047,73.30509610487093
39061,2023,827878,191180,70816.0,14.857191580648788,41.35964450660307,2041.8543163959414
39063,2023,74885,16390,69699.0,10.27127003699137,29.732306135948015,140.9408983629513
39065,2023,30527,7086,58001.0,18.189198729262266,18.878484554945647,64.91170247828444
39067,2023,14408,3027,53851.0,14.56447963800905,12.981414063996935,35.81130959334478
39069,2023,27581,6478,79267.0,8.429569694740714,18.668899120971115,66.29888704598447
39071,2023,43403,10393,62008.0,14.420289855072463,15.603076092822448,78.47451743315663
39073,2023,27938,6052,61366.0,17.087554269175108,14.355562276324413,66.30607880877847
39075,2023,44312,13513,74774.0,8.807706455766047,10.95434429019934,104.85218189648238
39077,2023,58412,13928,65972.0,11.95559942507836,16.94463980709334,118.66496831849311
39079,2023,32588,7650,58409.0,17.663951056590818,16.61461586508432,77.53324926839713
39081,2023,64855,12603,56983.0,16.93147884962394,20.55668939163663,158.9100371455734
39083,2023,62888,14448,73988.0,11.040102792993846,24.345291155708676,119.67292040517678
39085,2023,232101,45377,77952.0,8.179154531044631,30.52761215680934,1011.7962466487935
39087,2023,57385,12539,54842.0,17.52132215026365,18.57783472133248,126.56790025430477
39089,2023,180311,41460,81033.0,10.134326750245236,29.280838615309605,264.220202307353
39091,2023,46140,10592,69183.0,11.2948080670944,18.297264569814015,100.63139987568293
39093,2023,314588,68391,70693.0,12.78648974668275,27.89533178679572,641.3148066604693
39095,2023,428748,98309,60095.0,17.811878875696493,28.500270264722584,1262.2783826274356
39097,2023,44126,8866,83229.0,9.6857041143264,22.351102079099576,94.55139193636863
39099,2023,227063,46153,55576.0,18.278874589637613,26.360599666578494,551.8108713033462
39101,2023,65145,13873,57306.0,15.346792193190018,13.698391625133304,161.3270696149398
39103,2023,183049,39655,92660.0,6.134763106560719,36.24683022329101,434.323230310019
39105,2023,22072,4591,46701.0,22.04422695166428,11.781427668982944,51.318059437063766
39107,2023,42438,11101,78036.0,6.136811260027862,22.156245528687936,91.76835399516052
39109,2023,109549,25241,74175.0,8.618622496034236,24.92350925111289,269.4395458715483
39111,2023,13308,2734,58962.0,15.133125995600395,10.733229329173168,29.20194942980714
39113,2023,535528,119111,64403.0,14.898581041572992,30.52112013785643,1160.7821376782535
39115,2023,13758,2916,55971.0,14.286768504169434,14.203104392817286,33.03828291221009
39117,2023,35214,7773,71047.0,10.870565234891611,18.195687959208254,86.70537310345846
39119,2023,86382,19617,59203.0,15.638418079096045,20.324214792299898,129.98648701519534
39121,2023,14252,2608,55360.0,11.675972997749813,13.745767365242061,35.80796558897722
39123,2023,40161,7114,75728.0,8.35229858898498,28.536345776031435,157.67838493612143
39125,2023,18800,4468,68167.0,9.59530728662146,15.733969671310907,45.14510067597584
39127,2023,35474,8373,64737.0,14.69823026560311,15.038481899254794,86.96014551373506
39129,2023,59407,12734,72927.0,12.097900829145273,21.256980550741382,118.53118459355977
39131,2023,27080,6398,49552.0,19.920453266293947,14.556996072946365,61.50603476862557
39133,2023,161421,29671,72822.0,11.399222618051095,31.521101856591134,331.1825000820668
39135,2023,40802,9124,71237.0,11.248919085855466,17.897638069985696,96.17986639197032
39137,2023,34352,8738,82785.0,7.139705233430411,26.299322092821136,71.1893630425412
39139,2023,125138,27352,57649.0,13.94035016286645,17.881391713167414,252.68816118668815
39141,2023,76748,16288,59819.0,16.802349979018043,17.10579280565009,111.36359019452497
39143,2023,58770,12808,62500.0,13.24198543277798,19.105330101514316,143.95731985126616
39145,2023,73118,15893,49571.0,22.365745381641126,17.951033710953606,119.83689149810046
39147,2023,54861,11863,65020.0,11.911996615254433,20.712358337830544,99.56154519024511
39149,2023,48007,11842,72822.0,11.10478720040473,20.611946337971176,117.75253008383739
39151,2023,373764,80875,65740.0,12.743562930803218,24.98283255253239,649.7904232737085
39153,2023,538087,112046,71016.0,12.649193998030592,35.286154457287864,1303.5274338469887
39155,2023,201367,41530,55088.0,16.789371544966734,20.293488272241884,326.05869046713053
39157,2023,92585,21522,64494.0,12.972878275246636,19.591836734693878,163.1266903350277
39159,2023,65293,15847,109506.0,5.063999105131114,39.10229035085748,151.24238205651466
39161,2023,28824,6682,65344.0,9.516786065458632,16.996542566518013,70.44849077355494
39163,2023,12686,2759,53813.0,16.71749598715891,15.118356409111211,30.76438063827723
39165,2023,246364,59205,107843.0,5.420587230283281,45.68689524422743,613.7358407840227
39167,2023,59318,11790,61355.0,12.887501084222396,20.702693816200473,93.8614563257349
39169,2023,116618,28100,71769.0,8.73464734540467,24.715299017374896,210.2024373230183
39171,2023,36862,8216,61834.0,11.939044204157096,14.234352650094714,87.62896400893833
39173,2023,131795,26882,73124.0,12.039860250913133,37.364549458197835,213.5483588720719
39175,2023,21699,4913,71878.0,7.48502994011976,20.675853018372703,53.3303512837969
40001,2023,19595,5172,48028.0,21.549259162984143,11.802457540893792,34.144709443246946
40003,2023,5685,1087,67870.0,13.99332591768632,20.70474435743897,6.560384968236658
40005,2023,14255,3078,52034.0,17.634190171107118,15.326162044804107,14.613723059952658
40007,2023,5041,1275,64266.0,9.775349119611414,22.973778307508937,2.7776599220756464
40009,2023,22202,5253,52323.0,23.170992203353627,13.2888389612106,24.623062633432223
40011,2023,8603,2091,59304.0,15.284015852047556,17.985012489592005,9.265851197085937
40013,2023,47237,11126,54280.0,17.38647984160484,24.38776482546136,52.233211108997864
40015,2023,26626,6169,52817.0,18.98673866433733,15.46930911092761,20.838126900796244
40017,2023,162621,42105,85427.0,8.56943886769725,31.754657665093244,181.38065723594175
40019,2023,48255,12119,58856.0,15.088207985143917,20.003097893432468,58.682891058140505
40021,2023,47621,10095,53668.0,19.34142944197789,29.41694959519457,63.56866058759063
40023,2023,14299,3527,45456.0,22.010521825678943,15.241329628486158,18.560897631437868
40025,2023,2247,553,57204.0,10.493273542600896,31.66123778501629,1.2246512986644924
40027,2023,297545,61779,74446.0,12.801673017677565,35.62315944742885,552.1462715814789
40029,2023,5275,1268,48162.0,21.3039309683605,16.830294530154276,10.207596386801141
40031,2023,121699,29083,59000.0,17.748480514837325,24.170773011446833,113.80949798096366
40033,2023,5475,1242,60313.0,22.875209224474613,20.945945945945947,8.654251964396645
40035,2023,14215,3203,50182.0,19.525204717902486,14.871949989917322,18.673112163466907
40037,2023,72353,16936,61849.0,13.909024499887614,18.40109712810584,76.16955154996242
40039,2023,28332,7094,57562.0,16.458815622432976,33.32532003125188,28.653521160946987
40041,2023,41017,8170,55114.0,18.591012570523606,19.21295524974176,55.59712316029462
40043,2023,4433,1221,60550.0,14.423740510697034,19.76825842696629,4.434649689684562
40045,2023,3717,840,56992.0,13.842351002471847,19.97690531177829,3.018326773459837
40047,2023,62322,16216,67302.0,12.694696290392216,22.301160977300295,58.87726769874927
40049,2023,25779,6451,57127.0,15.336333491236381,17.682750650101127,32.137581110647076
40051,2023,55868,13106,75730.0,12.317938959232965,21.93985041609607,50.764170316390135
40053,2023,4137,966,61824.0,13.490683229813666,22.73676880222841,4.133940883746028
40055,2023,5498,1117,60183.0,14.6875,15.257214554579674,8.600233072886116
40057,2023,2452,574,54286.0,16.962025316455694,16.266822703335286,4.563915288371694
40059,2023,3231,778,59191.0,15.936507936507937,26.642335766423358,3.1109664697318653
40061,2023,11667,2747,49930.0,19.982668977469668,15.22741433021807,20.229745545970783
40063,2023,13411,2900,47923.0,20.90299584146652,15.10299925285516,16.670540838536535
40065,2023,24730,6204,61497.0,15.970680628272252,24.198617221873036,30.810325258860303
40067,2023,5377,1347,48750.0,22.776821572002294,15.736179529282978,7.084732184737982
40069,2023,10334,2442,50911.0,21.939860281461982,21.342890579286134,16.07029002410388
40071,2023,43731,10901,56673.0,15.541461122856473,18.523374159047783,47.5538543513011
40073,2023,15288,4092,70617.0,11.70241108298921,22.820694542877394,17.022868633961558
40075,2023,8458,2074,42063.0,25.015113045580943,18.424657534246574,8.33236460646374
40077,2023,9495,2092,41048.0,19.18138922418523,10.409320864632837,13.14902085148046
40079,2023,48728,11871,50027.0,19.98215310089872,14.827828531271962,30.657859222241168
40081,2023,33917,7982,59425.0,16.480889340465588,15.47237533649532,35.61322215817155
40083,2023,50905,11370,82735.0,13.676166538290024,30.457623161335512,68.44498585519592
40085,2023,10196,2476,62940.0,14.779936558287075,15.969082689222692,19.83989539105765
40087,2023,43779,11084,84778.0,7.807255506000275,28.043626448534425,76.7086371903462
40089,2023,30825,8059,50175.0,21.08944050433412,15.516477020836412,16.655175991043755
40091,2023,19237,3828,46203.0,20.896471336229734,14.442477876106194,31.113734877401825
40093,2023,7656,1954,69229.0,11.404561824729893,17.960046100653095,8.01675392670157
40095,2023,15628,3616,56495.0,16.519709543568464,16.936903548596312,42.06842714474145
40097,2023,39406,9230,57279.0,17.603691387621478,16.458687144650373,60.13190381581075
40099,2023,13807,3144,61904.0,12.801442416046878,17.798643714136674,33.160012008405886
40101,2023,66471,16247,51999.0,20.28612531969309,19.029117441098737,81.99817428204875
40103,2023,10909,2522,70071.0,11.471556182416549,20.278330019880716,14.908891625245486
40105,2023,9392,2156,52679.0,16.38564634673584,16.444239914097253,16.599006392526206
40107,2023,11304,2545,45441.0,27.376648754274548,13.100824350031706,18.277716514298465
40109,2023,800487,204256,65374.0,15.713025925435065,35.09476706410888,1129.2007160419637
40111,2023,36922,8737,53123.0,17.621368797723367,17.29945876080459,52.93909323055791
40113,2023,45963,9769,60482.0,12.637027326356712,21.498321635642355,20.45816897985563
40115,2023,30360,7674,48656.0,20.713160238405152,14.968963060954513,64.48365288424165
40117,2023,15689,3671,57551.0,17.004599339249854,16.3199558173785,27.60432336945525
40119,2023,82290,15336,48937.0,23.86896551724138,40.10511014201051,120.1487514253885
40121,2023,43629,9974,54787.0,18.239115210934294,19.707885127800257,33.4190723639461
40123,2023,38158,9511,62564.0,12.556478450258378,29.73240832507433,52.97125159470426
40125,2023,73011,17003,60828.0,15.682119587153318,20.998561742346414,92.67789888968295
40127,2023,10787,2329,44634.0,23.673777609967907,14.337521046496567,7.729629913603275
40129,2023,3378,827,62721.0,15.428230378991344,23.87483926275182,2.960210667449513
40131,2023,97235,22566,77688.0,9.562821493300367,25.602355072463766,143.89261069601494
40133,2023,23550,5737,46191.0,22.442969539800448,15.120954873300569,37.21443256286553
40135,2023,39676,9482,49795.0,20.31206180047421,15.150281314776429,58.90352387852299
40137,2023,43314,9976,60236.0,17.53182693662799,19.490428955313007,49.77407804075329
40139,2023,20880,6085,59275.0,18.526490876180226,24.417042131056835,10.228810856648213
40141,2023,6967,1682,47445.0,17.17755071819932,17.2789406236651,7.997621491067964
40143,2023,673708,169924,67317.0,14.658055709490425,33.715839460438076,1181.4443366927317
40145,2023,84339,20094,78520.0,9.312630636010748,26.859833142936267,150.0918286719011
40147,2023,52895,12697,61205.0,14.629651185349008,30.45805570269592,127.29709956584938
40149,2023,10857,2615,61980.0,12.622826908541192,20.38079914186109,10.823566004611754
40151,2023,8619,1795,50512.0,19.0643732082356,32.53079507278835,6.699666221525058
40153,2023,20260,5066,65060.0,11.06534164049225,21.61945093457944,16.302082578979807
41001,2023,16796,3399,57844.0,13.785504407443682,26.972477064220186,5.474635157418577
41003,2023,96359,15175,76011.0,19.203966912942164,54.356895333580056,142.71009822158507
41005,2023,422308,89014,100360.0,7.48379774241391,39.688363844129086,225.74744348402479
41007,2023,41343,7521,68705.0,12.323271855584366,26.298523783488243,49.916751082718875
41009,2023,53178,10878,86359.0,8.724154359218675,19.174285788287705,80.73370538831975
41011,2023,64832,11599,60313.0,15.595077386745363,21.6918897943345,40.620434023122165
41013,2023,25651,5009,81675.0,9.694856829488034,22.52563297761038,8.610812812255679
41015,2023,23463,3342,64769.0,13.29094892392285,24.18321088010005,14.408772383401201
41017,2023,203026,39276,87640.0,9.332942660482118,43.36590647897803,67.28039740059185
41019,2023,111807,21415,58983.0,15.641345857993521,18.946672278001564,22.202981725389346
41021,2023,2002,380,64219.0,12.627291242362526,20.9472981987992,1.6617955526632306
41023,2023,7238,1240,59800.0,15.213068181818182,19.65235899255055,1.5985716658362397
41025,2023,7515,1377,48338.0,12.78848764594081,15.632307969059184,0.7415310054686801
41027,2023,23958,5312,82095.0,5.492472032971654,39.38177679266758,45.88020360561179
41029,2023,222563,45454,71443.0,12.43185140988445,30.58352103737073,79.96509119547925
41031,2023,24973,5705,73051.0,11.745779709175999,20.022988505747126,14.01642030963756
41033,2023,88069,16988,59097.0,15.786747098913242,19.713916153085293,53.7448837426441
41035,2023,69812,15147,59353.0,18.306257083902466,21.512216864540704,11.733312358180319
41037,2023,8254,1558,61222.0,17.83497154681842,20.85909534656687,1.014178096751165
41039,2023,382628,68035,69311.0,15.275684400688409,33.43287608613383,84.0185046766732
41041,2023,50632,8093,61314.0,15.736344412081554,28.810860003033522,51.61353458724565
41043,2023,129794,28795,73396.0,12.797742033573217,20.774516476037846,56.690782473789135
41045,2023,31701,7982,49902.0,17.842559386429002,15.457794089240872,3.206102284382011
41047,2023,346532,82870,74624.0,13.125033400431088,25.9823275862069,293.46228108803905
41049,2023,12249,3399,70217.0,14.179165642160479,9.788741634956043,6.0324181531019745
41051,2023,803863,144089,86247.0,12.524423182364405,48.61830742659758,1865.0291518471342
41053,2023,88553,19562,81318.0,12.241852070389783,30.632082426154188,119.51698149877721
41055,2023,1908,359,59500.0,17.872117400419288,16.129032258064516,2.316619192971465
41057,2023,27471,4970,66551.0,11.995797531049492,25.09639643928214,24.901580245525903
41059,2023,80087,19896,68958.0,12.596711164730257,17.99281265875181,24.906933710678132
41061,2023,26192,5795,64212.0,15.80850898343315,24.91315984283355,12.858497128782817
41063,2023,7532,1510,65559.0,7.803895231699127,36.93262411347518,2.394229690291831
41065,2023,26603,5753,63602.0,12.153378716203223,21.77860366339262,11.172398384636576
41067,2023,600266,132026,104434.0,7.980533806871687,46.68987391468838,828.7853182229879
41069,2023,1434,217,51250.0,10.021171489061398,20.397579948141743,0.8356541091280352
41071,2023,108122,23154,87084.0,10.395423055966374,29.242266859123962,151.02082434167062
42001,2023,105183,20759,81071.0,8.374516225066984,24.765906849166992,202.78469152273118
42003,2023,1240476,232290,76393.0,11.214604696498016,44.77672598062349,1699.382292381606
42005,2023,65069,12385,64295.0,11.2656380964207,18.857731958762887,99.59728831615699
42007,2023,166993,32535,70156.0,10.093352089004183,28.295204754538794,384.1613085036635
42009,2023,47503,9258,60302.0,10.97779293295256,16.34775136064165,46.94027992426788
42011,2023,429989,95121,77684.0,11.689423478123247,27.16939162140192,502.0872182839154
42013,2023,121854,24690,60594.0,13.023680958748752,24.08435836240132,232.0732401769679
42015,2023,59971,13290,62482.0,13.447874297480212,21.209129586535973,52.267957496060575
42017,2023,645993,129878,111951.0,6.0722244891553405,43.94964001012003,1068.8753687742712
42019,2023,195870,38155,86775.0,7.959444858224847,38.63873973187298,248.09938668646024
42021,2023,132355,25484,56292.0,14.161705366132088,22.991992107555546,192.38679987150473
42023,2023,4475,728,47681.0,16.032425129475346,11.251073575722874,11.293859925851708
42025,2023,65191,12454,67877.0,12.048400225408553,18.34253226542723,170.94525849862072
42027,2023,158041,23339,72748.0,16.9083844729293,46.49672384975852,142.731736657819
42029,2023,540896,120700,123041.0,5.9366116653802905,56.58162386723207,720.6690586998549
42031,2023,37297,7064,60668.0,13.927685316829752,23.28707718993929,62.07517525581024
42033,2023,78902,14518,60181.0,13.779665587918016,20.057063279100575,68.90643285068032
42035,2023,37707,7619,58842.0,14.19412140220378,21.29003878913904,42.38503647583827
42037,2023,65055,11493,61992.0,15.70630905012199,24.877959760937998,134.61725492955122
42039,2023,83189,17162,60254.0,12.823524953579144,21.224073444406663,82.17374340028942
42041,2023,264422,54128,85634.0,7.750972205084524,39.562941908555835,484.74926762019646
42043,2023,287484,64533,74159.0,12.286633890991405,34.28962364863849,547.7241983729305
42045,2023,576195,127359,88576.0,10.170588648940065,41.596937074080955,3134.7144621377392
42047,2023,30703,5828,64103.0,9.086712825585229,19.944622687118184,37.130200592332095
42049,2023,269544,56338,61476.0,15.419019246966343,29.627087009455565,337.39349431281227
42051,2023,126967,24555,56093.0,17.44788695666346,18.930379611629743,160.56366170181016
42053,2023,6785,247,50061.0,14.695177434030937,12.1049092131809,15.880297430832352
42055,2023,156626,34639,74946.0,7.7597862581592585,23.952404650952356,202.80539740540232
42057,2023,14545,2882,64798.0,11.71993911719939,17.121354656632175,33.241839237026085
42059,2023,35265,6740,66870.0,12.539410020290306,21.102113371518865,61.23118701513373
42061,2023,43844,7839,65429.0,11.039679070126262,18.189814960258868,50.13080384910907
42063,2023,83213,15044,58739.0,12.803580129766882,26.918557685246387,100.57239960647527
42065,2023,44099,9447,56898.0,15.258237689744538,17.491109982219967,67.59099318097171
42067,2023,23419,5214,63923.0,9.991349480968859,14.998478856099787,59.83530535960203
42069,2023,215834,44299,64691.0,14.042506162576702,30.135799470979347,470.34339683494375
42071,2023,555151,129093,83703.0,8.703083351676707,30.975160116332663,588.1310359732352
42073,2023,85423,17157,60779.0,11.58631976702207,22.77950234848608,239.01899885279389
42075,2023,143592,32573,76350.0,10.575190872437162,23.952162284906898,396.8438652977186
42077,2023,375408,84544,77493.0,11.85161924526241,33.378350583477896,1087.06466941371
42079,2023,325978,66051,62321.0,15.433803595775583,24.985028972707493,366.34685948750683
42081,2023,113570,23423,64412.0,12.518839662839811,24.79902984234938,92.41447775282361
42083,2023,40149,7858,61705.0,13.722452250567652,20.347576753619133,40.98116350615601
42085,2023,109852,20941,60614.0,12.7518081646522,25.075908680904046,163.33946929392837
42087,2023,46074,10465,61415.0,16.04059342457273,13.242164536988335,112.09209876483139
42089,2023,167784,32451,82374.0,11.264683040481506,27.879709043534906,275.7967719824249
42091,2023,861225,184976,111521.0,6.506776751682581,52.25262430484715,1783.1779067937687
42093,2023,18079,3662,72926.0,8.76866755767331,36.629705061476955,138.7160383945493
42095,2023,315927,61502,86687.0,8.762466823824203,33.76766098122317,854.3485844553757
42097,2023,90925,17994,57948.0,12.243844229754227,19.173231300172557,198.6658742609433
42099,2023,45988,9686,78824.0,8.037247391361776,18.603530333152598,83.3948379632568
42101,2023,1582432,338722,60698.0,22.003358368324463,34.639278069439996,11777.903480306053
42103,2023,59691,10325,79318.0,9.267492772978548,28.8707182320442,109.54587581093605
42105,2023,16276,3294,59840.0,11.732052641427057,17.076239201543235,15.052961898693086
42107,2023,143259,28528,66901.0,12.525061138161227,19.120554307978736,184.00059595750722
42109,2023,39711,8194,68435.0,8.56916952941818,21.422412177107937,120.78142488685582
42111,2023,73255,13353,59378.0,11.182577132486388,17.285006917643635,68.14120684956099
42113,2023,5849,595,64758.0,11.01047771266205,19.749794913863823,12.99953993763599
42115,2023,38349,7212,66930.0,10.935562999498853,19.767157291193232,46.568645308891135
42117,2023,41078,8111,62932.0,11.842170650499428,21.475142624286878,36.22743612266424
42119,2023,42570,7451,72894.0,9.663396581096164,26.424799396474864,134.73437673086357
42121,2023,50096,9582,61626.0,12.812939235297712,19.652744181046067,74.2971976893358
42123,2023,38174,7485,59013.0,11.394498839473895,19.468900880431693,43.169486656971415
42125,2023,209778,41255,77487.0,9.355720918399795,32.7851814821149,244.77894073581405
42127,2023,51189,8515,62182.0,12.19690330119778,21.58681875792142,70.5307060510989
42129,2023,353345,64731,72468.0,10.015847311585857,31.843783350613936,343.8178085257514
42131,2023,26075,5038,70268.0,11.363996200126662,21.501488728200766,65.63744468330405
42133,2023,459312,101030,82238.0,8.562837816831662,27.210759770675093,507.8828704307769
44001,2023,50568,9163,110926.0,6.7849620220846365,51.75320296695887,2095.4748881153655
44003,2023,170658,31235,91278.0,7.391769707936395,34.29654155159428,1012.3985572587916
44005,2023,85095,13899,100859.0,8.617116509497592,53.04806289130537,830.7543614726011
44007,2023,658977,133818,78204.0,13.0224128652379,32.20101195450351,1609.2941814292203
44009,2023,130073,20365,102478.0,7.980622748119908,50.480816567658934,395.02367293389494
45001,2023,24352,4780,52112.0,14.10174678056866,19.327146171693734,49.57705188367145
45003,2023,171949,37064,67940.0,13.85326414581388,31.052895318365902,160.59673779849965
45005,2023,7738,1447,31603.0,26.476992306575703,13.332140300644237,18.961271272620344
45007,2023,207218,47118,64683.0,14.38750906631643,26.414671549713947,290.2802389841074
45009,2023,13164,2444,43206.0,21.605037946068144,18.83312842293506,33.46493223885074
45011,2023,20565,4866,41800.0,28.5317322483005,12.842059900883429,37.50143605061463
45013,2023,192123,34196,84819.0,10.484985719894794,44.77623785234512,333.53413584897794
45015,2023,238723,56817,82327.0,10.317311142627684,29.94174417441744,216.28651805007544
45017,2023,14150,2652,56690.0,16.285919540229884,21.765816808309726,37.124296868440936
45019,2023,414711,81498,84320.0,11.6404695681438,49.03468575442352,451.7371867769892
45021,2023,56299,12927,49047.0,18.45995000543419,18.403807146200656,143.2675766736902
45023,2023,32177,7212,51216.0,19.315800994402576,13.743066341246948,55.41443286185916
45025,2023,43575,9663,47620.0,20.16250725478816,13.20087722169487,54.53787675879177
45027,2023,31037,5756,48887.0,18.547489800735022,17.667860142333026,51.11436462359624
45029,2023,38623,8763,48779.0,18.685771797859942,16.66790132602415,36.55798562404045
45031,2023,62754,14052,47419.0,20.29451398697904,19.69942571322712,111.9377826137367
45033,2023,28031,7124,44038.0,29.222734032135218,11.688241639697951,69.19936012007624
45035,2023,164322,39749,76896.0,11.5249564174528,29.9674967093776,289.09112980265974
45037,2023,26508,4573,67092.0,16.43672497331034,21.44129472237773,52.943150225290005
45039,2023,20741,3819,46972.0,16.931734768779055,15.340020844189684,30.221257312710822
45041,2023,136921,32439,56650.0,18.286998999118627,23.646394524038307,171.04327893017532
45043,2023,64200,11099,66734.0,14.413435960397287,32.49164119710365,78.90845758547495
45045,2023,537575,124120,74624.0,11.00230294048737,40.03225841547533,683.9942234408699
45047,2023,69329,15627,50635.0,17.11189477985803,25.565586601762703,152.16942783645447
45049,2023,18555,3833,43059.0,20.02895484158361,11.759793501366534,33.135407830706725
45051,2023,368937,63618,64623.0,12.817194807344764,26.596009839938446,325.5827293433666
45053,2023,30658,5838,63503.0,18.302132620174174,25.927911027736833,46.79653322831665
45055,2023,66924,15557,64343.0,14.065200727458555,22.826672411935796,92.10417664448151
45057,2023,100905,21807,74751.0,12.304952338548096,31.194511149228134,183.74995219824345
45059,2023,67904,14947,55517.0,17.645808342317444,17.86779481755685,95.25426058852163
45061,2023,16330,3079,44145.0,23.2842327762732,12.784960871044573,39.81140171240224
45063,2023,300370,69460,75014.0,11.437315039009954,33.10804972879566,429.71141796041223
45065,2023,9701,1014,55344.0,17.975986277873073,23.076923076923077,27.03056646883446
45067,2023,28900,6494,34501.0,27.318216810133674,13.777557592271489,59.05527901065038
45069,2023,26285,5278,36293.0,26.163326905340824,8.729655463961107,54.77479505036739
45071,2023,38121,8274,59670.0,16.01097647122752,23.480164368831367,60.48014773776546
45073,2023,79566,15402,60193.0,16.380021577711492,28.51701935065157,126.98762299202795
45075,2023,83531,18054,43214.0,23.86278617387401,19.362033562274306,75.49944458454111
45077,2023,132604,24850,59411.0,17.23493057227707,27.31395514926439,266.84267824694075
45079,2023,418725,90813,61699.0,16.892338092483477,41.11678563101246,552.9124213662077
45081,2023,18958,4146,52957.0,19.372398334934356,19.849962490622655,41.876790609420176
45083,2023,338096,79128,64195.0,14.502885008556587,25.737327490924024,418.2399817906969
45085,2023,104853,25055,55990.0,16.35989817897004,23.158454856616906,157.65519232330644
45087,2023,26990,5686,41200.0,22.711711372785075,13.45717234262126,52.55215787065432
45089,2023,30517,6004,43471.0,23.596242834449892,15.368695730417961,32.667641511251745
45091,2023,288559,68920,83060.0,8.887848262603999,38.112301591346984,423.70656427349553
46003,2023,2573,630,74130.0,8.434221146085553,18.673647469458988,3.63182113316207
46005,2023,19279,5482,63082.0,13.79328575204864,26.387992253066493,15.316620825646819
46007,2023,3354,1154,44569.0,31.944444444444443,20.25862068965517,2.8312350904323837
46009,2023,7024,1298,61275.0,11.83920704845815,20.061907525633586,12.463867383315382
46011,2023,34968,7379,67341.0,12.823092887239795,43.96619600020996,44.139421395905416
46013,2023,38079,9089,70239.0,10.581238172479049,33.16831683168317,22.22903276650146
46015,2023,5261,1283,74043.0,10.548025928108427,30.180806675938804,6.437663205346895
46017,2023,1757,637,47000.0,32.494279176201374,6.986899563318777,3.727156054772436
46019,2023,10538,2551,67692.0,7.196387394312068,19.394107068750866,4.683534739845601
46021,2023,1481,310,65000.0,8.451656524678837,29.547471162378,2.018599465432336
46023,2023,9281,2859,64850.0,22.83640424343942,25.12297962052003,8.459259110725057
46025,2023,3876,1130,62885.0,11.122994652406417,16.229956980836917,4.047991043454286
46027,2023,15133,2666,58794.0,19.83125689954266,45.953249560870155,36.72862128721282
46029,2023,28556,6675,65080.0,10.183277687007175,20.87906451943789,41.530865274838746
46031,2023,3859,1372,43750.0,45.19582245430809,19.239793524167055,1.5625417561851793
46033,2023,8686,1202,81958.0,6.5972628377588025,32.14485458612975,5.578881179336688
46035,2023,19936,4722,61401.0,12.365983137295721,24.95730303705354,45.76329157800259
46037,2023,5460,1251,62270.0,13.991384154336018,21.325425477050025,5.308753609660765
46039,2023,4318,1048,79556.0,6.743151486771248,24.141448486909216,6.9338840188265065
46041,2023,5230,1968,57928.0,32.32146331971201,17.28704366499642,2.271566416606149
46043,2023,2823,739,78125.0,13.679941002949853,22.92860865033872,6.5377338171982
46045,2023,4033,974,77266.0,8.541291484435297,29.516806722689076,3.581768770315636
46047,2023,7179,1213,61056.0,19.696969696969695,22.20825852782765,4.126125287302811
46049,2023,2137,530,58000.0,25.555555555555554,18.269896193771626,2.1768072746311806
46051,2023,7544,1650,73818.0,11.19891008174387,25.54368561617703,11.070576391966494
46053,2023,3993,975,52432.0,11.04887983706721,20.947901591895803,3.934183949948273
46055,2023,1708,374,59231.0,8.15347721822542,19.54582319545823,0.9433644418988579
46057,2023,6288,2087,83194.0,6.592325352574615,24.44505343929844,12.401902098343454
46059,2023,3045,742,72054.0,6.613226452905812,26.216867469879517,2.1195392281814494
46061,2023,3473,1022,86375.0,6.190613302620213,21.548974943052393,7.991587318388705
46063,2023,1092,237,74766.0,5.550416281221091,30.354957160342718,0.4087484138540259
46065,2023,17732,4361,78981.0,9.192731605600239,35.94436310395315,23.91281773961029
46067,2023,7393,1949,74459.0,9.983079526226735,25.669418159855045,9.09333553092017
46069,2023,1305,266,74279.0,8.161648177496037,21.11111111111111,1.5163328216920415
46071,2023,2826,957,26686.0,37.450054486015254,11.399276236429433,1.5161895891533963
46073,2023,1845,432,75417.0,10.432852386237514,21.139971139971138,3.5067178831208077
46075,2023,1030,328,64688.0,15.835777126099707,25.347758887171562,1.0622148520324397
46077,2023,5210,1320,70221.0,9.71596474045054,22.2972972972973,6.260235966437445
46079,2023,11052,2174,73792.0,9.358669833729216,34.67082197117258,19.634351943804397
46081,2023,26574,4466,66766.0,11.781184343630846,34.08732246186218,33.21529948640902
46083,2023,68286,18429,96552.0,5.766559276446073,42.50419603893924,118.28655466115127
46085,2023,3717,1051,61169.0,24.591947769314473,25.25817555938038,2.2633099614256964
46087,2023,5732,1624,80847.0,7.402760351317441,28.655439721999464,9.98249754007715
46089,2023,2278,483,62024.0,12.57597007947639,22.439024390243905,2.004103220993289
46091,2023,4355,1036,72500.0,7.861189801699717,22.446190638879397,5.196395097848537
46093,2023,30297,6570,74161.0,7.647942119991809,26.88376168224299,8.728774445149346
46095,2023,2043,646,51364.0,46.19341563786008,16.329830234438155,1.5627497971026023
46097,2023,2299,470,72589.0,10.296762589928058,16.134858518964478,4.032130768016557
46099,2023,200689,51268,76074.0,8.840196448809975,34.565453394047225,248.73426114934665
46101,2023,6371,1713,77500.0,9.92196209587514,30.980945659844743,12.266572194871182
46102,2023,13587,4905,34769.0,52.79381984549614,9.782454144746197,6.489775272365651
46103,2023,112081,24919,70768.0,12.042632374074211,34.05527760986715,40.36387666943368
46105,2023,3058,699,65455.0,11.749087288416861,21.765530126109294,1.0653344760073298
46107,2023,2430,550,71726.0,7.666098807495741,26.628242074927954,2.8218473694111745
46109,2023,10219,2844,63691.0,17.331995987963893,18.274034822104465,9.281098582722933
46111,2023,2370,658,69870.0,11.419887103777683,19.242902208201894,4.1634313701378325
46115,2023,6283,1386,73011.0,9.248461289277616,27.13556689593965,4.178918642446719
46117,2023,3012,649,77000.0,2.058432934926959,25.355341586428242,2.0852487344506354
46119,2023,1481,287,70250.0,7.942973523421588,20.942883046237533,1.4711038841711805
46121,2023,9293,3650,39148.0,48.998796367217416,16.552755232806494,6.692385745859298
46123,2023,5607,1282,58854.0,18.934579439252335,19.911504424778762,3.477664364143153
46125,2023,8772,2215,75283.0,8.516612072999532,26.207930689770077,14.215705340126794
46127,2023,16916,4092,84137.0,7.290357335248698,36.508616993912376,36.71349539996137
46129,2023,5298,1245,62722.0,15.279119180992854,31.053604436229204,7.488815543038073
46135,2023,23379,5018,73855.0,9.363795164107751,27.65202496023492,44.857048019048754
46137,2023,2410,629,47333.0,38.21576763485477,14.067684140676842,1.228809411150451
47001,2023,78175,16716,63171.0,14.845086237286365,26.340476574108884,231.83158069547991
47003,2023,51291,13087,62197.0,13.601855339055282,16.909245321697366,108.29133580638418
47005,2023,15948,3314,50435.0,18.48101265822785,12.436086315971922,40.44574518267539
47007,2023,14905,2391,49655.0,24.972673613641334,8.813646937193074,36.66170628820209
47009,2023,137747,27470,74607.0,8.880271878156124,26.78928628580573,246.49618839697933
47011,2023,109743,24059,63789.0,13.12671775774574,24.6399320350975,333.8068268230513
47013,2023,39568,8076,50260.0,19.168103781112457,13.236475395522648,82.40071638309836
47015,2023,14661,3266,58092.0,16.515088879702354,16.92795998845821,55.19227511434864
47017,2023,28461,6224,50391.0,16.438755788936295,18.85825561135595,47.62088016892604
47019,2023,56462,10082,48435.0,17.965786402100964,20.657276995305164,165.45253151574468
47021,2023,41500,8971,82015.0,8.11423280294354,25.055716890659824,137.19098969249384
47023,2023,17452,3780,60543.0,15.587069606143174,19.157894736842103,61.077358120782826
47025,2023,32221,6118,46587.0,18.175620840772602,17.30353592115501,74.13875620104739
47027,2023,7621,1500,44712.0,21.7345179684392,11.9935460738616,32.22015059464167
47029,2023,36503,7486,48416.0,20.281572344577643,11.645464497376468,83.69656184438306
47031,2023,58940,14325,60656.0,16.144338049476524,22.935412917416517,137.40080752697196
47033,2023,13937,3261,59049.0,14.80616193327006,15.717873587275012,52.48787321864361
47035,2023,62529,10486,58475.0,13.409417424010073,18.4953560371517,91.77814374157867
47037,2023,709846,148110,75664.0,13.918734042645891,47.320545256977894,1409.8876413421071
47039,2023,11499,2346,46190.0,21.602972399150744,15.01616572865525,34.440620703907705
47041,2023,20551,4496,48484.0,21.414771882894932,19.9642267473858,67.50981390535945
47043,2023,55197,12567,73223.0,9.897799465979192,21.356881661868822,112.67016262535748
47045,2023,36681,8754,54973.0,17.881583686587426,21.64277442798387,71.5934974265689
47047,2023,42653,7805,84764.0,10.823116507386942,26.898190115970117,60.58045199922735
47049,2023,18948,3877,50865.0,20.940794809407947,15.270576206821005,38.00187321878754
47051,2023,43478,8541,61553.0,12.71114351683072,23.050745671103996,78.40980203680093
47053,2023,50610,12346,59009.0,13.41138473960436,19.080399674683395,83.96585620784909
47055,2023,30442,6313,61476.0,14.300679214679146,19.23720930232558,49.82886774447523
47057,2023,23929,4732,51351.0,16.3571278163824,14.929368876737298,85.28192681770717
47059,2023,70919,13605,54071.0,15.177638453500522,17.67961183966952,113.98671422073424
47061,2023,13665,2905,45573.0,19.18022995371062,12.391103822896381,37.91157572327462
47063,2023,64930,15518,52794.0,17.1712112199856,20.05775912639321,402.8215499913145
47065,2023,370913,78520,72568.0,12.543084028712551,36.96496864004895,684.1343209803675
47067,2023,6790,1453,31995.0,31.48484848484848,8.576755748912369,30.541012216404884
47069,2023,25477,4982,46173.0,17.324310731105115,11.298757899324471,38.15247211606426
47071,2023,26939,5375,49149.0,20.801389780580838,14.751242506532765,46.6486691475306
47073,2023,57446,11046,55278.0,17.133242895650184,16.785290628707,117.94536973161198
47075,2023,17672,3936,43513.0,22.78757250330213,13.10550495687918,33.14906763557785
47077,2023,27906,6344,53471.0,16.841183552847603,14.35559445960558,53.664455807495635
47079,2023,32345,6538,48540.0,18.305830583058306,18.57972499786489,57.563418532057185
47081,2023,25229,5273,57223.0,14.09046672026404,13.572378630015516,41.1913473516816
47083,2023,8293,1769,54475.0,13.757930090807314,13.683494815570288,41.404135920197305
47085,2023,19074,4131,59333.0,13.71662360034453,16.419233325947264,35.93694360759887
47087,2023,11882,2171,41475.0,20.655990408495335,13.477481514676226,38.47673326640977
47089,2023,55835,10763,63084.0,11.516630613640984,21.030640668523677,202.9242018956795
47091,2023,18073,3032,52152.0,22.09409878522538,15.68826645381322,60.55823616137247
47093,2023,487401,102675,71662.0,12.24518161601186,40.161517283572955,958.8373579894752
47095,2023,6691,1007,30500.0,32.331998219848685,9.382908312244501,40.359501764333324
47097,2023,24933,5481,49205.0,18.7082013375572,10.919709751637072,52.835906292713425
47099,2023,44901,11268,53233.0,15.255578414306061,15.499205508474576,72.75776578678723
47101,2023,12784,2727,49477.0,15.87783818356252,10.930362116991644,45.31854855862627
47103,2023,35617,7922,63115.0,12.423050615595075,19.277011540472074,62.448495814791826
47105,2023,56996,10892,80296.0,12.637469328673056,28.553924456278423,248.59555462507416
47107,2023,54135,11469,59674.0,13.307645584997344,17.502090738030525,125.86110290920841
47109,2023,25933,5595,50714.0,16.132068073092306,11.807452737405749,46.07509745186038
47111,2023,25793,6452,56269.0,15.198869213553731,11.80624452874234,83.97689683015133
47113,2023,98845,22249,58189.0,18.594849749230836,25.950326405042397,177.40418612498073
47115,2023,29010,6007,58103.0,16.92114620372307,16.471940241333076,58.22331581883938
47117,2023,35276,8263,70829.0,14.229783804013014,20.991447313792243,93.9535825196691
47119,2023,104855,24275,74162.0,9.945509352295563,26.47111135433911,171.0162135537546
47121,2023,13076,2670,58395.0,14.294530587055466,11.952861952861953,67.01001870499911
47123,2023,47054,9720,56648.0,16.072090942811634,15.801056338028168,74.01057608521268
47125,2023,227957,61230,72365.0,11.63705697622252,31.720305626302387,422.79322438790064
47127,2023,6611,1284,66687.0,11.258074438634265,24.664429530201343,51.15962328687617
47129,2023,21193,4039,57408.0,18.8240293195942,13.707445781581825,40.585621816231956
47131,2023,30570,6728,53102.0,16.996913272926417,18.059750034846445,56.10739141925822
47133,2023,22807,4789,46159.0,18.049672270031657,13.487654320987655,52.61275975344185
47135,2023,8561,1925,50489.0,17.730750836920134,12.697334917671025,20.64060371535689
47137,2023,5062,883,44591.0,25.829668132746903,17.16614090431125,31.060931459777873
47139,2023,17702,3393,60227.0,13.342558957504469,14.67065868263473,40.73123871101345
47141,2023,81366,17040,56537.0,16.94431223227035,29.193912278689147,202.8541083903008
47143,2023,33299,7364,58133.0,15.343525511143858,17.384927311160002,105.55261464531037
47145,2023,54403,10221,66218.0,12.722750222750223,22.040302267002517,150.79774259357816
47147,2023,74291,17910,78439.0,10.209274478854843,21.08624314711835,155.96343757347753
47149,2023,351591,87170,82588.0,9.187019823922196,34.388546555368464,567.7534892057868
47151,2023,21969,5152,42679.0,24.891583119608303,10.1902804481867,41.27176165365084
47153,2023,16409,3277,52260.0,23.586189827991586,18.891412229792245,61.7225438309429
47155,2023,98802,20658,63829.0,13.642151526976237,21.438838782412628,166.7510531432275
47157,2023,922195,234894,62337.0,17.542466918036226,34.19779024643449,1211.4013159709586
47159,2023,20196,4520,62799.0,13.268721586651347,17.947813822284907,64.25810146518398
47161,2023,13859,2995,62052.0,11.998543866035675,16.232586311326468,30.142939170378618
47163,2023,159693,30629,56802.0,14.914619437567447,26.617556678503142,386.15721664442
47165,2023,200553,46778,86005.0,8.952666955549061,32.62558708308984,378.7921141402275
47167,2023,61339,14632,71736.0,11.565962646762554,18.475319138744524,134.63019988542857
47169,2023,11805,1942,63190.0,10.336225596529285,10.129564193168433,103.24290287033637
47171,2023,17779,3245,50381.0,14.216394200219515,20.01367157830776,95.55314300455757
47173,2023,20141,4342,61858.0,13.940978331908905,14.541261966319613,90.08287749963101
47175,2023,6293,1314,60281.0,13.84918679152292,13.985094256904867,23.01629391218477
47177,2023,41587,9755,54088.0,15.341061622940819,15.11876027564977,96.11646670811444
47179,2023,134693,25347,61051.0,15.8134033761885,33.52444794102749,412.475348187709
47181,2023,16251,2799,52824.0,18.54116012504342,12.533463129715258,22.137039594937537
47183,2023,32959,6291,49502.0,19.306335855551588,21.612536691601175,56.79129771018673
47185,2023,27764,6037,52206.0,14.749607334623954,14.175956613437782,73.70751676498229
47187,2023,254609,66844,131202.0,4.510010620615048,61.835699797160245,436.8232781175744
47189,2023,153587,36047,94048.0,7.6058869789911245,37.221403747355694,268.9375367719161
48001,2023,57825,11217,58846.0,17.05408121805701,14.536875134733766,54.41753708062265
48003,2023,18518,5697,76902.0,14.216539717083787,19.947743039913508,12.339689981781666
48005,2023,86791,22162,58847.0,16.267698406104987,18.01276079658306,108.77905410063106
48007,2023,24449,4249,61754.0,18.68504947625554,27.627674527565205,96.99328358505014
48009,2023,8734,2012,71958.0,11.71649544037862,25.1756248978925,9.669109221965506
48011,2023,1883,409,68462.0,5.795516675779115,21.411947245927077,2.071226885690935
48013,2023,50058,13404,69413.0,16.132907140094062,15.266558966074314,41.04655682215127
48015,2023,30712,7242,75994.0,14.50190814580866,23.42024900164435,47.505320991931896
48017,2023,7044,1973,70625.0,13.586398944745712,16.739659367396595,8.517821643296267
48019,2023,21589,3596,69703.0,16.124169767770503,25.483503981797494,27.29350665112504
48021,2023,102370,26574,82730.0,12.420577780910474,23.345593732244847,115.25193981725414
48023,2023,3464,806,42313.0,20.79032733706871,28.37022132796781,3.9931710319880205
48025,2023,31000,6358,56075.0,16.972014454996216,11.449174226564317,35.21770791796319
48027,2023,379811,105006,66051.0,14.626877005144559,27.17803111289757,360.4097810749542
48029,2023,2037344,508025,70571.0,14.69821127985054,31.539645550203403,1642.5888376030475
48031,2023,12008,2146,87564.0,8.684299191374663,34.33852140077821,16.93051270916402
48033,2023,723,240,64250.0,4.840940525587829,35.34675615212528,0.8056221955043384
48035,2023,18546,3872,69339.0,9.098896271484268,20.72789520690682,18.867291100144357
48037,2023,92321,22050,59295.0,16.288840666697446,22.071386213196995,104.32470486666313
48039,2023,381650,98742,95155.0,7.342270223331796,32.09135189341483,279.9518804052022
48041,2023,237980,48241,58388.0,23.866981646374704,42.53721303821409,406.01360089262255
48043,2023,9464,1623,52612.0,8.409165661659905,45.27064732142857,1.5304596893509663
48045,2023,1223,218,41188.0,15.327868852459018,19.022869022869024,1.3588873790140235
48047,2023,6987,1295,31310.0,30.65081542447798,14.440783097499516,7.4065436659582025
48049,2023,38294,7972,55305.0,14.517632863489277,19.937029124030136,40.5462638651832
48051,2023,18327,4033,72888.0,12.626819585355095,23.10326459173579,27.8068586306408
48053,2023,51064,10464,77158.0,7.990702893323716,28.69517990495587,51.33092078809811
48055,2023,47184,11042,68503.0,13.859758265197296,16.425580510087553,86.64912283923523
48057,2023,19921,4655,71870.0,8.733913220407956,16.896353718059146,39.29726136298628
48059,2023,14017,3005,68455.0,10.069344120196474,23.878008975928193,15.58531953407489
48061,2023,423192,123291,51334.0,24.421849035581815,20.558113905616562,474.57999661328284
48063,2023,12652,3341,55061.0,22.449952335557676,19.694983915167402,64.60144909036136
48065,2023,5802,1303,84583.0,7.245111731843576,25.870272977710997,6.304911245497074
48067,2023,28582,6461,54328.0,17.264271513774496,17.597820703318476,30.50542826282782
48069,2023,7328,2121,63485.0,13.952203343003177,20.99843295276472,8.192799102011977
48071,2023,49178,13515,108114.0,13.075551730497326,22.966583604881478,82.3619652451197
48073,2023,51143,13000,59830.0,17.91861631016043,18.45805388869279,48.57092658280744
48075,2023,6772,1260,60333.0,9.75473801560758,11.478401946866763,9.72274666157462
48077,2023,10402,2040,77355.0,10.425987162030733,23.852971845672574,9.553996798189498
48079,2023,2520,682,42137.0,27.33606557377049,10.720775287704422,3.2512688980004696
48081,2023,3315,716,46431.0,14.137279596977331,21.09343125254998,3.6362798717923406
48083,2023,7765,1597,52364.0,15.049556598852373,17.92535482740494,6.148478835455146
48085,2023,1116601,280048,117588.0,6.302209373460449,54.91339399852436,1327.2849166792469
48087,2023,2733,789,60165.0,26.17172853393326,26.046511627906977,2.975694682619787
48089,2023,20736,4844,68554.0,10.676511674316504,23.999718725828,21.593454484109504
48091,2023,174552,38791,99015.0,6.438343501571454,42.21406837300877,311.9629401924479
48093,2023,13786,3160,59946.0,14.127954060222336,19.975095984227455,14.701099329994145
48095,2023,3301,421,59632.0,13.314097279472383,13.159908186687069,3.3555102642426213
48097,2023,42473,9947,72472.0,14.065681366325725,23.59448928472029,48.55022598779643
48099,2023,83772,19056,68904.0,9.871008921017085,18.655540971310707,79.61248642191424
48101,2023,1302,287,58819.0,22.8218966846569,21.794871794871796,1.4457606566551628
48103,2023,4623,1203,59915.0,8.201470915979495,14.344827586206895,5.8886543730551075
48105,2023,2881,667,81739.0,3.2566371681415927,11.000452693526483,1.0262442097883964
48107,2023,5072,1300,52197.0,22.085766055969398,14.134061267819229,5.634309747067038
48109,2023,2181,471,42672.0,17.6905311778291,16.303671437461105,0.5721171956236838
48111,2023,7180,2339,72332.0,9.98268897864974,15.718835304822566,4.776692931825016
48113,2023,2603816,661827,74149.0,13.986837334966392,34.847245589926175,2981.923957856161
48115,2023,12311,2942,55789.0,17.68223234624146,14.47057359711335,13.67423964740877
48117,2023,18487,5760,54114.0,15.823271130625685,11.820967592162688,12.350833966897868
48119,2023,5345,1269,62855.0,13.991302703724712,19.536247334754798,20.8112696237229
48121,2023,945644,224897,108185.0,7.030818264769763,48.39235703244535,1076.187723199552
48123,2023,19853,4487,64014.0,15.874339727550737,15.748373101952279,21.841060710073755
48125,2023,1641,355,50417.0,14.502849905003167,19.111483654652137,1.8198473146993979
48127,2023,8507,2413,33409.0,44.8341684562157,11.044487427466152,6.401607362563352
48129,2023,3276,586,56648.0,8.307480179248534,16.14654002713704,3.533839533912886
48131,2023,9824,2546,50081.0,29.034016572176192,6.970345460103944,5.477628093362781
48133,2023,17846,3824,51741.0,14.64953133290102,22.214010018888068,19.26157140575149
48135,2023,163206,49505,71031.0,15.272600981127862,16.647462500892228,181.76735524856218
48137,2023,1392,224,38500.0,25.29498525073746,25.92190889370933,0.6572635173419358
48139,2023,203927,53955,95898.0,8.119340216819909,28.60132225389701,217.93964758085892
48141,2023,866275,228795,58859.0,18.88614912500909,25.36119059771263,854.7436533723536
48143,2023,43244,9021,65351.0,15.932555893931516,32.49512670565302,39.923225985732735
48145,2023,17063,3604,55372.0,14.5591839438299,14.954347289627377,22.29015212378918
48147,2023,36525,7796,68377.0,14.198231568885172,20.166279969064192,41.00085874488541
48149,2023,24783,4973,76541.0,8.830411757461308,27.15702479338843,26.089180932570052
48151,2023,3661,762,64700.0,10.331491712707182,18.225155848918227,4.072524531370453
48153,2023,5294,1377,55461.0,18.107074569789674,16.713169642857142,5.335924357678278
48155,2023,1079,254,42212.0,20.857699805068226,14.47562776957164,1.5318066374501877
48157,2023,859721,231703,113409.0,7.175347893879177,49.2918376292549,997.6188625078762
48159,2023,10522,2380,66800.0,11.06632114406373,29.3119698397738,36.998357894588786
48161,2023,19813,4507,58460.0,14.3098009354944,15.887247166834026,22.572975091457405
48163,2023,18019,4685,60098.0,19.56386722793458,11.391957578435704,15.896765860815297
48165,2023,21904,7830,76605.0,7.3724876971899,8.054943191453281,14.579698781186703
48167,2023,354721,84634,85348.0,11.154669486498337,34.258258657666794,934.9254502373416
48169,2023,5435,1029,50545.0,14.02514173034262,10.618996798292422,6.08339228310216
48171,2023,27202,5277,67799.0,9.487828482096331,35.33549783549784,25.70586712177826
48173,2023,1070,274,106806.0,8.504672897196262,39.871794871794876,1.1886009833173743
48175,2023,7096,1428,59556.0,9.212969575774888,18.98076923076923,8.32853096967058
48177,2023,19764,5159,59355.0,14.527148507731033,12.642263918794217,18.528414172493125
48179,2023,21131,5313,56082.0,16.28721541155867,15.399526168425586,22.820295170274758
48181,2023,139988,33760,70455.0,11.131265890100604,23.73325999111431,150.06775067750678
48183,2023,124860,32324,64809.0,17.022349323899892,22.35810676721572,456.72690028531713
48185,2023,30385,6839,67080.0,13.325105650921875,19.46084968565441,38.58579291042407
48187,2023,178368,43392,93776.0,8.800199720844729,30.922778696880066,250.780314150259
48189,2023,32247,8672,52788.0,18.957361648638816,15.631884638493892,32.096787036668395
48191,2023,2827,616,46728.0,16.378689704823614,17.818889970788703,3.199802601494977
48193,2023,8320,1845,55339.0,18.38044685841254,24.277159965782722,9.953165094537125
48195,2023,5182,1496,68299.0,7.751027598355844,30.39975209172606,5.633772192083148
48197,2023,3529,718,61179.0,12.813129858911603,15.026114905584572,5.076865089755062
48199,2023,57126,14172,72532.0,12.318019198753143,20.766228058837218,64.1450027847146
48201,2023,4758579,1243425,73104.0,15.918066709753084,33.74654912491078,2787.6576507439586
48203,2023,69584,16922,66040.0,17.381285123844073,22.50190196717748,77.31048742360224
48205,2023,5307,1198,82122.0,6.757451181911614,23.075000000000003,3.630080625137231
48207,2023,5390,940,54044.0,14.188000781708032,22.498080368569234,5.968113223633728
48209,2023,256429,57970,85827.0,12.01761306006794,41.87744229585233,378.8553479933575
48211,2023,3311,776,72052.0,3.465194725544311,24.44545043005885,3.653372114321528
48213,2023,83658,17936,63955.0,14.184974893311772,20.212119165034114,95.74340246265334
48215,2023,880921,276639,52281.0,27.191434367341976,20.32666694303464,560.6694267738886
48217,2023,36664,8568,63147.0,14.224969927546368,18.452404669880863,38.237152946525974
48219,2023,21455,5695,54810.0,12.607944732297064,18.313253012048193,23.618658024289072
48221,2023,64198,13281,86802.0,8.193124782979261,32.40689152702181,152.5842685947074
48223,2023,37351,9114,64725.0,12.250340136054422,20.028549902851026,48.67017360518405
48225,2023,22042,4415,54563.0,16.25265778146554,15.52379784102061,17.905811305795222
48227,2023,33127,7461,71457.0,15.067796610169493,15.340684444053949,36.77545623790646
48229,2023,3331,598,39336.0,18.976708667430316,12.385740402193784,0.7288015775895812
48231,2023,104917,25535,70112.0,12.413210641578363,21.89311476357749,124.83862254750892
48233,2023,20413,5140,65470.0,11.587600277310091,15.954033281098425,23.00253317467186
48235,2023,1432,343,58125.0,7.472067039106145,22.118088097469542,1.361807019012043
48237,2023,8623,1918,65693.0,13.486105623600686,15.562744764175038,9.465713545531587
48239,2023,15081,3658,61752.0,14.137884692917618,15.855314197051978,18.18208122800482
48241,2023,32807,7713,49919.0,22.246124644099968,12.553256906926691,34.95107361064502
48243,2023,1740,294,32625.0,31.155192532088684,30.434782608695656,0.7683625399416044
48245,2023,253939,62564,59934.0,18.762366276535094,19.449853081743193,289.64168192213157
48247,2023,4797,1664,42230.0,31.4109619194365,18.952618453865338,4.222068294177031
48249,2023,38863,10628,47492.0,23.2152616922156,15.177270519669742,44.91918407352954
48251,2023,188820,48899,81826.0,10.733459336919589,23.541654856291352,260.4234190745466
48253,2023,19968,3313,63472.0,12.637244348762112,11.222349996617737,21.50322257579918
48255,2023,14819,2983,59103.0,21.30714348630318,16.015625,19.818068022552932
48257,2023,160718,45986,88606.0,9.698094219762249,25.297210903817124,205.86607778739886
48259,2023,46971,10675,110498.0,5.088557773404554,49.11984270836533,70.90454582506861
48261,2023,52,3,,5.88235294117647,10.638297872340425,0.03565155269368049
48263,2023,727,127,71420.0,8.358208955223882,26.902654867256636,0.8055339182964786
48265,2023,53166,9787,67927.0,11.71153583351229,31.213207064243665,48.18676518038088
48267,2023,4355,714,65703.0,15.038470505945442,25.647128830705146,3.4812706837839134
48269,2023,189,35,70192.0,15.343915343915343,36.36363636363637,0.20749325098010368
48271,2023,3140,274,66341.0,11.311417462000707,19.521756174049393,2.3079190287923925
48273,2023,30629,7364,57612.0,28.844022717827954,23.72529815060206,34.75410356902143
48275,2023,3322,860,56304.0,11.371446422992815,15.597920277296359,3.905382067924493
48277,2023,50421,12185,61122.0,18.706381609380344,20.583010571070794,55.5706792780143
48279,2023,12919,3558,56997.0,15.946712911871355,14.25040168087999,12.713286314150727
48281,2023,22267,4835,76919.0,9.161342938697839,21.63988778372864,31.250701726809332
48283,2023,6946,1618,55469.0,22.00236766446812,8.09608540925267,4.672079983641667
48285,2023,20479,4857,61768.0,9.441588901641799,20.90181205225453,21.118706746044435
48287,2023,17758,3833,66000.0,12.219853661347006,18.70041256743891,28.230319216584004
48289,2023,16067,3655,59975.0,14.388444222111055,17.05364995602463,14.97172824826959
48291,2023,97993,28751,64773.0,17.67867613525311,11.23758859389714,84.59683706089594
48293,2023,22185,4991,58109.0,19.37048262998368,19.126912691269126,24.502170239554687
48295,2023,2964,890,71442.0,13.57684355616816,25.40453074433657,3.179527447560324
48297,2023,11444,2344,53869.0,17.200606366851943,13.841163042172294,11.007074190026884
48299,2023,22011,3432,65636.0,11.701882797035399,33.058702368692074,23.564741211800033
48301,2023,54,0,51087.0,9.25925925925926,0.0,0.08073945378264341
48303,2023,314633,74234,63367.0,17.20420857596612,33.324505135362756,351.30895196750345
48305,2023,5667,1565,57411.0,17.49375223134595,24.29881337648328,6.354086427684845
48307,2023,7565,1626,51919.0,14.588108399622488,19.602008554956296,7.099280124549432
48309,2023,263608,63669,63888.0,17.111830435278524,27.771644267360745,254.27852106222687
48311,2023,623,237,45833.0,9.149277688603531,14.971751412429379,0.5465876000944027
48313,2023,13574,3015,67128.0,13.40160284951024,14.532720507769753,29.124692907641638
48315,2023,9631,1734,47447.0,18.378491913463556,15.994926719278466,25.284718904075064
48317,2023,5230,1539,77083.0,8.113865220759102,17.78816199376947,5.716121868155408
48319,2023,3951,914,68750.0,6.418061897513952,40.1294498381877,4.253711096469129
48321,2023,36274,9328,55174.0,21.77280071313165,22.769563050340587,33.18385322040906
48323,2023,57770,18012,51270.0,22.641805623386592,15.327175673244167,45.151296311927695
48325,2023,52419,11878,73462.0,11.26982858512806,22.158023167755868,39.55073372462295
48327,2023,1964,466,48191.0,21.09375,22.902338376891336,2.17731841729793
48329,2023,171496,49714,93984.0,10.62622170933327,30.943329584429346,190.47534425195312
48331,2023,25268,5798,59076.0,15.78330774824271,19.516813956157467,24.86136747360177
48333,2023,4499,809,64494.0,7.697658242522606,28.086956521739133,6.012897190016372
48335,2023,8989,1666,56033.0,13.212538024070891,13.91947411668036,9.866171729999024
48337,2023,20599,4714,62818.0,13.50458534661276,17.840570676639654,22.12790550281124
48339,2023,654722,170795,97266.0,9.286515386624467,37.89510465075649,628.2657301052673
48341,2023,21234,6637,61325.0,15.346558203701061,12.045599489795919,23.601252864850206
48343,2023,12014,2758,55082.0,16.86634378451865,15.537751881524642,47.676684299711496
48345,2023,1267,221,62857.0,9.707971586424625,22.03567681007345,1.2803592686086627
48347,2023,64897,15263,51528.0,22.268520842746454,26.50526149220666,68.5779923155283
48349,2023,53735,14351,59310.0,16.82831831373148,17.07195593577874,53.218672439987245
48351,2023,12193,2438,41044.0,22.39713476595036,6.230176710466697,13.059120016879499
48353,2023,14565,3733,50160.0,18.82906944053978,13.720784641068448,15.97044727120813
48355,2023,352829,84438,66021.0,17.665347572219698,23.684953541299475,420.4118935330046
48357,2023,9852,3032,64988.0,15.537562775443273,19.014084507042252,10.735709965837952
48359,2023,2097,751,76402.0,17.664319248826292,25.260625501202888,1.3975127338934492
48361,2023,84993,21572,73372.0,12.676240519270548,17.793870882275016,254.6332081033956
48363,2023,28920,6715,64972.0,16.997800202521038,18.676514923123307,30.360642864566547
48365,2023,22624,5243,62593.0,11.876859280627421,17.874708775563033,27.884218375433687
48367,2023,158079,39163,102099.0,7.773552478853911,31.581848073833278,174.92052286164173
48369,2023,9752,2757,68164.0,9.638678952272492,16.693679092382496,11.071476416347457
48371,2023,14983,3621,67689.0,27.365160060370165,13.417521704814522,3.1451551113756038
48373,2023,51780,10540,59066.0,18.052983164422617,13.40729848950675,48.9856155603593
48375,2023,116634,31334,50448.0,20.879659018772102,17.33556597454789,128.39639361948062
48377,2023,6043,1680,29014.0,36.303411725737,20.197175592859047,1.5674721133663896
48379,2023,12505,2414,64874.0,12.797810688989053,25.159438775510207,54.4903917382021
48381,2023,143791,34450,80905.0,9.51230946258861,32.052277976065504,157.54274901913092
48383,2023,3259,1130,70288.0,11.128236744759556,17.04863051984349,2.772876014409766
48385,2023,2821,752,45417.0,20.49567269866247,19.14565105506948,4.034847581165372
48387,2023,11621,2350,46912.0,20.895652934487885,15.637426900584794,11.132335021879575
48389,2023,13219,3282,56056.0,21.866295264623954,6.871414913957935,5.016024412659552
48391,2023,6693,1494,58016.0,17.258261933904528,13.802637175669927,8.68674755089009
48393,2023,785,220,66118.0,6.426735218508997,22.03065134099617,0.8495137751093547
48395,2023,16973,4065,66250.0,16.5017288661023,19.130584785233744,19.84786383754992
48397,2023,116931,31234,124917.0,4.301399613899614,43.972197497251166,919.2038299176945
48399,2023,9880,2327,63490.0,10.408459465063238,19.065010956902846,9.399944818137708
48401,2023,52613,11932,67506.0,14.289920296103132,17.860295740454646,56.92821567649392
48403,2023,9998,1770,59924.0,14.324789788268665,17.8285566744126,20.33312318236359
48405,2023,7889,1585,46338.0,27.467642829127993,11.518505707367693,14.866420808843344
48407,2023,27983,6049,59526.0,17.71132834962622,15.821624923640806,49.158268085861394
48409,2023,69519,18078,67512.0,15.149128564136221,17.241227877563567,100.26957210296528
48411,2023,5802,1113,54855.0,14.46685878962536,21.66828793774319,5.11048494996534
48413,2023,2426,580,90141.0,8.958938199917046,24.204946996466433,1.851001265028894
48415,2023,16633,4210,62689.0,9.786378138438064,17.883044156797943,18.369972775817416
48417,2023,3169,717,64659.0,11.582641991065731,34.60490463215259,3.4660926668460417
48419,2023,24108,6339,50436.0,23.538011695906434,13.732841891204881,30.302078083030306
48421,2023,2434,532,74167.0,6.291666666666666,25.629722921914354,2.637453134820016
48423,2023,238014,57909,71923.0,12.205992865225316,27.741017792961557,258.2973131062983
48425,2023,9510,2059,83382.0,6.497538000428174,24.974200206398347,51.0721938487812
48427,2023,65809,21566,38182.0,33.49728031870068,13.2970175677516,53.80161039389983
48429,2023,9278,1981,54695.0,13.502445683084973,18.203309692671397,10.346584946711408
48431,2023,1389,500,78750.0,2.730627306273063,24.52350698856417,1.5041437047416804
48433,2023,1244,334,61250.0,8.706467661691542,14.108910891089108,1.3576147015266617
48435,2023,3306,901,75000.0,11.587591240875913,15.47785547785548,2.2738292977333927
48437,2023,6981,1697,39031.0,29.459075855543286,20.138423755302522,7.842410353194931
48439,2023,2135743,548477,81905.0,10.922474019902237,34.54800143900141,2468.356507779841
48441,2023,144259,35427,66406.0,13.517169539710212,29.00993452246557,157.56780727355343
48443,2023,851,120,46989.0,8.225616921269095,32.340425531914896,0.3609054953480936
48445,2023,11699,3288,45905.0,21.848045512938157,10.965209151211589,13.161936027523174
48447,2023,1589,332,58864.0,13.971050975456262,24.97801231310466,1.741270634440558
48449,2023,31284,8935,59220.0,17.346905800613992,15.401512055578259,76.99691362582512
48451,2023,119398,28580,66254.0,11.718490262296804,25.117170040227315,78.43160439329445
48453,2023,1307625,267667,97169.0,10.994906139237395,55.514768440093334,1315.1291267975066
48455,2023,13850,2709,51663.0,16.111029519753266,15.894497678553787,19.96266908813122
48457,2023,20084,3907,50647.0,19.567773360954032,11.975925039326995,21.726760350068695
48459,2023,41864,10056,62794.0,13.255000971062342,17.488570132272365,71.8103536999554
48461,2023,3227,727,52321.0,17.051565960139197,8.808988764044944,2.599645700595252
48463,2023,24810,6492,57849.0,21.85077115464777,20.163786432808873,15.986628193942737
48465,2023,47647,13378,59673.0,18.278819088350172,21.332229466349308,15.151283885841481
48467,2023,61323,14114,68274.0,11.492601400449201,18.199732563867972,72.7807237838428
48469,2023,91281,23026,70101.0,15.966743401202423,19.68702086527565,103.48298977311762
48471,2023,78292,11493,49862.0,17.932782333570092,21.432115729608,99.83397558344448
48473,2023,59455,14126,76135.0,13.489034567134745,26.57326328079393,115.82962690216385
48475,2023,11255,3275,71719.0,14.555256064690028,10.68670130599635,13.469314973737529
48477,2023,36156,7784,75085.0,12.649749188551196,31.00223622687538,59.841706471762386
48479,2023,267731,84736,62506.0,21.048734416320364,20.9415563109472,79.64681012340405
48481,2023,41651,10649,66100.0,14.477991108505545,19.225469577199217,38.34765619964977
48483,2023,4902,1199,67964.0,14.208446016226336,19.51364175563464,5.360112757002755
48485,2023,129842,29808,62168.0,15.878401245431162,24.835628186192768,206.88885949970762
48487,2023,12712,2859,51626.0,18.84675239577361,17.411437832831673,13.092386188315313
48489,2023,20218,4835,45645.0,24.62998712998713,12.181916621548456,34.23222990350703
48491,2023,643889,157599,108309.0,6.3387268402603905,47.40231583342702,577.0457513059703
48493,2023,51501,12118,92461.0,9.79225573358467,26.27216926427743,64.07716980991223
48495,2023,7540,2144,91898.0,11.973719495843389,10.006387055567384,8.962650472084434
48497,2023,72359,17836,89897.0,9.14290556285218,20.638971113606207,80.00818226549241
48499,2023,46094,8728,62524.0,12.63195885590544,22.260730471874165,71.4366525479548
48501,2023,7589,2459,82261.0,12.037650802068143,14.2,9.48963068093008
48503,2023,17963,4277,63723.0,16.69211195928753,23.582329317269078,19.64247051387756
48505,2023,13855,4463,36527.0,37.43567122481988,13.280463242698893,13.877036734334123
48507,2023,9532,2810,41887.0,36.30028508077289,9.551349456712233,7.346962055854486
49001,2023,7172,2146,85603.0,7.45900449862139,22.736555479918312,2.7767109371128402
49003,2023,59725,18468,77865.0,8.620195307888212,26.712386050012544,10.330714316354927
49005,2023,137031,40640,78292.0,13.073984387925458,40.42448034342521,117.65478622153421
49007,2023,20446,5260,53673.0,16.787631735931598,18.413386120863525,13.821000268362374
49009,2023,747,169,58750.0,10.126582278481013,11.591355599214145,1.0724822868136366
49011,2023,366742,113064,108058.0,5.97598827730873,38.68939608086298,1129.4238657780952
49013,2023,19932,6460,74738.0,13.2989585460486,17.00142869148668,6.160364182235762
49015,2023,9968,2833,69956.0,11.268747466558574,17.16616977875412,2.2336579173515196
49017,2023,5170,1121,61688.0,11.11111111111111,32.01730665224446,0.9981550542170025
49019,2023,9697,1786,62521.0,16.991150442477874,34.73027842227378,2.640178302564379
49021,2023,60201,16650,65527.0,13.638124105413826,30.30623330103644,18.26394111706112
49023,2023,12273,4137,89803.0,9.011315767737672,20.22889842632332,3.6184198888381784
49025,2023,7996,1811,75000.0,10.44238683127572,32.13913043478261,2.0019328315982916
49027,2023,13179,4137,70877.0,8.77651398708884,23.0517848164907,1.9422349068201787
49029,2023,12585,4285,126092.0,1.702195354756602,38.84459364946146,20.658342046989727
49031,2023,1705,319,44650.0,11.097992916174734,19.01893287435456,2.2487173738146424
49033,2023,2588,836,76875.0,9.453700116234018,24.469413233458177,2.5156547992822413
49035,2023,1184689,306344,94658.0,8.35852438747877,38.6302056147327,1573.6014515469176
49037,2023,14466,4042,54890.0,18.367346938775512,20.237828135517162,1.8489819159956875
49039,2023,29209,7121,67459.0,15.32161106101593,23.179255918827508,18.372566385040784
49041,2023,21854,6203,73765.0,10.526806526806528,23.0596420030437,11.439034041778068
49043,2023,42709,10151,137058.0,4.542036749847267,58.069745783174085,22.83080857487729
49045,2023,76648,24162,101846.0,4.69196622627343,23.201708047191406,10.887082455644457
49047,2023,36458,11633,69861.0,11.107709435012525,16.834379615952734,8.132716438379694
49049,2023,683622,219931,96877.0,8.722160923951499,43.836366555429414,341.05045747982
49051,2023,35808,10589,115146.0,5.147182979681432,47.7195525159654,30.42435035583439
49053,2023,189827,47138,76411.0,9.880833102389733,33.287575022347085,78.19569128052566
49055,2023,2557,600,70074.0,9.101654846335698,25.193370165745854,1.0389688488127637
49057,2023,266183,72096,87083.0,7.4977770008892,28.049440259686214,435.61716919129105
50001,2023,37497,6068,88478.0,7.350885368126747,43.472296318878136,48.93055350755744
50003,2023,37312,7037,71494.0,11.351886481135189,41.15965700285831,55.33967334879775
50005,2023,30425,5759,66075.0,12.556008489707915,31.946575218843066,46.864434322787744
50007,2023,168831,29424,94310.0,10.439691700300505,55.79822323863136,314.4850786720288
50009,2023,5972,1026,58985.0,14.256960751425696,21.17750439367311,9.016108821353624
50011,2023,50379,10983,79078.0,10.085178875638842,28.80141109275695,79.8448715530754
50013,2023,7393,1267,90625.0,7.565299769928272,43.17700987306065,90.41213158860218
50015,2023,26036,5237,69897.0,8.05244920459915,43.840599090665954,56.446000585359506
50017,2023,29594,5326,77328.0,9.390495867768594,36.52008514107151,43.0766453956868
50019,2023,27492,5345,66426.0,10.848844190933654,28.56364536899455,39.58234948571165
50021,2023,60484,10609,64778.0,12.026748796134017,33.534528670335526,64.99811939175757
50023,2023,59958,10955,79853.0,9.356885611387412,47.005374385133905,87.267487555672
50025,2023,45913,7831,68021.0,11.955224216761637,42.35448961684703,58.416533177939314
50027,2023,57968,10310,75247.0,8.718253898797542,41.91159717475507,59.813608710367085
51001,2023,33326,6924,57500.0,14.865440818314662,21.794766631121316,74.16985667230482
51003,2023,113683,22432,102617.0,6.7707098768358485,60.60038486209108,157.7896156963768
51005,2023,14962,2734,55160.0,13.094587206123565,15.560743467720211,33.50411579767652
51007,2023,13342,2769,66339.0,11.095155317058424,16.783216783216783,37.54502476361999
51009,2023,31385,6255,67298.0,10.781326781326781,22.976057283508613,66.21838881598103
51011,2023,16424,3591,62337.0,12.28725358148647,20.50554552489038,49.14069606012734
51013,2023,235463,42754,140160.0,7.123943637754795,77.109226621716,9057.314305496788
51015,2023,77713,14527,79972.0,7.332876288798376,23.282409579922483,80.35889704407316
51017,2023,4123,707,61709.0,21.093554050664657,15.553465036061462,7.790975846652129
51019,2023,80254,15735,77644.0,8.083741984156923,33.64661333515275,105.58292023196825
51021,2023,6211,879,61375.0,12.687559354226021,15.444400159426067,17.366382865690838
51023,2023,33875,6355,80467.0,6.0882300197262245,27.519980913754026,62.583598755533224
51025,2023,15868,2479,52978.0,15.271079935700715,15.616164975885582,28.023452952811528
51027,2023,19857,3392,42216.0,23.939151321056844,10.845915474385178,39.4885990764715
51029,2023,16914,3060,59199.0,13.734339215950426,13.491189427312774,29.181036639332806
51031,2023,55398,10884,62608.0,10.104025493571664,25.721057884231534,110.08988348731238
51033,2023,31541,7184,86267.0,11.556260743091366,23.207659535480325,59.80889823518145
51035,2023,29158,5207,52575.0,16.214159720540934,16.6802906448683,61.41836442377365
51036,2023,6686,973,70339.0,11.419984973703983,16.010648412245672,36.555294940978996
51037,2023,11475,2585,48892.0,24.577326926499378,18.712074303405572,24.14284992930721
51041,2023,371610,88521,98910.0,6.8497412720246285,42.66314718229233,877.461004094393
51043,2023,15060,2859,114185.0,6.854593388764957,37.28050427735254,85.58860637197513
51045,2023,4881,1223,67778.0,14.0305573488272,17.309941520467838,14.876652707422782
51047,2023,53563,13405,96098.0,8.153074995180258,26.405337781484572,141.2593424793371
51049,2023,9745,1896,57057.0,7.685194698448577,18.1693426650199,32.75916550690145
51051,2023,13920,2686,43831.0,20.181304800118887,10.720154664088932,42.125650647621356
51053,2023,28083,5655,83898.0,10.68816732485008,20.459804066361443,55.73284433383741
51057,2023,10604,1905,56481.0,15.487062404870624,17.518437055246476,41.20394476091299
51059,2023,1144474,264791,150113.0,5.935894178101531,64.26699270240323,2926.893765024807
51061,2023,73935,17315,129495.0,6.148154193530836,39.676384323143246,114.09827868776563
51063,2023,15560,2885,61401.0,8.287007110536521,23.033419023136247,40.84815041360065
51065,2023,27764,5494,91959.0,7.742551566080978,35.59843673668784,96.69925500754047
51067,2023,54958,10371,68348.0,11.533579721506701,24.327021430531648,79.57892298113262
51069,2023,93355,21342,95603.0,7.081957895197079,30.308990058847936,225.96729882483933
51071,2023,16610,3297,64819.0,8.91155223699387,18.01927988794595,46.49730561970746
51073,2023,39228,7863,83689.0,6.7916601836004356,25.856557092223227,180.1019236949635
51075,2023,25613,4245,118695.0,3.8561454781620395,46.99248120300752,90.8169018079701
51077,2023,15323,2521,42864.0,18.040878754171302,13.943169212390135,34.684292133051144
51079,2023,20850,4861,85268.0,11.727140783744558,28.501718213058417,133.69926962365417
51081,2023,11304,1841,56759.0,13.543441226575808,13.781826676010278,38.28918086760358
51083,2023,33811,6843,49244.0,17.947080291970803,18.192933121408487,41.347337938759814
51085,2023,111652,24258,109504.0,5.17627487363235,42.36427298028704,238.79052041071662
51087,2023,334434,74265,86397.0,8.437701216139008,45.741479758424205,1431.0459180398718
51089,2023,50365,9789,48445.0,14.799004632907808,15.671500715655299,131.72451490907568
51091,2023,2265,314,62946.0,10.305174701459531,35.47257876312719,5.4556884886177235
51093,2023,39444,8403,96118.0,7.3863055697496165,29.944141978363852,124.9473367439061
51095,2023,80046,15724,107046.0,6.464689836330571,50.18457089393553,562.5237178315929
51097,2023,6676,1190,72851.0,18.47630473905219,19.463601532567047,21.1848405901038
51099,2023,27468,6770,110517.0,6.503705342329388,35.83148318622408,152.91602645467302
51101,2023,18232,4187,85212.0,7.896915181281386,24.26239799121155,66.56200941915228
51103,2023,10876,1601,67169.0,13.104097974564297,37.39586899463654,81.58672527868212
51105,2023,22042,4038,42269.0,27.587053681056922,12.671645386653818,50.62727101507196
51107,2023,427082,115775,178707.0,3.959177236790386,64.01374639552128,828.1003689865183
51109,2023,39012,7883,80343.0,10.08238928939238,27.653699626017964,78.79970428902112
51111,2023,11990,2355,54460.0,15.92391304347826,11.192350956130484,27.77391707204077
51113,2023,13931,2792,82972.0,7.04707768546859,27.611351990540005,43.447615542713145
51115,2023,8517,1329,75487.0,7.880080578267568,30.10555300596604,99.13747948458288
51117,2023,30431,5633,51691.0,17.36604260813428,21.170124117363272,48.66546193088229
51119,2023,10774,1715,74154.0,9.547051932838734,31.608046112222095,82.66707588429371
51121,2023,99159,15167,70769.0,23.760465798560176,48.395364981043414,256.32614444470295
51125,2023,14777,2610,68525.0,14.371013706065952,33.70150862068966,31.39066798372792
51127,2023,24139,4707,120125.0,5.220200646148614,35.472650771388494,114.92901149337727
51131,2023,12115,2286,55933.0,17.06061117676853,32.54587407977145,57.2239646311971
51133,2023,12085,1787,69500.0,10.326993660326995,33.88455866863282,63.12946633791634
51135,2023,15597,2995,62161.0,18.941099571501198,16.778523489932887,49.61035656350393
51137,2023,37208,7949,94175.0,10.061108686163248,29.44913670677928,109.26978253527746
51139,2023,23750,4719,59396.0,9.502339430029775,15.221890089675789,76.60870210343303
51141,2023,17606,3060,50938.0,10.821981604377692,15.229905997230928,36.45481764308816
51143,2023,60148,10870,54115.0,15.000936281769741,15.413910603327318,62.07204724856373
51145,2023,31074,5556,110667.0,3.2621951219512195,34.22575976845152,119.42260243964304
51147,2023,21932,3271,55082.0,21.632846801946126,24.20278637770898,62.672526618392546
51149,2023,42873,8454,88225.0,8.04225115967138,23.982458047914175,161.57638067098313
51153,2023,484625,129111,128873.0,6.125055124660108,44.47757374112227,1445.5414535204545
51155,2023,33771,6033,60767.0,14.614531336661122,21.44007542129866,105.58749871028861
51157,2023,7409,1307,98125.0,9.456903539583896,35.6400774784293,27.81448500593155
51159,2023,9047,1593,64184.0,9.339991901741126,17.355130637863088,47.248247840482975
51161,2023,96793,19212,82931.0,7.264830508474576,37.38384154139078,386.32517521592666
51163,2023,22578,3989,63975.0,8.015370705244123,31.455122926714502,37.84775072584268
51165,2023,84739,18778,78468.0,9.564038633777928,28.398890439516894,99.7171079108584
51167,2023,25635,4793,49020.0,18.120831853518013,14.100273281479925,54.1366435492182
51169,2023,21504,3867,45136.0,18.004924919125102,14.248576380292151,40.132356152265565
51171,2023,44630,9549,64437.0,12.32442229270503,21.370371535533394,87.8406704469187
51173,2023,29585,5718,46859.0,16.5441686312578,18.058243479863606,65.5347332978912
51175,2023,17988,3444,68465.0,8.651630896083425,18.593984962406015,30.020227104319787
51177,2023,143876,35384,109576.0,6.977411208349949,33.79213279657245,357.9289893722883
51179,2023,160520,42054,133792.0,5.068333131195782,43.30813566194573,596.274214817704
51181,2023,6552,1111,71458.0,11.591536338546458,25.401341190814875,23.488164503188752
51183,2023,10793,1703,62821.0,12.10762331838565,15.808600847970927,22.01637612040161
51185,2023,39933,7935,45788.0,19.27188145205551,16.390041493775932,76.97319344398804
51187,2023,41104,8874,84331.0,11.317087756017342,24.534140136147975,191.56273884756632
51191,2023,53913,9340,62774.0,10.963632549535633,26.527574487087254,96.06855395559104
51193,2023,18683,3407,59766.0,13.807644482889117,19.709265401171404,81.46917488640625
51195,2023,35727,6855,50740.0,17.73833888260989,15.607339165440893,88.55591909577632
51197,2023,28219,5506,55359.0,15.615249435139692,19.71926101008152,61.08643322249931
51199,2023,70590,16478,108326.0,5.3610820852200165,50.02293386706697,674.2055949799907
51510,2023,156788,28712,113638.0,8.407333604183997,65.75447269303201,10498.024774020756
51520,2023,17024,3433,44706.0,18.26819648619577,23.920157068062828,1322.663351720923
51530,2023,6612,1421,54458.0,21.979645436638215,24.731182795698924,1027.027027027027
51540,2023,45863,7419,69829.0,22.61779860576811,60.55131117076192,4476.622742801367
51550,2023,251153,61100,94189.0,8.691176291780994,36.42057796798747,742.0550972652279
51570,2023,18210,4397,76250.0,9.570095534325706,29.49112426035503,2421.8646096555394
51580,2023,5671,1291,42724.0,23.5810205908684,9.599790740256344,1036.9354543792283
51590,2023,42239,9439,42778.0,24.96804012193923,18.30123490575719,986.8233535032592
51595,2023,5633,1522,49375.0,13.537604456824512,15.152346966785615,815.9038238702202
51600,2023,24478,5883,132774.0,9.912117627175935,62.34982441007948,3922.1278641243393
51610,2023,14593,3528,154734.0,3.6437525830004134,79.72574911122398,7132.453567937439
51620,2023,8212,2182,65125.0,16.683266932270914,26.431639226914815,992.1469131327776
51630,2023,28383,6008,85368.0,16.385975656434205,46.78909952606635,2716.0765550239234
51640,2023,6698,1632,41438.0,23.37844143723752,18.28776333482743,813.2588635259834
51650,2023,137334,29583,67758.0,13.03733647914522,27.479447638493365,2668.7005693632073
51660,2023,51492,8801,59752.0,25.589454372494398,36.74367015987149,2970.2353484079376
51670,2023,22944,5858,48681.0,23.780192705354395,12.479914301017676,2215.955186401391
51678,2023,7420,526,89598.0,15.931959750838523,57.30544447862196,2969.187675070028
51680,2023,79255,15306,59808.0,17.387568449260165,38.53511765762529,1618.2415877164326
51683,2023,42674,11529,117919.0,6.711123723041998,33.247674544862285,4335.466829218734
51685,2023,16923,4099,100668.0,5.800450290318758,25.47861871533369,5577.785102175347
51690,2023,13584,3574,42434.0,21.841004184100417,21.2481426448737,1239.8685651697701
51700,2023,184774,43054,66718.0,15.140797552911542,29.095909075803394,2678.0393066264714
51710,2023,235037,48090,64017.0,17.29129947496431,32.6633960027658,4411.76912247771
51720,2023,3620,683,38497.0,25.729517396184065,16.647354190807263,484.15139761936604
51730,2023,33365,7660,50741.0,21.08048914035408,25.01199982545708,1468.5299295774648
51735,2023,12556,2872,120919.0,5.77674938163249,40.06596156033208,817.6076056521456
51740,2023,97299,22564,58972.0,17.587210841141285,23.19837257670295,2921.8041500255245
51750,2023,16505,2038,52791.0,33.671566067298365,39.75121687398594,1705.7668458040512
51760,2023,227595,40063,62671.0,18.838028978048186,44.071692603982235,3797.997496871089
51770,2023,98677,22331,52671.0,19.672435679123193,28.89210716871832,2320.665083135392
51775,2023,25477,4834,66716.0,10.859178177395535,31.14421516345931,1755.2187392352737
51790,2023,25765,4937,62586.0,12.558830814961604,35.069933860999676,1293.4236947791164
51800,2023,96638,22877,90089.0,9.874660538959683,32.424462389982764,242.0991715247002
51810,2023,457066,101006,90685.0,8.365626525059442,40.41547797304752,1867.7176680192385
51820,2023,22574,5091,56364.0,11.703557666457568,26.26912269747112,1507.949231796927
51830,2023,15564,1628,70206.0,14.131647452584604,48.47966302487824,1741.3291564108301
51840,2023,27981,6276,64648.0,19.30197042500093,31.639635756236867,3043.7289241814424
53001,2023,20690,7245,65042.0,20.48892358739143,15.42534415813625,10.74811336584261
53003,2023,22424,4393,69107.0,14.935386555000225,24.327456841334715,35.253704358762725
53005,2023,210224,55504,87316.0,11.057445080426957,32.97526635947393,123.65186621242637
53007,2023,79518,18117,78306.0,9.011816482020887,30.220257933632805,27.22121007347036
53009,2023,77593,12693,67999.0,10.77628562070095,30.69086225686074,44.62514658325153
53011,2023,510516,118096,94948.0,8.402251445651594,32.96043438790407,812.2781420495497
53013,2023,3996,675,71528.0,9.026548672566372,27.219890216338392,4.600586010580426
53015,2023,111539,25242,72932.0,12.999154245596166,17.006680600612924,97.74185718204035
53017,2023,43733,10965,80374.0,7.911058023613728,21.863000548546353,24.039106354067954
53019,2023,7326,1237,54650.0,15.593547497587204,18.311848843369237,3.3251015208958075
53021,2023,97676,30706,82755.0,13.022680066298806,20.415928738010486,78.66971220912438
53023,2023,2326,399,62411.0,10.776614310645725,26.769406392694062,3.2722080370268767
53025,2023,100428,28878,71115.0,14.959696062074096,18.16451305876849,37.479469477490035
53027,2023,76397,15273,63539.0,14.115947559213934,17.621113908680204,40.178010300489674
53029,2023,86747,15260,88358.0,6.981082751081324,35.73504594037127,416.1046461429243
53031,2023,33313,3845,71143.0,12.573188582581118,43.259899412056384,18.468970931315585
53033,2023,2262713,447121,122148.0,8.376461817010373,55.92989299915019,1069.4684970147505
53035,2023,276581,55124,98546.0,8.295728066487849,36.52506821976948,700.0083520833387
53037,2023,44736,7819,69928.0,14.31473740746795,35.254133078289385,19.47353208501214
53039,2023,23082,4246,70400.0,13.696548730193184,31.194398209263618,12.332526196333047
53041,2023,83925,18159,69690.0,12.987985268369256,20.150599392259657,34.92826232259106
53043,2023,11271,2479,71227.0,10.412186379928315,23.6956252323708,4.877955889360291
53045,2023,66968,13109,78359.0,12.60681797298539,22.006446250836188,69.790829688407
53047,2023,42811,9537,60293.0,18.516240448534457,23.98432397126061,8.12940201773843
53049,2023,23750,3608,62350.0,11.560126312195955,23.356346255974508,25.445347144174942
53051,2023,13811,2662,63750.0,13.601996623357557,20.282552855166962,9.863273927062766
53053,2023,924106,214439,96632.0,8.869018822932913,30.14781679117299,554.0273588576355
53055,2023,18266,2331,83682.0,10.483156028368795,53.40796184672452,105.02892234092714
53057,2023,130407,27564,85474.0,11.575395190072234,29.134936253957388,75.36970497003001
53059,2023,12276,2084,90085.0,8.27790096082779,28.1541066892464,7.402904717452185
53061,2023,834648,186635,107982.0,7.88036461370417,36.842688110672874,400.0201292585963
53063,2023,544323,118425,73513.0,12.248615440315437,32.099950417211325,308.5339503373721
53065,2023,47470,10104,67405.0,12.915576542658414,21.7801929559456,19.163514799344235
53067,2023,296640,62593,93985.0,9.666860286329312,37.175424490375065,410.5738261953963
53069,2023,4573,845,57091.0,15.716486902927581,22.273117663899228,17.392594170267145
53071,2023,62102,12885,72212.0,11.717038222098564,30.08780487804878,48.89794202197896
53073,2023,228432,43119,80989.0,12.70469774608521,38.08601417052248,108.36694815671537
53075,2023,47042,7385,52893.0,23.690609346885182,50.158065443199085,21.78614730403258
53077,2023,256605,75097,68015.0,15.423602366789163,18.865054105665184,59.751841419933164
54001,2023,15454,3110,48347.0,20.795952782462056,12.245674082525195,45.31180822086501
54003,2023,126165,29234,77329.0,11.374700750333393,24.348660755096443,392.85747648273224
54005,2023,21312,4404,56152.0,17.309885931558934,11.934640522875817,42.42291538109362
54007,2023,12345,2309,44449.0,18.813630626840556,11.861096039066739,24.17104760785926
54009,2023,22053,3813,52116.0,12.114882506527415,21.901927964788296,247.24202879052874
54011,2023,93300,18465,52828.0,19.82384305608675,32.44834910214327,332.0001138692781
54013,2023,6158,1181,41421.0,33.37139129016474,10.101665585117889,22.050898257198412
54015,2023,7946,1752,42790.0,24.901135348896545,11.774400292986632,23.238062929352896
54017,2023,7767,1200,61164.0,14.517583408476103,12.699776593916482,24.29290354463082
54019,2023,39987,8234,52672.0,18.79128819157721,16.092072667217174,60.44367991922099
54021,2023,7376,1166,50991.0,12.912969605437038,19.872754491017965,21.79005799062342
54023,2023,10972,2125,61530.0,13.421706710853357,17.943026267110618,22.984171673244344
54025,2023,32688,6368,48662.0,20.7059634176898,22.0714197045558,32.05262089597901
54027,2023,23340,4269,60299.0,14.188592618753312,16.25270593596901,36.44585744579186
54029,2023,28658,5354,61017.0,14.955959653359852,20.171653691023355,346.9071540975669
54031,2023,14236,2645,49302.0,17.64914269519626,15.661861074705111,24.447249340992418
54033,2023,65407,13979,58326.0,13.565342015484555,25.89274231577142,157.22534182034963
54035,2023,27753,6015,55671.0,17.530604090232117,19.41737769475438,59.76625843366878
54037,2023,58546,12573,95523.0,8.806152770494668,33.72484039183196,279.7282317865607
54039,2023,178198,35607,58887.0,16.116521490789662,29.274426955162436,197.6214187647081
54041,2023,16808,3658,52279.0,19.38861475508485,17.45952261725922,43.43938180032564
54043,2023,20170,4477,48593.0,20.62908907901359,8.393804074797655,46.145785908262084
54045,2023,31826,6623,47237.0,21.399482870071104,13.839850050128591,70.27468645115704
54047,2023,18413,3418,29980.0,30.939700030609124,5.748537589369539,34.5163068132824
54049,2023,56042,11194,67537.0,13.571546248329641,25.839272802396447,181.49197661803518
54051,2023,30129,5731,60329.0,15.016738402678145,19.07815631262525,98.64421096745255
54053,2023,25214,5239,53454.0,17.88318178094536,16.228333971239543,58.532667236192104
54055,2023,59062,12361,47799.0,17.977605990224287,20.667559296097934,140.97221227700842
54057,2023,26922,5365,68049.0,14.251772370185858,22.811059907834103,82.10880743682178
54059,2023,22979,5249,39527.0,29.861751152073733,8.325652841781874,54.30590348348065
54061,2023,106520,17233,62704.0,20.505601150182713,47.93676800776746,295.81329215867055
54063,2023,12401,2568,54508.0,15.667641325536064,15.428065123490972,26.23140153229798
54065,2023,17327,3025,63805.0,11.02688203393784,17.612302098325884,75.63964325782611
54067,2023,24446,5048,49280.0,17.82680412371134,19.042838018741634,37.792612151887774
54069,2023,41904,8236,57867.0,15.668481548699335,32.532078410129664,395.95577813474443
54071,2023,6111,1153,61738.0,16.344873501997338,20.456040342030256,8.779541699590547
54073,2023,7572,1486,61038.0,8.002832861189802,14.637258476121035,58.192884974523324
54075,2023,7855,1354,41200.0,20.806623931623932,15.794735088303899,8.354258863969692
54077,2023,34204,6138,61373.0,14.147018030513175,17.88841534289035,52.71772803916069
54079,2023,57250,12472,77871.0,10.681354261983529,28.404611746156878,165.61607734343136
54081,2023,73666,15562,52055.0,21.610768944969205,21.626878193882998,121.68675892919087
54083,2023,27782,5158,55057.0,14.716921496582513,18.96196824152127,26.721169568144656
54085,2023,8372,1646,50256.0,21.67840660675249,12.844924963692108,18.52253368437355
54087,2023,13921,2892,45194.0,20.218856438872383,14.193612378496331,28.78838951698124
54089,2023,11833,1897,42544.0,19.20970980105859,15.99268659926866,32.815845230567845
54091,2023,16543,3362,56807.0,14.678329921210992,17.35291690733559,95.75102303048544
54093,2023,6698,963,53475.0,13.17484662576687,24.19475655430712,15.98400168001451
54095,2023,8181,1590,58293.0,17.68791863061275,15.6632484287132,31.919376360699484
54097,2023,23758,4943,51859.0,18.316477221874162,17.432201319325678,66.99225689294435
54099,2023,38498,7915,55539.0,15.67917003362615,17.682090521908613,76.08225215165858
54101,2023,8253,1620,42061.0,22.132649322096007,12.564145009104452,14.911377310423328
54103,2023,14233,3036,53341.0,16.63176139235936,13.506058516402325,39.749544079739266
54105,2023,5131,1096,54688.0,18.332347723240687,16.24229429107478,22.067773137614996
54107,2023,83829,17625,56193.0,14.79488577834333,22.94522827099694,228.72851296043657
54109,2023,20948,4275,48038.0,22.567476707328787,12.046529968454259,41.940456884297355
55001,2023,20928,2900,59153.0,13.796690775785198,17.268269628404326,32.4140473262438
55003,2023,16050,3376,57645.0,16.379086663207058,22.10310015188064,15.359292611271137
55005,2023,46741,9959,64619.0,9.91767848997589,22.282168869705963,54.15774002291864
55007,2023,16410,2719,69609.0,8.947595295276804,34.98866035817627,11.103735686432127
55009,2023,269425,62752,77490.0,9.804138036050784,32.43333901557852,508.2608301955132
55011,2023,13341,2684,68722.0,8.729198184568835,22.092427502817912,19.741310553114793
55013,2023,16741,2701,61664.0,13.130765056972326,22.00091227003193,20.37619462606926
55015,2023,52626,11969,87700.0,5.655625095405282,32.534572228108786,165.3605655930872
55017,2023,66558,14426,74009.0,9.224843825836452,24.140465839161575,66.00651556247551
55019,2023,34736,10348,66250.0,12.033938112853033,13.417181046085302,28.714604802190298
55021,2023,58322,12131,82792.0,7.812142844583546,25.678377606398172,76.17816091954023
55023,2023,16064,3124,63496.0,12.55975378167769,18.284118791775956,28.142710733087483
55025,2023,564777,112908,88108.0,10.484443194294476,54.44958731358578,472.0258153809122
55027,2023,88818,17496,73992.0,7.851764008301215,19.92200851381164,101.42526141973441
55029,2023,30279,4851,71785.0,8.661259637528786,37.10957285159547,62.82784436107699
55031,2023,44197,8531,72579.0,10.417587530533908,27.761791567621668,33.886336592367236
55033,2023,45349,8836,71785.0,10.703930795189885,29.231422805961692,53.341786654025896
55035,2023,106328,21319,71834.0,11.54496000625055,35.658369249714134,166.67868485488822
55037,2023,4617,726,62786.0,8.458149779735683,23.12721329338055,9.460600298345984
55039,2023,104053,22185,73154.0,8.73565502508818,22.61084081408895,144.6052203689446
55041,2023,9261,1769,59727.0,15.020417172497517,15.495626822157435,9.130740851019358
55043,2023,51678,10959,64349.0,13.436493924602763,24.56242707117853,45.05975793393712
55045,2023,37036,8099,80248.0,6.984649122807017,26.975250330625357,63.413030525097426
55047,2023,19165,4158,66917.0,13.250385494762588,22.516751343789117,54.82857665987687
55049,2023,23832,5212,83372.0,7.728666326009198,28.47919234607032,31.246968000440543
55051,2023,6164,948,59058.0,11.586985391766268,23.372422159320664,8.129684559270597
55053,2023,20971,4524,65508.0,12.590909090909092,16.27270299145299,21.22753475754493
55055,2023,85867,17294,80604.0,8.125588242392064,28.128462545747574,154.3005110585597
55057,2023,26695,5226,65150.0,14.284589027608208,16.273191446337396,34.80075767748126
55059,2023,168413,37196,79412.0,10.508542518235982,30.761603228724514,619.5458240905261
55061,2023,20621,4343,80085.0,7.615651409310733,20.5607476635514,60.21538659206784
55063,2023,120262,23592,70704.0,12.424415189523513,36.08257959016812,266.180028197881
55065,2023,16788,4169,72091.0,10.696502489651449,20.62219088745924,26.496713952915776
55067,2023,19473,3755,57258.0,12.131181784949606,16.184850590687976,22.365020845536296
55069,2023,28403,5120,67726.0,10.487629974901399,19.431522143654632,32.32374041770608
55071,2023,81314,16692,68611.0,9.757131458208658,22.23185449600544,137.98358057498533
55073,2023,138067,31305,76185.0,8.914418938832966,27.27197406713133,89.35253437432452
55075,2023,41907,7968,63401.0,9.075133206237474,19.48516495800198,29.94495050976514
55077,2023,15706,2986,63471.0,11.82699095167811,15.157663369684673,34.46467403826531
55078,2023,4256,1307,59528.0,21.18844696969697,19.604679306171843,11.90106678970401
55079,2023,927656,221550,62118.0,17.465977939008884,33.892416920771105,3841.909739622376
55081,2023,46169,11742,68213.0,11.8412949766869,19.976272164684,51.24741370889684
55083,2023,39329,7841,75886.0,8.420373952288845,18.69759450171821,39.428478050120454
55085,2023,38007,6450,69621.0,8.19900018713075,28.429403152769737,34.119309408731496
55087,2023,191537,44423,82857.0,6.411237196650942,31.98365442527465,300.4233346979172
55089,2023,92345,19474,96734.0,4.552236331686616,50.36459294812627,396.31176210565167
55091,2023,7372,1624,74536.0,7.944117244213121,23.636020388899375,31.77476638736595
55093,2023,42351,8678,88802.0,9.540520893389818,31.98398413106564,73.77991630924465
55095,2023,45327,9143,76208.0,8.286218686451093,23.665523259312753,49.57454720447983
55097,2023,70375,13403,73284.0,10.221833646992575,33.69664336271658,87.87274902169379
55099,2023,14077,2514,58720.0,12.970951970089157,17.05800464037123,11.225167596050259
55101,2023,196888,45142,75331.0,10.794490312236462,27.986119297418366,591.9467486042254
55103,2023,17229,3670,62649.0,14.467305190966066,20.719039117026455,29.3934999573488
55105,2023,163944,37172,74390.0,9.970630786138726,25.73415559940188,228.28116580126905
55107,2023,14146,2851,58322.0,12.488316917104033,16.301633045148893,15.484596952776686
55109,2023,94819,22882,102482.0,6.590901828794189,39.38824544110399,131.29952171131524
55111,2023,65759,14819,77648.0,8.759910707412825,26.493158383951926,79.07651274009815
55113,2023,18243,3319,59055.0,14.966522252855455,27.20121247113164,14.506202290076336
55115,2023,40927,8705,67032.0,10.96504332237825,18.701201710910446,45.819362422681856
55117,2023,117783,25631,71898.0,8.081468882201579,27.319025100036377,230.26124151791038
55119,2023,19972,4645,63142.0,9.289728142560625,16.65473804752362,20.483010136895263
55121,2023,30786,8205,71295.0,8.4662374112597,20.229885057471265,42.00194824862272
55123,2023,30915,8072,69556.0,14.506940806705082,24.84211541242829,39.05564054914138
55125,2023,23410,3857,67132.0,10.93182211455269,30.52494435698388,27.293607396439356
55127,2023,105447,20957,77359.0,9.71704086105294,32.31722742221098,189.84648013351745
55129,2023,16749,3076,61270.0,11.70719932412045,23.55072463768116,21.0120509738883
55131,2023,137320,29253,95851.0,5.262271062271062,34.7884137143789,318.8712718626058
55133,2023,409040,86754,104100.0,5.206134275548576,47.93676230392308,744.0811314748283
55135,2023,51714,10473,71189.0,10.054169891064944,20.192001697252575,69.16391824550422
55137,2023,24752,4465,64968.0,11.067642604745078,17.35967287982582,39.52976950017648
55139,2023,171357,34982,72873.0,10.885598759614508,31.042219748223005,394.19871772752055
55141,2023,74039,15975,66417.0,10.298876312447945,21.42358029121263,93.3636983822541
56001,2023,37713,5885,59881.0,20.95270772573912,55.509822263797936,8.82345715839899
56003,2023,11737,2881,60547.0,11.958511287370348,20.88811709253287,3.7415240310912776
56005,2023,47018,12721,95253.0,9.105262019594697,22.21320258466734,9.791204408936572
56007,2023,14549,3331,66721.0,12.56544502617801,22.79252704031465,1.842171171369654
56009,2023,13759,3368,79164.0,11.325885638688813,22.87609222023371,3.233611320342327
56011,2023,7339,1786,71209.0,6.189953335163327,23.99686827167743,2.5710462150724473
56013,2023,39472,9721,64646.0,12.388552416105638,25.25450569338662,4.298101287187254
56015,2023,12587,2463,64882.0,12.341337907375644,24.610591900311526,5.655520524008442
56017,2023,4618,999,64375.0,13.70592149035263,26.382211538461537,2.303895719034479
56019,2023,8602,1688,63905.0,10.60695344725987,30.314086294416242,2.070699387022911
56021,2023,100661,22870,77884.0,9.875580842081819,32.04091997388087,37.47807037139632
56023,2023,20158,5206,86092.0,7.07337756272759,24.120676968359085,4.946339407023272
56025,2023,79735,19036,71247.0,9.723108332270002,27.37014299893394,14.930146537698361
56027,2023,2415,355,48987.0,17.62557077625571,19.5822454308094,0.9196398515171964
56029,2023,30109,6260,70533.0,8.582038702643773,34.95593595718175,4.339073465360261
56031,2023,8606,1730,66299.0,10.21638879035119,19.512566641279513,4.134599816763146
56033,2023,31585,6797,70855.0,9.802134860713355,33.37504469074008,12.517035810571695
56035,2023,8806,1948,82791.0,8.358106563000229,31.08898372056267,1.8021144864546723
56037,2023,41786,10563,76464.0,13.439320388349515,20.375790424570912,4.007488266017582
56039,2023,23358,4049,112681.0,7.028190230256079,61.21971595655806,5.844108079220465
56041,2023,20605,5720,82672.0,7.567380787836904,21.319190259206692,9.898060306832663
56043,2023,7708,1664,62648.0,8.628230616302186,22.03235775313579,3.4431019364544895
56045,2023,6835,1318,87545.0,10.491597298570756,18.043478260869566,2.850285966876633
72001,2023,17975,3169,18605.0,61.946458449525934,16.956947900173414,269.5306642675064
72003,2023,37904,5918,21694.0,46.46814587575702,23.6188228761799,1228.2964451213584
72005,2023,54486,9181,19826.0,47.917285969084425,25.471252949211475,1491.0513929177384
72007,2023,23888,3952,22361.0,43.628727425451494,20.43132162818269,794.01695196942
72009,2023,24610,4039,21714.0,44.63653744457552,23.369360649567135,785.9606540623403
72011,2023,25316,3979,23591.0,44.92167360697997,23.158114745532448,644.2877866286616
72013,2023,86875,14240,23175.0,42.903308600494654,27.46049155762903,689.8126091789741
72015,2023,15573,2910,18931.0,54.441942746863944,26.637747875354105,1037.5774535278833
72017,2023,22565,3867,21750.0,45.40936321278012,24.138138862102217,1206.9426615318785
72019,2023,28984,5785,22167.0,49.55264253017062,22.33611558549324,846.1740577467667
72021,2023,183456,29139,30729.0,34.441134974133874,32.07342626815285,4128.265712549787
72023,2023,46955,7334,25720.0,38.46137421531366,28.585497622330397,667.2967057954125
72025,2023,126239,20809,30113.0,36.64784717189976,34.8450974129671,2154.1021090710533
72027,2023,32753,5305,26094.0,38.98664210041456,21.247150765223054,706.568870671988
72029,2023,42037,7527,27278.0,33.87411854392987,27.52544136294177,1278.9254312574158
72031,2023,153226,24519,35126.0,29.30562110009963,34.771547067228944,3376.658292564679
72033,2023,22768,3948,24307.0,44.22282751955013,22.848965476119492,4711.920529801325
72035,2023,41231,6604,28461.0,37.90166003300651,28.997088320931734,793.8962164243766
72037,2023,11128,1713,23204.0,41.612377850162865,21.483771251931994,383.248381319741
72039,2023,16874,2927,20614.0,58.242215355360116,16.997302015553085,253.6337537013934
72041,2023,39765,6978,27149.0,36.247571468220926,26.175827180749252,1103.8780778946782
72043,2023,34294,5867,20797.0,51.95831625783034,22.727448180028563,439.5934010998167
72045,2023,18775,3282,17254.0,53.0123693751333,17.98581970771234,661.0682722439351
72047,2023,34474,6389,23933.0,44.15478377511445,21.8608924933083,809.8761951746658
72049,2023,1281,204,27614.0,20.843091334894616,16.2291169451074,109.9854039666867
72051,2023,35816,6579,33388.0,29.216344808284354,36.29403348671745,1549.40301090154
72053,2023,31756,5480,25170.0,41.476374217218044,29.88039299444682,1061.8249908048283
72054,2023,11624,2059,21213.0,50.6041774555498,19.01521712235556,764.0331273826738
72055,2023,13266,2339,16210.0,64.74633251833741,15.487690869429729,358.05668016194335
72057,2023,35845,6207,20273.0,48.59088217880402,22.47191011235955,551.1478081707336
72059,2023,17418,3099,21400.0,50.18165042385099,25.005886508123382,412.05554635565755
72061,2023,89503,12844,46048.0,24.298354213282146,49.12197163181969,3244.625702374479
72063,2023,40383,6984,39532.0,31.999104989682518,33.83440867479647,1448.1979558902635
72065,2023,38266,6006,28001.0,36.35791626248591,31.424932006747685,915.9585417813629
72067,2023,15520,2186,24862.0,40.05322256117349,30.32091785833056,1367.8829543451436
72069,2023,50441,8198,26083.0,38.52751680529791,26.77972369707056,1127.9545607012678
72071,2023,42878,6885,20484.0,46.6687055945043,25.446082234290145,775.2165030464103
72073,2023,14653,2830,18413.0,54.91685485526586,20.341244876560864,329.03689398872746
72075,2023,46276,8621,23823.0,42.86025297716239,27.864583333333332,767.7096121304622
72077,2023,36895,6784,28196.0,33.999185778260276,22.72744396308156,1392.78973197433
72079,2023,23133,3603,18920.0,52.97074756229686,20.95416808825202,385.8265089981153
72081,2023,27944,4598,19323.0,54.86873076226688,21.298763082778308,454.7436940602115
72083,2023,8790,1618,16170.0,53.97479954180985,16.566740296623543,189.60310612597067
72085,2023,35034,6009,25697.0,37.54581901489118,28.916779301023364,1034.0613931523021
72087,2023,23176,4076,22500.0,44.80657013183488,18.478642480983034,1196.2423867038299
72089,2023,17631,2893,23769.0,43.8047061498238,23.482708603710208,683.0808569989539
72091,2023,39152,6696,20352.0,45.94281894379596,23.77252952144189,867.3460345591493
72093,2023,5176,861,20541.0,52.6468315301391,11.509146341463415,141.33194986756956
72095,2023,10482,1708,19363.0,52.845140347527206,12.683110053837485,495.25159461374915
72097,2023,71824,11279,17963.0,53.01516780802535,27.467445539734697,925.6982304192604
72099,2023,37402,6532,21415.0,46.000808734330775,24.779929577464788,742.9729246538607
72101,2023,28534,5111,23010.0,48.68970356077881,20.66322841856654,734.069100357593
72103,2023,23205,4476,21416.0,47.99982701206591,23.715893278480245,449.17829697450685
72105,2023,29246,5130,21399.0,50.5493748493094,19.763286145277327,1067.3333090033211
72107,2023,21351,4001,19062.0,52.52568089718217,18.520437908920126,335.5756385068762
72109,2023,15753,2489,23422.0,47.77134863610352,22.141847509769686,338.01819586301605
72111,2023,20082,3961,20959.0,51.003636001394625,25.651991026360065,450.08740866914695
72113,2023,134676,23765,18827.0,50.942348223728764,30.483419082064085,1171.7273660582227
72115,2023,23486,3988,23624.0,45.05269445748176,21.207252696809732,1035.4009610721687
72117,2023,15276,2192,25223.0,44.584316810910046,24.485355648535563,1069.1489361702127
72119,2023,46478,7523,26745.0,37.01242289983494,26.21991641446894,766.6980089407961
72121,2023,22541,3856,20564.0,44.50784593437946,29.07839616995811,620.741883072178
72123,2023,25397,4712,21611.0,48.026941362916006,19.345027969369465,365.9299175840009
72125,2023,31514,5308,17921.0,51.91728117986534,24.286326618088296,578.270363506248
72127,2023,338661,53461,26981.0,39.48433092699718,42.1615061508515,7072.234055882721
72129,2023,37515,6145,21320.0,44.61270903010033,19.905348183467957,706.3907509226482
72131,2023,39168,6556,17834.0,52.389998459721724,22.79782164737917,556.1819291992673
72133,2023,20064,3721,23197.0,45.73979846353387,28.789144050104383,589.2511013215859
72135,2023,66536,11487,33349.0,33.82654600301659,28.407685330254807,2462.745678646778
72137,2023,73987,12353,29648.0,33.8269659257649,27.66377702183694,3183.057993460678
72139,2023,67329,11135,38773.0,28.163569882844563,39.904461144867284,3243.520570382503
72141,2023,27896,4711,17624.0,53.4918062308662,22.74338827136834,245.7104604869112
72143,2023,35114,6400,25235.0,41.26451612903226,24.732072498029943,1266.3733410271204
72145,2023,54058,9081,23877.0,42.28114243185412,24.948361247293633,1179.069970336765
72147,2023,8147,1420,17531.0,59.53111574812815,12.371305214214546,160.41190832480115
72149,2023,21778,4113,24882.0,41.832025842178126,22.481067898857656,611.1064343238769
72151,2023,29868,4808,21279.0,49.71664263438517,18.36052420433271,540.9399619668568
72153,2023,33509,5474,21918.0,44.557425237709595,27.116370808678504,494.875354442344
