county_fips,county_name,state,land_area_sqmi,lat,lon
01001,Autauga County,AL,594.455,32.532237,-86.64644
01003,Baldwin County,AL,1589.863,30.659218,-87.746067
01005,Barbour County,AL,885.008,31.870253,-85.405104
01007,Bibb County,AL,622.47,33.015893,-87.127148
01009,Blount County,AL,644.891,33.977358,-86.56644
01011,Bullock County,AL,622.815,32.101759,-85.717261
01013,Butler County,AL,776.839,31.751667,-86.681969
01015,Calhoun County,AL,605.89,33.770516,-85.827909
01017,Chambers County,AL,596.554,32.915504,-85.394032
01019,Cherokee County,AL,553.524,34.069515,-85.654242
01021,Chilton County,AL,692.837,32.854051,-86.726607
01023,Choctaw County,AL,913.479,31.990954,-88.248889
01025,Clarke County,AL,1238.42,31.685521,-87.818624
01027,Clay County,AL,603.962,33.2704,-85.863525
01029,Cleburne County,AL,560.105,33.671964,-85.516126
01031,Coffee County,AL,678.986,31.402258,-85.989602
01033,Colbert County,AL,592.953,34.703112,-87.801457
01035,Conecuh County,AL,850.279,31.430926,-86.988722
01037,Coosa County,AL,650.909,32.931445,-86.243482
01039,Covington County,AL,1030.571,31.243987,-86.448721
01041,Crenshaw County,AL,608.865,31.730311,-86.320038
01043,Cullman County,AL,734.739,34.131923,-86.869267
01045,Dale County,AL,561.113,31.430654,-85.609476
01047,Dallas County,AL,978.738,32.333526,-87.11436
01049,DeKalb County,AL,777.077,34.460915,-85.804021
01051,Elmore County,AL,618.516,32.597229,-86.142735
01053,Escambia County,AL,945.408,31.122287,-87.16841
01055,Etowah County,AL,535.105,34.047641,-86.034263
01057,Fayette County,AL,627.684,33.716157,-87.764292
01059,Franklin County,AL,633.959,34.441989,-87.842814
01061,Geneva County,AL,574.485,31.092382,-85.821022
01063,Greene County,AL,647.023,32.844497,-87.9642
01065,Hale County,AL,643.99,32.752796,-87.623061
01067,Henry County,AL,561.892,31.516978,-85.239971
01069,Houston County,AL,579.826,31.158183,-85.296411
01071,Jackson County,AL,1078.015,34.764114,-85.980056
01073,Jefferson County,AL,1111.54,33.553444,-86.896536
01075,Lamar County,AL,604.846,33.787085,-88.087431
01077,Lauderdale County,AL,668.018,34.904168,-87.651108
01079,Lawrence County,AL,690.684,34.529776,-87.321865
01081,Lee County,AL,607.545,32.604064,-85.353048
01083,Limestone County,AL,563.404,34.810239,-86.981399
01085,Lowndes County,AL,716.085,32.147888,-86.650586
01087,Macon County,AL,608.665,32.387027,-85.692887
01089,Madison County,AL,801.602,34.764238,-86.55108
01091,Marengo County,AL,976.898,32.247591,-87.791091
01093,Marion County,AL,742.342,34.138219,-87.881551
01095,Marshall County,AL,565.845,34.309564,-86.321668
01097,Mobile County,AL,1229.374,30.684572,-88.196568
01099,Monroe County,AL,1025.669,31.580353,-87.383342
01101,Montgomery County,AL,785.355,32.202881,-86.204461
01103,Morgan County,AL,579.669,34.454484,-86.846402
01105,Perry County,AL,719.67,32.639005,-87.293827
01107,Pickens County,AL,881.408,33.2968,-88.096864
01109,Pike County,AL,672.067,31.798653,-85.941608
01111,Randolph County,AL,580.55,33.296461,-85.464064
01113,Russell County,AL,641.182,32.289811,-85.18698
01115,St. Clair County,AL,631.57,33.719491,-86.311327
01117,Shelby County,AL,785.441,33.266893,-86.661007
01119,Sumter County,AL,903.826,32.597481,-88.200057
01121,Talladega County,AL,736.817,33.369314,-86.17593
01123,Tallapoosa County,AL,716.528,32.863308,-85.799618
01125,Tuscaloosa County,AL,1320.848,33.29022,-87.522783
01127,Walker County,AL,791.03,33.791558,-87.301094
01129,Washington County,AL,1080.255,31.408503,-88.212404
01131,Wilcox County,AL,887.858,31.990082,-87.304935
01133,Winston County,AL,612.998,34.154566,-87.365346
02013,Aleutians East Borough,AK,6986.254,55.245044,-161.997477
02016,Aleutians West Census Area,AK,4393.026,51.948964,179.621188
02020,Anchorage Municipality,AK,1707.004,61.17425,-149.284329
02050,Bethel Census Area,AK,40638.578,60.929141,-160.152625
02060,Bristol Bay Borough,AK,481.952,58.741661,-156.966805
02063,Chugach Census Area,AK,9530.193,60.488474,-146.203092
02066,Copper River Census Area,AK,24692.42,62.034479,-143.922167
02068,Denali Borough,AK,12641.049,63.682039,-150.027016
02070,Dillingham Census Area,AK,18333.994,59.543326,-158.267123
02090,Fairbanks North Star Borough,AK,7334.752,64.670454,-146.496061
02100,Haines Borough,AK,2343.605,59.098404,-135.575791
02105,Hoonah-Angoon Census Area,AK,6559.711,58.403336,-135.884909
02110,Juneau City and Borough,AK,2704.203,58.37291,-134.178445
02122,Kenai Peninsula Borough,AK,16017.53,60.366668,-152.322283
02130,Ketchikan Gateway Borough,AK,4857.02,55.449938,-131.106685
02150,Kodiak Island Borough,AK,6689.481,57.7044,-153.918372
02158,Kusilvak Census Area,AK,17077.09,62.283588,-163.190171
02164,Lake and Peninsula Borough,AK,23831.86,58.108507,-156.413413
02170,Matanuska-Susitna Borough,AK,24707.306,62.265626,-149.503993
02180,Nome Census Area,AK,22969.508,64.783686,-164.188912
02185,North Slope Borough,AK,88823.624,69.449343,-153.47283
02188,Northwest Arctic Borough,AK,35663.282,67.005066,-160.021086
02195,Petersburg Borough,AK,2900.828,57.112458,-133.008598
02198,Prince of Wales-Hyder Census Area,AK,5267.817,55.682773,-133.162389
02220,Sitka City and Borough,AK,2870.063,57.193204,-135.367396
02230,Skagway Municipality,AK,433.971,59.560379,-135.338279
02240,Southeast Fairbanks Census Area,AK,24832.27,63.864997,-143.218628
02275,Wrangell City and Borough,AK,2556.131,56.180779,-132.026788
02282,Yakutat City and Borough,AK,7625.25,60.017508,-140.416847
02290,Yukon-Koyukuk Census Area,AK,145581.869,65.375727,-151.57785
04001,Apache County,AZ,11198.313,35.385084,-109.490172
04003,Cochise County,AZ,6209.863,31.840129,-109.775163
04005,Coconino County,AZ,18616.354,35.829692,-111.773728
04007,Gila County,AZ,4757.578,33.789618,-110.81187
04009,Graham County,AZ,4621.877,32.931828,-109.87831
04011,Greenlee County,AZ,1842.838,33.238872,-109.242323
04012,La Paz County,AZ,4496.579,33.72761,-114.038806
04013,Maricopa County,AZ,9202.016,33.345176,-112.49893
04015,Mohave County,AZ,13332.117,35.717705,-113.749689
04017,Navajo County,AZ,9949.492,35.390785,-110.321025
04019,Pima County,AZ,9188.683,32.128038,-111.783657
04021,Pinal County,AZ,5366.671,32.918521,-111.366339
04023,Santa Cruz County,AZ,1236.26,31.525733,-110.845228
04025,Yavapai County,AZ,8122.932,34.631071,-112.577225
04027,Yuma County,AZ,5513.82,32.773942,-113.910905
05001,Arkansas County,AR,992.14,34.28957,-91.376547
05003,Ashley County,AR,925.492,33.190835,-91.772267
05005,Baxter County,AR,553.931,36.280268,-92.329949
05007,Benton County,AR,847.733,36.337819,-94.256298
05009,Boone County,AR,589.723,36.304299,-93.079236
05011,Bradley County,AR,649.167,33.466549,-92.169156
05013,Calhoun County,AR,628.601,33.56046,-92.513879
05015,Carroll County,AR,629.928,36.33737,-93.540972
05017,Chicot County,AR,636.978,33.267139,-91.297158
05019,Clark County,AR,865.971,34.053316,-93.176208
05021,Clay County,AR,639.224,36.367302,-90.418704
05023,Cleburne County,AR,553.959,35.593628,-92.008898
05025,Cleveland County,AR,597.91,33.893201,-92.188714
05027,Columbia County,AR,766.065,33.223038,-93.232843
05029,Conway County,AR,551.917,35.26569,-92.689249
05031,Craighead County,AR,707.162,35.827729,-90.631421
05033,Crawford County,AR,595.269,35.582959,-94.236193
05035,Crittenden County,AR,612.865,35.197559,-90.30512
05037,Cross County,AR,616.318,35.285692,-90.763984
05039,Dallas County,AR,667.323,33.967823,-92.653999
05041,Desha County,AR,741.227,33.828752,-91.244103
05043,Drew County,AR,828.667,33.587242,-91.722778
05045,Faulkner County,AR,647.243,35.146548,-92.336928
05047,Franklin County,AR,608.967,35.508558,-93.887665
05049,Fulton County,AR,617.994,36.381322,-91.819285
05051,Garland County,AR,677.615,34.578852,-93.146932
05053,Grant County,AR,631.888,34.285568,-92.422979
05055,Greene County,AR,577.34,36.120607,-90.566346
05057,Hempstead County,AR,727.2,33.735953,-93.664355
05059,Hot Spring County,AR,614.944,34.315177,-92.944147
05061,Howard County,AR,587.332,34.083064,-93.990931
05063,Independence County,AR,763.712,35.737499,-91.559942
05065,Izard County,AR,580.201,36.094879,-91.913625
05067,Jackson County,AR,633.611,35.596467,-91.223205
05069,Jefferson County,AR,872.346,34.277239,-91.929673
05071,Johnson County,AR,660.99,35.573359,-93.466322
05073,Lafayette County,AR,529.472,33.240629,-93.611514
05075,Lawrence County,AR,587.528,36.041098,-91.101153
05077,Lee County,AR,599.807,34.779505,-90.779717
05079,Lincoln County,AR,559.466,33.956385,-91.742355
05081,Little River County,AR,531.255,33.701941,-94.236287
05083,Logan County,AR,709.115,35.218654,-93.72091
05085,Lonoke County,AR,771.45,34.755114,-91.894132
05087,Madison County,AR,834.238,36.012545,-93.724053
05089,Marion County,AR,596.598,36.266664,-92.678577
05091,Miller County,AR,624.04,33.305505,-93.901502
05093,Mississippi County,AR,902.093,35.766944,-90.052207
05095,Monroe County,AR,607.461,34.679512,-91.20331
05097,Montgomery County,AR,780.453,34.545656,-93.664153
05099,Nevada County,AR,617.79,33.666699,-93.305072
05101,Newton County,AR,821.076,35.910742,-93.215898
05103,Ouachita County,AR,732.721,33.591168,-92.878413
05105,Perry County,AR,551.336,34.946363,-92.926877
05107,Phillips County,AR,690.36,34.423687,-90.855593
05109,Pike County,AR,600.335,34.158191,-93.658659
05111,Poinsett County,AR,758.295,35.56887,-90.681104
05113,Polk County,AR,856.838,34.49096,-94.230894
05115,Pope County,AR,810.952,35.456557,-93.026818
05117,Prairie County,AR,647.516,34.831116,-91.55362
05119,Pulaski County,AR,758.366,34.770311,-92.312996
05121,Randolph County,AR,651.913,36.341298,-91.028441
05123,St. Francis County,AR,634.784,35.022838,-90.751506
05125,Saline County,AR,723.516,34.648525,-92.674463
05127,Scott County,AR,892.85,34.858869,-94.063641
05129,Searcy County,AR,665.879,35.896387,-92.695888
05131,Sebastian County,AR,531.183,35.196981,-94.274989
05133,Sevier County,AR,563.569,33.994877,-94.243279
05135,Sharp County,AR,604.641,36.173399,-91.471069
05137,Stone County,AR,606.44,35.857001,-92.140482
05139,Union County,AR,1039.067,33.168219,-92.598145
05141,Van Buren County,AR,709.57,35.582953,-92.515976
05143,Washington County,AR,941.45,35.978001,-94.217269
05145,White County,AR,1033.966,35.255118,-91.753034
05147,Woodruff County,AR,585.973,35.192777,-91.244535
05149,Yell County,AR,930.386,34.997713,-93.408303
06001,Alameda County,CA,737.459,37.647139,-121.912488
06003,Alpine County,CA,738.34,38.621783,-119.798352
06005,Amador County,CA,594.585,38.443549,-120.653858
06007,Butte County,CA,1636.49,39.665336,-121.603209
06009,Calaveras County,CA,1020.016,38.191068,-120.554107
06011,Colusa County,CA,1150.679,39.177739,-122.237563
06013,Contra Costa County,CA,716.896,37.919479,-121.951543
06015,Del Norte County,CA,1006.202,41.749903,-123.980998
06017,El Dorado County,CA,1707.841,38.785612,-120.534225
06019,Fresno County,CA,5958.383,36.761006,-119.655019
06021,Glenn County,CA,1313.968,39.602546,-122.4017
06023,Humboldt County,CA,3568.025,40.706655,-123.926176
06025,Imperial County,CA,4175.528,33.040814,-115.3554
06027,Inyo County,CA,10197.261,36.56216,-117.404209
06029,Kern County,CA,8134.673,35.346629,-118.729506
06031,Kings County,CA,1390.972,36.072478,-119.81553
06033,Lake County,CA,1255.082,39.108009,-122.745217
06035,Lassen County,CA,4541.369,40.715287,-120.621223
06037,Los Angeles County,CA,4060.246,34.196398,-118.261862
06039,Madera County,CA,2136.918,37.209821,-119.749802
06041,Marin County,CA,520.141,38.051367,-122.746396
06043,Mariposa County,CA,1448.84,37.574343,-119.911721
06045,Mendocino County,CA,3506.807,39.432388,-123.442881
06047,Merced County,CA,1938.004,37.194806,-120.722802
06049,Modoc County,CA,3948.233,41.592918,-120.71837
06051,Mono County,CA,3048.904,37.915836,-118.875167
06053,Monterey County,CA,3281.718,36.240104,-121.315578
06055,Napa County,CA,751.975,38.5071,-122.325904
06057,Nevada County,CA,957.76,39.297508,-120.771343
06059,Orange County,CA,792.861,33.675687,-117.777207
06061,Placer County,CA,1407.084,39.062032,-120.722718
06063,Plumas County,CA,2553.062,39.992295,-120.824371
06065,Riverside County,CA,7209.253,33.729828,-116.002239
06067,Sacramento County,CA,965.28,38.450136,-121.344329
06069,San Benito County,CA,1388.652,36.611651,-121.085811
06071,San Bernardino County,CA,20068.167,34.856661,-116.181571
06073,San Diego County,CA,4210.46,33.023604,-116.776117
06075,San Francisco County,CA,46.7,37.727239,-123.032229
06077,San Joaquin County,CA,1392.238,37.934982,-121.272244
06079,San Luis Obispo County,CA,3300.842,35.388189,-120.448897
06081,San Mateo County,CA,448.606,37.414672,-122.371546
06083,Santa Barbara County,CA,2733.941,34.536677,-120.038364
06085,Santa Clara County,CA,1291.084,37.221614,-121.68954
06087,Santa Cruz County,CA,445.106,37.012347,-122.007789
06089,Shasta County,CA,3775.651,40.760514,-122.043556
06091,Sierra County,CA,953.168,39.576925,-120.521993
06093,Siskiyou County,CA,6278.767,41.587986,-122.533287
06095,Solano County,CA,821.736,38.267226,-121.939594
06097,Sonoma County,CA,1575.337,38.525182,-122.92611
06099,Stanislaus County,CA,1496.15,37.562316,-121.002831
06101,Sutter County,CA,602.696,39.03619,-121.70394
06103,Tehama County,CA,2949.137,40.126157,-122.232274
06105,Trinity County,CA,3179.268,40.647858,-123.114666
06107,Tulare County,CA,4823.899,36.228834,-118.781055
06109,Tuolumne County,CA,2220.911,38.021434,-119.964733
06111,Ventura County,CA,1840.775,34.358748,-119.133145
06113,Yolo County,CA,1012.988,38.679609,-121.90275
06115,Yuba County,CA,632.006,39.27013,-121.344259
08001,Adams County,CO,1166.74,39.874325,-104.331872
08003,Alamosa County,CO,722.645,37.568442,-105.788041
08005,Arapahoe County,CO,797.884,39.644554,-104.331706
08007,Archuleta County,CO,1350.088,37.202395,-107.050863
08009,Baca County,CO,2554.993,37.30978,-102.543741
08011,Bent County,CO,1512.847,37.931891,-103.077584
08013,Boulder County,CO,726.385,40.094966,-105.397702
08014,Broomfield County,CO,32.968,39.953593,-105.050787
08015,Chaffee County,CO,1013.408,38.734599,-106.300025
08017,Cheyenne County,CO,1778.276,38.835646,-102.601791
08019,Clear Creek County,CO,395.073,39.689403,-105.670783
08021,Conejos County,CO,1287.428,37.213406,-106.176447
08023,Costilla County,CO,1227.593,37.277547,-105.42894
08025,Crowley County,CO,787.428,38.30618,-103.772736
08027,Custer County,CO,738.626,38.101996,-105.373512
08029,Delta County,CO,1142.125,38.861423,-107.865043
08031,Denver County,CO,153.074,39.76185,-104.881105
08033,Dolores County,CO,1067.17,37.733823,-108.506219
08035,Douglas County,CO,840.888,39.325414,-104.925987
08037,Eagle County,CO,1684.47,39.626992,-106.695169
08039,Elbert County,CO,1850.086,39.315157,-104.114076
08041,El Paso County,CO,2126.416,38.827383,-104.527472
08043,Fremont County,CO,1533.835,38.45517,-105.424958
08045,Garfield County,CO,2947.425,39.599352,-107.90978
08047,Gilpin County,CO,150.023,39.861156,-105.528878
08049,Grand County,CO,1846.447,40.113065,-106.110837
08051,Gunnison County,CO,3239.14,38.670499,-107.05688
08053,Hinsdale County,CO,1117.231,37.811519,-107.383974
08055,Huerfano County,CO,1591.033,37.687815,-104.959928
08057,Jackson County,CO,1613.726,40.663432,-106.329248
08059,Jefferson County,CO,764.383,39.579511,-105.245462
08061,Kiowa County,CO,1767.809,38.387663,-102.756849
08063,Kit Carson County,CO,2160.822,39.30534,-102.603023
08065,Lake County,CO,376.919,39.205341,-106.350079
08067,La Plata County,CO,1689.682,37.287367,-107.839718
08069,Larimer County,CO,2595.747,40.658093,-105.486764
08071,Las Animas County,CO,4772.938,37.318831,-104.04411
08073,Lincoln County,CO,2577.73,38.99374,-103.507555
08075,Logan County,CO,1838.599,40.728091,-103.090464
08077,Mesa County,CO,3328.721,39.019524,-108.460571
08079,Mineral County,CO,875.76,37.549067,-107.003236
08081,Moffat County,CO,4743.244,40.610864,-108.217154
08083,Montezuma County,CO,2029.349,37.338025,-108.595786
08085,Montrose County,CO,2240.946,38.407507,-108.266282
08087,Morgan County,CO,1280.485,40.263159,-103.81221
08089,Otero County,CO,1261.946,37.88417,-103.72126
08091,Ouray County,CO,540.671,38.154731,-107.78848
08093,Park County,CO,2193.51,39.118914,-105.717648
08095,Phillips County,CO,687.928,40.594712,-102.345105
08097,Pitkin County,CO,970.701,39.217541,-106.916162
08099,Prowers County,CO,1638.407,37.958181,-102.392161
08101,Pueblo County,CO,2386.591,38.162765,-104.484668
08103,Rio Blanco County,CO,3220.971,39.972622,-108.200716
08105,Rio Grande County,CO,911.956,37.485853,-106.453128
08107,Routt County,CO,2362.02,40.483664,-106.987702
08109,Saguache County,CO,3168.566,38.031651,-106.234666
08111,San Juan County,CO,387.516,37.781049,-107.670257
08113,San Miguel County,CO,1286.725,38.009319,-108.427263
08115,Sedgwick County,CO,548.041,40.871568,-102.355358
08117,Summit County,CO,608.328,39.621023,-106.137555
08119,Teller County,CO,557.141,38.869976,-105.187365
08121,Washington County,CO,2518.084,39.96579,-103.209744
08123,Weld County,CO,3984.958,40.555961,-104.383666
08125,Yuma County,CO,2364.399,40.00077,-102.421649
09110,Capitol Planning Region,CT,1027.349,41.81697,-72.575886
09120,Greater Bridgeport Planning Region,CT,140.181,41.184558,-73.209401
09130,Lower Connecticut River Valley Planning Region,CT,424.115,41.420307,-72.493525
09140,Naugatuck Valley Planning Region,CT,412.784,41.518931,-73.087906
09150,Northeastern Connecticut Planning Region,CT,553.895,41.842375,-71.972655
09160,Northwest Hills Planning Region,CT,786.642,41.854809,-73.221494
09170,South Central Connecticut Planning Region,CT,367.169,41.290167,-72.837024
09180,Southeastern Connecticut Planning Region,CT,598.135,41.484769,-72.101666
09190,Western Connecticut Planning Region,CT,532.127,41.279055,-73.44655
10001,Kent County,DE,586.061,39.097088,-75.502982
10003,New Castle County,DE,426.337,39.575915,-75.644132
10005,Sussex County,DE,936.146,38.673227,-75.337024
11001,District of Columbia,DC,61.126,38.904247,-77.016517
12001,Alachua County,FL,875.645,29.67574,-82.357221
12003,Baker County,FL,585.23,30.324442,-82.302284
12005,Bay County,FL,758.598,30.15914,-85.534395
12007,Bradford County,FL,293.966,29.952386,-82.166698
12009,Brevard County,FL,1014.97,28.298311,-80.700333
12011,Broward County,FL,1202.909,26.193535,-80.476683
12013,Calhoun County,FL,567.336,30.388801,-85.197915
12015,Charlotte County,FL,681.118,26.906396,-82.003657
12017,Citrus County,FL,581.912,28.850292,-82.595552
12019,Clay County,FL,604.598,29.986584,-81.865036
12021,Collier County,FL,1996.848,26.118786,-81.400955
12023,Columbia County,FL,797.377,30.221651,-82.623371
12027,DeSoto County,FL,636.695,27.190581,-81.806253
12029,Dixie County,FL,705.035,29.552675,-83.236232
12031,Duval County,FL,762.617,30.335245,-81.648113
12033,Escambia County,FL,656.994,30.529998,-87.320322
12035,Flagler County,FL,486.191,29.474891,-81.286253
12037,Franklin County,FL,544.999,29.677794,-84.815213
12039,Gadsden County,FL,516.375,30.578687,-84.612607
12041,Gilchrist County,FL,349.695,29.723456,-82.795801
12043,Glades County,FL,806.822,26.95481,-81.19082
12045,Gulf County,FL,553.461,29.859238,-85.272013
12047,Hamilton County,FL,514.295,30.498438,-82.951116
12049,Hardee County,FL,637.569,27.492846,-81.82158
12051,Hendry County,FL,1155.95,26.539967,-81.152114
12053,Hernando County,FL,472.966,28.555995,-82.525969
12055,Highlands County,FL,1017.66,27.34108,-81.342353
12057,Hillsborough County,FL,1022.502,27.893154,-82.379991
12059,Holmes County,FL,478.857,30.862007,-85.815939
12061,Indian River County,FL,502.527,27.700528,-80.574789
12063,Jackson County,FL,918.23,30.789249,-85.208814
12065,Jefferson County,FL,598.079,30.396898,-83.921761
12067,Lafayette County,FL,543.345,29.990066,-83.17851
12069,Lake County,FL,952.13,28.764113,-81.712282
12071,Lee County,FL,781.026,26.563273,-81.984182
12073,Leon County,FL,668.428,30.45931,-84.2778
12075,Levy County,FL,1118.254,29.271854,-82.831233
12077,Liberty County,FL,835.563,30.259849,-84.86858
12079,Madison County,FL,696.529,30.447233,-83.470416
12081,Manatee County,FL,742.762,27.475556,-82.393144
12083,Marion County,FL,1588.422,29.202805,-82.0431
12085,Martin County,FL,543.822,27.083604,-80.398201
12086,Miami-Dade County,FL,1899.925,25.616009,-80.50375
12087,Monroe County,FL,983.034,25.58612,-81.022603
12089,Nassau County,FL,648.681,30.605963,-81.765087
12091,Okaloosa County,FL,929.862,30.614325,-86.59108
12093,Okeechobee County,FL,769.286,27.385592,-80.887388
12095,Orange County,FL,902.992,28.514391,-81.323284
12097,Osceola County,FL,1327.542,28.059027,-81.139312
12099,Palm Beach County,FL,1964.292,26.649126,-80.448354
12101,Pasco County,FL,746.604,28.309823,-82.511006
12103,Pinellas County,FL,273.782,27.905342,-82.798066
12105,Polk County,FL,1798.119,27.953685,-81.693493
12107,Putnam County,FL,728.354,29.593896,-81.732039
12109,St. Johns County,FL,600.641,29.890487,-81.40004
12111,St. Lucie County,FL,571.873,27.379814,-80.443536
12113,Santa Rosa County,FL,1012.401,30.675348,-87.018919
12115,Sarasota County,FL,556.006,27.225327,-82.423714
12117,Seminole County,FL,309.379,28.690065,-81.131975
12119,Sumter County,FL,557.144,28.713976,-82.069684
12121,Suwannee County,FL,688.586,30.189244,-82.992754
12123,Taylor County,FL,1043.337,29.967146,-83.639573
12125,Union County,FL,243.555,30.05428,-82.366918
12127,Volusia County,FL,1101.116,29.057769,-81.161792
12129,Wakulla County,FL,606.418,30.091335,-84.359111
12131,Walton County,FL,1038.298,30.571247,-86.162798
12133,Washington County,FL,584.677,30.602102,-85.655805
13001,Appling County,GA,508.262,31.739712,-82.290103
13003,Atkinson County,GA,342.718,31.296806,-82.878151
13005,Bacon County,GA,284.082,31.55021,-82.451433
13007,Baker County,GA,341.957,31.31958,-84.454881
13009,Baldwin County,GA,258.699,33.05949,-83.255457
13011,Banks County,GA,232.616,34.351922,-83.498441
13013,Barrow County,GA,161.037,33.992009,-83.712303
13015,Bartow County,GA,458.912,34.240917,-84.838188
13017,Ben Hill County,GA,250.118,31.740772,-83.147197
13019,Berrien County,GA,453.376,31.288652,-83.22787
13021,Bibb County,GA,249.383,32.808845,-83.694194
13023,Bleckley County,GA,215.878,32.435403,-83.331717
13025,Brantley County,GA,443.235,31.197334,-81.982978
13027,Brooks County,GA,493.184,30.822934,-83.581905
13029,Bryan County,GA,437.564,32.017969,-81.438543
13031,Bulloch County,GA,675.963,32.394481,-81.741618
13033,Burke County,GA,827.04,33.060181,-82.000164
13035,Butts County,GA,183.69,33.290355,-83.958221
13037,Calhoun County,GA,280.384,31.521279,-84.62629
13039,Camden County,GA,630.272,30.913358,-81.642019
13043,Candler County,GA,243.059,32.40395,-82.071266
13045,Carroll County,GA,499.135,33.582237,-85.080527
13047,Catoosa County,GA,162.162,34.900212,-85.139385
13049,Charlton County,GA,780.087,30.779904,-82.139644
13051,Chatham County,GA,432.716,31.980404,-81.085184
13053,Chattahoochee County,GA,248.737,32.347445,-84.788021
13055,Chattooga County,GA,313.327,34.474178,-85.345289
13057,Cherokee County,GA,421.019,34.244317,-84.475057
13059,Clarke County,GA,119.3,33.952185,-83.367152
13061,Clay County,GA,195.404,31.619831,-84.992583
13063,Clayton County,GA,141.756,33.551603,-84.412868
13065,Clinch County,GA,814.996,30.917653,-82.702614
13067,Cobb County,GA,339.706,33.939926,-84.57411
13069,Coffee County,GA,592.247,31.549245,-82.84494
13071,Colquitt County,GA,547.032,31.189707,-83.769773
13073,Columbia County,GA,290.194,33.552075,-82.249608
13075,Cook County,GA,228.451,31.152516,-83.429445
13077,Coweta County,GA,441.071,33.352897,-84.762138
13079,Crawford County,GA,324.914,32.709428,-83.979187
13081,Crisp County,GA,272.68,31.920268,-83.75653
13083,Dade County,GA,174.076,34.852424,-85.506201
13085,Dawson County,GA,210.828,34.442608,-84.173261
13087,Decatur County,GA,597.239,30.880643,-84.58389
13089,DeKalb County,GA,267.683,33.770661,-84.226343
13091,Dodge County,GA,495.963,32.164369,-83.167866
13093,Dooly County,GA,392.631,32.151995,-83.807167
13095,Dougherty County,GA,328.644,31.532588,-84.20904
13097,Douglas County,GA,200.206,33.701242,-84.767314
13099,Early County,GA,512.6,31.324191,-84.906723
13101,Echols County,GA,420.407,30.714008,-82.897376
13103,Effingham County,GA,478.83,32.361688,-81.343355
13105,Elbert County,GA,351.103,34.116415,-82.841892
13107,Emanuel County,GA,680.574,32.5911,-82.299763
13109,Evans County,GA,182.895,32.153083,-81.890153
13111,Fannin County,GA,387.105,34.866543,-84.317331
13113,Fayette County,GA,194.567,33.412717,-84.493941
13115,Floyd County,GA,509.833,34.26369,-85.213685
13117,Forsyth County,GA,224.632,34.225143,-84.127408
13119,Franklin County,GA,261.342,34.375266,-83.227532
13121,Fulton County,GA,526.74,33.790034,-84.468182
13123,Gilmer County,GA,426.216,34.690523,-84.454811
13125,Glascock County,GA,143.746,33.227491,-82.606913
13127,Glynn County,GA,419.636,31.21271,-81.49645
13129,Gordon County,GA,356.443,34.509667,-84.873862
13131,Grady County,GA,454.462,30.8759,-84.244965
13133,Greene County,GA,387.517,33.576704,-83.166625
13135,Gwinnett County,GA,431.124,33.958756,-84.025735
13137,Habersham County,GA,276.867,34.634392,-83.525875
13139,Hall County,GA,392.628,34.317569,-83.8185
13141,Hancock County,GA,471.067,33.26922,-83.000465
13143,Haralson County,GA,282.165,33.795165,-85.220063
13145,Harris County,GA,463.813,32.731549,-84.912432
13147,Hart County,GA,232.422,34.348733,-82.96329
13149,Heard County,GA,295.973,33.291347,-85.137886
13151,Henry County,GA,318.701,33.452947,-84.154021
13153,Houston County,GA,376.046,32.458147,-83.662309
13155,Irwin County,GA,354.363,31.604306,-83.277037
13157,Jackson County,GA,339.576,34.130905,-83.562557
13159,Jasper County,GA,368.406,33.316981,-83.689151
13161,Jeff Davis County,GA,330.919,31.811615,-82.636825
13163,Jefferson County,GA,526.555,33.058176,-82.420004
13165,Jenkins County,GA,347.378,32.794563,-81.971524
13167,Johnson County,GA,303.019,32.694584,-82.66397
13169,Jones County,GA,393.942,33.021664,-83.562196
13171,Lamar County,GA,183.501,33.07444,-84.146689
13173,Lanier County,GA,196.538,31.038197,-83.063164
13175,Laurens County,GA,807.336,32.39322,-82.926317
13177,Lee County,GA,355.844,31.818419,-84.146681
13179,Liberty County,GA,516.463,31.807458,-81.457871
13181,Lincoln County,GA,210.381,33.792151,-82.448299
13183,Long County,GA,400.399,31.749563,-81.74287
13185,Lowndes County,GA,497.239,30.833145,-83.268995
13187,Lumpkin County,GA,282.944,34.56814,-83.998925
13189,McDuffie County,GA,257.372,33.480613,-82.479533
13191,McIntosh County,GA,431.347,31.485629,-81.372141
13193,Macon County,GA,400.662,32.362686,-84.051231
13195,Madison County,GA,282.324,34.12748,-83.208653
13197,Marion County,GA,365.721,32.359312,-84.528735
13199,Meriwether County,GA,500.907,33.029267,-84.667058
13201,Miller County,GA,282.423,31.162931,-84.730398
13205,Mitchell County,GA,512.158,31.228997,-84.192038
13207,Monroe County,GA,396.092,33.018784,-83.921837
13209,Montgomery County,GA,241.145,32.172108,-82.533349
13211,Morgan County,GA,347.411,33.598696,-83.499435
13213,Murray County,GA,344.494,34.797097,-84.73799
13215,Muscogee County,GA,216.5,32.510197,-84.874946
13217,Newton County,GA,273.814,33.552751,-83.85136
13219,Oconee County,GA,184.342,33.834125,-83.437728
13221,Oglethorpe County,GA,439.062,33.866806,-83.074081
13223,Paulding County,GA,312.385,33.92103,-84.867169
13225,Peach County,GA,150.284,32.571324,-83.831978
13227,Pickens County,GA,232.059,34.456746,-84.490351
13229,Pierce County,GA,340.456,31.353998,-82.21037
13231,Pike County,GA,216.086,33.081149,-84.389462
13233,Polk County,GA,310.34,33.996015,-85.188338
13235,Pulaski County,GA,249.261,32.238803,-83.481845
13237,Putnam County,GA,344.682,33.32106,-83.37179
13239,Quitman County,GA,151.237,31.862938,-85.004798
13241,Rabun County,GA,370.134,34.883934,-83.40487
13243,Randolph County,GA,428.236,31.762651,-84.752311
13245,Richmond County,GA,324.34,33.361486,-82.074998
13247,Rockdale County,GA,129.819,33.652081,-84.02637
13249,Schley County,GA,166.909,32.263444,-84.322708
13251,Screven County,GA,645.821,32.744751,-81.617585
13253,Seminole County,GA,237.546,30.93396,-84.867685
13255,Spalding County,GA,195.97,33.262348,-84.284905
13257,Stephens County,GA,178.862,34.553582,-83.290588
13259,Stewart County,GA,458.748,32.073225,-84.834912
13261,Sumter County,GA,482.877,32.042266,-84.204294
13263,Talbot County,GA,391.377,32.704603,-84.530029
13265,Taliaferro County,GA,194.607,33.559319,-82.875272
13267,Tattnall County,GA,480.84,32.043768,-82.059208
13269,Taylor County,GA,376.686,32.554667,-84.251426
13271,Telfair County,GA,437.307,31.913641,-82.931063
13273,Terrell County,GA,335.791,31.777191,-84.439446
13275,Thomas County,GA,544.633,30.864619,-83.919815
13277,Tift County,GA,260.89,31.457003,-83.525931
13279,Toombs County,GA,364.013,32.117753,-82.330597
13281,Towns County,GA,166.479,34.902529,-83.732264
13283,Treutlen County,GA,199.431,32.409586,-82.570882
13285,Troup County,GA,414.009,33.034482,-85.02836
13287,Turner County,GA,285.417,31.7248,-83.620319
13289,Twiggs County,GA,359.26,32.665847,-83.425879
13291,Union County,GA,322.083,34.833333,-83.989257
13293,Upson County,GA,323.467,32.881837,-84.292283
13295,Walker County,GA,446.286,34.735802,-85.305456
13297,Walton County,GA,326.82,33.783887,-83.731829
13299,Ware County,GA,899.24,31.050881,-82.421507
13301,Warren County,GA,284.358,33.419169,-82.688012
13303,Washington County,GA,678.526,32.971843,-82.798112
13305,Wayne County,GA,641.813,31.547845,-81.912376
13307,Webster County,GA,209.657,32.046691,-84.553828
13309,Wheeler County,GA,295.49,32.105258,-82.733849
13311,White County,GA,240.744,34.644182,-83.743
13313,Whitfield County,GA,290.445,34.801726,-84.968541
13315,Wilcox County,GA,377.811,31.96272,-83.438259
13317,Wilkes County,GA,469.501,33.779031,-82.747921
13319,Wilkinson County,GA,449.214,32.804266,-83.175512
13321,Worth County,GA,570.691,31.551773,-83.84996
15001,Hawaii County,HI,4028.431,19.597764,-155.502443
15003,Honolulu County,HI,600.786,21.461365,-158.201974
15005,Kalawao County,HI,11.991,21.218764,-156.97401
15007,Kauai County,HI,619.84,22.012038,-159.705965
15009,Maui County,HI,1161.54,20.855931,-156.60155
16001,Ada County,ID,1052.016,43.451477,-116.244376
16003,Adams County,ID,1362.805,44.877004,-116.461624
16005,Bannock County,ID,1112.489,42.692921,-112.228982
16007,Bear Lake County,ID,975.728,42.285892,-111.327517
16009,Benewah County,ID,776.931,47.218451,-116.633541
16011,Bingham County,ID,2093.732,43.216357,-112.399206
16013,Blaine County,ID,2637.738,43.394192,-113.955371
16015,Boise County,ID,1899.556,43.987275,-115.71511
16017,Bonner County,ID,1733.225,48.324634,-116.62745
16019,Bonneville County,ID,1865.96,43.395171,-111.621878
16021,Boundary County,ID,1268.679,48.773131,-116.524668
16023,Butte County,ID,2236.487,43.685101,-113.177631
16025,Camas County,ID,1074.234,43.502552,-114.772135
16027,Canyon County,ID,587.05,43.625796,-116.709058
16029,Caribou County,ID,1764.194,42.786072,-111.544273
16031,Cassia County,ID,2565.61,42.282313,-113.626328
16033,Clark County,ID,1763.145,44.290218,-112.354613
16035,Clearwater County,ID,2457.314,46.67257,-115.6535
16037,Custer County,ID,4922.177,44.273351,-114.252267
16039,Elmore County,ID,3075.079,43.394698,-115.471205
16041,Franklin County,ID,663.019,42.173609,-111.822965
16043,Fremont County,ID,1863.96,44.218091,-111.484429
16045,Gem County,ID,559.769,44.061473,-116.398784
16047,Gooding County,ID,729.322,42.973185,-114.82142
16049,Idaho County,ID,8477.499,45.849644,-115.467337
16051,Jefferson County,ID,1093.681,43.796965,-112.318588
16053,Jerome County,ID,597.543,42.691395,-114.262086
16055,Kootenai County,ID,1237.78,47.675957,-116.695919
16057,Latah County,ID,1075.867,46.81892,-116.730974
16059,Lemhi County,ID,4563.695,44.928506,-113.887042
16061,Lewis County,ID,478.822,46.236328,-116.42376
16063,Lincoln County,ID,1201.364,42.990782,-114.153089
16065,Madison County,ID,469.267,43.788614,-111.656993
16067,Minidoka County,ID,756.996,42.857211,-113.63984
16069,Nez Perce County,ID,848.32,46.333791,-116.760909
16071,Oneida County,ID,1198.951,42.183895,-112.520449
16073,Owyhee County,ID,7668.204,42.572851,-116.18969
16075,Payette County,ID,406.893,44.00243,-116.750238
16077,Power County,ID,1403.826,42.694126,-112.844407
16079,Shoshone County,ID,2637.425,47.347694,-115.885092
16081,Teton County,ID,449.091,43.760994,-111.211765
16083,Twin Falls County,ID,1921.714,42.352309,-114.665639
16085,Valley County,ID,3665.119,44.85596,-115.618061
16087,Washington County,ID,1452.852,44.448223,-116.797792
17001,Adams County,IL,855.151,39.986052,-91.194961
17003,Alexander County,IL,235.394,37.183658,-89.349516
17005,Bond County,IL,380.336,38.885924,-89.436592
17007,Boone County,IL,280.741,42.318983,-88.824295
17009,Brown County,IL,305.727,39.962069,-90.750309
17011,Bureau County,IL,869.071,41.401304,-89.528377
17013,Calhoun County,IL,253.829,39.164262,-90.666295
17015,Carroll County,IL,445.406,42.0709,-89.924189
17017,Cass County,IL,375.754,39.969202,-90.245704
17019,Champaign County,IL,996.104,40.138985,-88.196975
17021,Christian County,IL,709.483,39.545524,-89.279593
17023,Clark County,IL,501.375,39.332334,-87.791683
17025,Clay County,IL,468.351,38.746819,-88.482325
17027,Clinton County,IL,473.941,38.606295,-89.426228
17029,Coles County,IL,508.272,39.51368,-88.220782
17031,Cook County,IL,944.925,41.894294,-87.645455
17033,Crawford County,IL,443.643,39.002787,-87.760619
17035,Cumberland County,IL,345.944,39.273121,-88.240619
17037,DeKalb County,IL,631.337,41.894612,-88.768991
17039,De Witt County,IL,397.561,40.181499,-88.901853
17041,Douglas County,IL,416.647,39.766078,-88.222866
17043,DuPage County,IL,327.835,41.852058,-88.086039
17045,Edgar County,IL,623.324,39.679037,-87.74711
17047,Edwards County,IL,222.4,38.417095,-88.047941
17049,Effingham County,IL,478.769,39.047945,-88.592849
17051,Fayette County,IL,716.443,39.001125,-89.017923
17053,Ford County,IL,485.597,40.596539,-88.224588
17055,Franklin County,IL,408.927,37.991852,-88.926321
17057,Fulton County,IL,865.683,40.46524,-90.202269
17059,Gallatin County,IL,322.941,37.768677,-88.227964
17061,Greene County,IL,543.144,39.355439,-90.387682
17063,Grundy County,IL,418.128,41.29241,-88.401054
17065,Hamilton County,IL,434.647,38.085227,-88.539009
17067,Hancock County,IL,793.748,40.401318,-91.168801
17069,Hardin County,IL,177.389,37.517852,-88.266148
17071,Henderson County,IL,378.793,40.814471,-90.941246
17073,Henry County,IL,823.061,41.350021,-90.130838
17075,Iroquois County,IL,1117.395,40.748867,-87.833601
17077,Jackson County,IL,583.57,37.786096,-89.381212
17079,Jasper County,IL,494.614,39.004886,-88.150725
17081,Jefferson County,IL,571.235,38.30078,-88.92421
17083,Jersey County,IL,369.555,39.080195,-90.361385
17085,Jo Daviess County,IL,600.924,42.362391,-90.21147
17087,Johnson County,IL,343.736,37.460709,-88.882131
17089,Kane County,IL,519.364,41.939594,-88.42804
17091,Kankakee County,IL,676.49,41.13951,-87.861117
17093,Kendall County,IL,320.238,41.58814,-88.430626
17095,Knox County,IL,716.385,40.930945,-90.213792
17097,Lake County,IL,443.605,42.185968,-87.805939
17099,LaSalle County,IL,1135.138,41.343341,-88.885931
17101,Lawrence County,IL,372.179,38.718954,-87.730221
17103,Lee County,IL,724.769,41.747447,-89.299362
17105,Livingston County,IL,1043.628,40.894376,-88.552852
17107,Logan County,IL,618.052,40.129277,-89.365309
17109,McDonough County,IL,589.323,40.455808,-90.678954
17111,McHenry County,IL,603.397,42.324298,-88.452245
17113,McLean County,IL,1183.248,40.494559,-88.844539
17115,Macon County,IL,580.548,39.860237,-88.961529
17117,Macoupin County,IL,862.974,39.265914,-89.92633
17119,Madison County,IL,715.515,38.82712,-89.900227
17121,Marion County,IL,572.538,38.648236,-88.920362
17123,Marshall County,IL,386.822,41.031119,-89.342371
17125,Mason County,IL,539.352,40.236993,-89.913575
17127,Massac County,IL,237.151,37.216119,-88.705658
17129,Menard County,IL,314.391,40.022569,-89.794133
17131,Mercer County,IL,561.24,41.205605,-90.74177
17133,Monroe County,IL,385.301,38.277983,-90.179078
17135,Montgomery County,IL,703.766,39.228068,-89.478141
17137,Morgan County,IL,568.959,39.717657,-90.204993
17139,Moultrie County,IL,335.958,39.636896,-88.625726
17141,Ogle County,IL,758.654,42.041884,-89.320176
17143,Peoria County,IL,618.695,40.785972,-89.766993
17145,Perry County,IL,441.928,38.084381,-89.368525
17147,Piatt County,IL,439.188,40.009033,-88.592355
17149,Pike County,IL,831.352,39.625106,-90.889034
17151,Pope County,IL,368.867,37.417169,-88.542374
17153,Pulaski County,IL,199.268,37.215615,-89.127755
17155,Putnam County,IL,160.097,41.198961,-89.298347
17157,Randolph County,IL,575.367,38.056515,-89.82121
17159,Richland County,IL,360.034,38.712187,-88.085452
17161,Rock Island County,IL,427.496,41.468421,-90.572125
17163,St. Clair County,IL,657.735,38.470198,-89.928546
17165,Saline County,IL,379.991,37.751508,-88.545024
17167,Sangamon County,IL,868.23,39.756886,-89.662435
17169,Schuyler County,IL,437.3,40.156905,-90.613464
17171,Scott County,IL,250.79,39.637002,-90.477771
17173,Shelby County,IL,758.509,39.384917,-88.798865
17175,Stark County,IL,288.106,41.096908,-89.797411
17177,Stephenson County,IL,564.247,42.349726,-89.665994
17179,Tazewell County,IL,646.469,40.508074,-89.51626
17181,Union County,IL,413.412,37.485652,-89.244639
17183,Vermilion County,IL,898.319,40.186754,-87.726778
17185,Wabash County,IL,223.323,38.445821,-87.839167
17187,Warren County,IL,542.384,40.850441,-90.620223
17189,Washington County,IL,562.597,38.35314,-89.417187
17191,Wayne County,IL,713.83,38.431857,-88.43243
17193,White County,IL,494.983,38.087326,-88.178623
17195,Whiteside County,IL,684.099,41.750673,-89.911005
17197,Will County,IL,835.875,41.448474,-87.978456
17199,Williamson County,IL,420.21,37.730353,-88.930018
17201,Winnebago County,IL,513.05,42.337396,-89.161205
17203,Woodford County,IL,527.557,40.789787,-89.210587
18001,Adams County,IN,338.925,40.74573,-84.936134
18003,Allen County,IN,657.146,41.091909,-85.071791
18005,Bartholomew County,IN,406.94,39.205843,-85.897999
18007,Benton County,IN,406.418,40.600939,-87.314786
18009,Blackford County,IN,165.082,40.472672,-85.32373
18011,Boone County,IN,422.882,40.050892,-86.469014
18013,Brown County,IN,311.987,39.195113,-86.230121
18015,Carroll County,IN,372.225,40.58498,-86.565141
18017,Cass County,IN,412.144,40.753799,-86.355168
18019,Clark County,IN,372.487,38.476217,-85.711122
18021,Clay County,IN,357.6,39.393928,-87.115858
18023,Clinton County,IN,405.067,40.305944,-86.477567
18025,Crawford County,IN,305.613,38.289433,-86.440871
18027,Daviess County,IN,429.514,38.69609,-87.076943
18029,Dearborn County,IN,305.087,39.140897,-84.975868
18031,Decatur County,IN,372.568,39.30598,-85.499831
18033,DeKalb County,IN,362.834,41.39676,-85.002697
18035,Delaware County,IN,392.109,40.227543,-85.399262
18037,Dubois County,IN,427.267,38.373344,-86.873385
18039,Elkhart County,IN,463.161,41.600693,-85.863986
18041,Fayette County,IN,215.021,39.639654,-85.185034
18043,Floyd County,IN,148.484,38.318081,-85.911847
18045,Fountain County,IN,395.668,40.121237,-87.234872
18047,Franklin County,IN,384.426,39.409762,-85.066964
18049,Fulton County,IN,368.393,41.050384,-86.265006
18051,Gibson County,IN,487.378,38.317398,-87.580523
18053,Grant County,IN,414.089,40.515758,-85.654946
18055,Greene County,IN,542.467,39.047147,-87.004771
18057,Hamilton County,IN,394.381,40.053513,-86.021709
18059,Hancock County,IN,305.957,39.822529,-85.77315
18061,Harrison County,IN,484.081,38.186454,-86.103766
18063,Hendricks County,IN,406.894,39.768963,-86.509908
18065,Henry County,IN,391.877,39.929591,-85.397363
18067,Howard County,IN,293.074,40.483537,-86.114118
18069,Huntington County,IN,382.639,40.826394,-85.478597
18071,Jackson County,IN,509.978,38.911957,-86.042516
18073,Jasper County,IN,559.68,41.017688,-87.118814
18075,Jay County,IN,383.905,40.434956,-85.002331
18077,Jefferson County,IN,360.698,38.783604,-85.44009
18079,Jennings County,IN,376.597,38.996229,-85.628103
18081,Johnson County,IN,320.415,39.496092,-86.094264
18083,Knox County,IN,515.831,38.688381,-87.420358
18085,Kosciusko County,IN,531.446,41.244293,-85.861575
18087,LaGrange County,IN,379.631,41.642462,-85.427845
18089,Lake County,IN,498.89,41.472247,-87.374337
18091,LaPorte County,IN,598.289,41.549013,-86.744739
18093,Lawrence County,IN,449.146,38.839815,-86.48782
18095,Madison County,IN,451.921,40.166203,-85.722454
18097,Marion County,IN,395.99,39.782976,-86.135794
18099,Marshall County,IN,443.62,41.325003,-86.269036
18101,Martin County,IN,335.761,38.705322,-86.801847
18103,Miami County,IN,373.842,40.772883,-86.044258
18105,Monroe County,IN,394.522,39.160729,-86.52331
18107,Montgomery County,IN,504.647,40.040296,-86.892715
18109,Morgan County,IN,403.833,39.482646,-86.447457
18111,Newton County,IN,401.755,40.962399,-87.402172
18113,Noble County,IN,410.846,41.404679,-85.417271
18115,Ohio County,IN,86.15,38.940527,-84.964299
18117,Orange County,IN,398.379,38.547381,-86.489257
18119,Owen County,IN,385.295,39.317339,-86.838845
18121,Parke County,IN,444.721,39.77425,-87.19695
18123,Perry County,IN,381.74,38.081436,-86.62654
18125,Pike County,IN,334.351,38.397961,-87.232547
18127,Porter County,IN,418.113,41.509914,-87.071313
18129,Posey County,IN,409.385,38.027614,-87.868653
18131,Pulaski County,IN,433.675,41.045272,-86.692538
18133,Putnam County,IN,480.537,39.665548,-86.853373
18135,Randolph County,IN,452.379,40.164079,-85.00579
18137,Ripley County,IN,446.427,39.100226,-85.260494
18139,Rush County,IN,408.137,39.622362,-85.466529
18141,St. Joseph County,IN,457.781,41.617723,-86.288048
18143,Scott County,IN,190.403,38.679431,-85.751898
18145,Shelby County,IN,411.136,39.524135,-85.792174
18147,Spencer County,IN,396.888,38.009697,-87.010375
18149,Starke County,IN,309.144,41.284478,-86.644636
18151,Steuben County,IN,308.78,41.643467,-85.002405
18153,Sullivan County,IN,447.196,39.089225,-87.415843
18155,Switzerland County,IN,220.668,38.825854,-85.029681
18157,Tippecanoe County,IN,498.898,40.389133,-86.893554
18159,Tipton County,IN,260.541,40.310229,-86.056207
18161,Union County,IN,161.19,39.623094,-84.925145
18163,Vanderburgh County,IN,233.401,38.02007,-87.586166
18165,Vermillion County,IN,256.894,39.854045,-87.462071
18167,Vigo County,IN,403.631,39.430874,-87.390989
18169,Wabash County,IN,412.539,40.843747,-85.795192
18171,Warren County,IN,364.69,40.352498,-87.375163
18173,Warrick County,IN,384.63,38.097728,-87.272049
18175,Washington County,IN,513.689,38.600613,-86.104751
18177,Wayne County,IN,401.755,39.863091,-85.006735
18179,Wells County,IN,368.087,40.735547,-85.213349
18181,White County,IN,505.136,40.75095,-86.864293
18183,Whitley County,IN,335.622,41.136426,-85.501892
19001,Adair County,IA,569.271,41.328528,-94.478164
19003,Adams County,IA,423.433,41.021656,-94.696906
19005,Allamakee County,IA,639.071,43.274964,-91.382751
19007,Appanoose County,IA,497.299,40.744249,-92.873062
19009,Audubon County,IA,442.96,41.679178,-94.904312
19011,Benton County,IA,716.102,42.092547,-92.05763
19013,Black Hawk County,IA,565.757,42.471132,-92.3076
19015,Boone County,IA,570.461,42.038623,-93.938605
19017,Bremer County,IA,435.479,42.780895,-92.327356
19019,Buchanan County,IA,571.079,42.470328,-91.838666
19021,Buena Vista County,IA,574.899,42.741522,-95.141432
19023,Butler County,IA,580.138,42.734757,-92.780153
19025,Calhoun County,IA,569.846,42.386061,-94.643602
19027,Carroll County,IA,569.453,42.039502,-94.86765
19029,Cass County,IA,564.258,41.333824,-94.933302
19031,Cedar County,IA,579.462,41.77236,-91.132611
19033,Cerro Gordo County,IA,568.3,43.074975,-93.250965
19035,Cherokee County,IA,576.907,42.742737,-95.633262
19037,Chickasaw County,IA,504.324,43.059741,-92.31721
19039,Clarke County,IA,431.111,41.029726,-93.785259
19041,Clay County,IA,567.238,43.081224,-95.149875
19043,Clayton County,IA,778.464,42.840985,-91.323576
19045,Clinton County,IA,694.959,41.898073,-90.534243
19047,Crawford County,IA,714.198,42.043119,-95.38909
19049,Dallas County,IA,588.233,41.68532,-94.040706
19051,Davis County,IA,502.188,40.748089,-92.410345
19053,Decatur County,IA,531.883,40.736379,-93.78458
19055,Delaware County,IA,577.684,42.473014,-91.366767
19057,Des Moines County,IA,416.129,40.915339,-91.186925
19059,Dickinson County,IA,380.532,43.389611,-95.196057
19061,Dubuque County,IA,608.299,42.463481,-90.878771
19063,Emmet County,IA,395.89,43.377984,-94.66937
19065,Fayette County,IA,730.817,42.864122,-91.840376
19067,Floyd County,IA,500.571,43.052741,-92.787367
19069,Franklin County,IA,581.972,42.736545,-93.271415
19071,Fremont County,IA,511.168,40.74259,-95.599182
19073,Greene County,IA,569.558,42.042513,-94.388727
19075,Grundy County,IA,501.855,42.403339,-92.790244
19077,Guthrie County,IA,590.604,41.683573,-94.501272
19079,Hamilton County,IA,576.731,42.390789,-93.70913
19081,Hancock County,IA,571.005,43.075411,-93.743697
19083,Hardin County,IA,569.307,42.390208,-93.241669
19085,Harrison County,IA,696.874,41.688584,-95.827149
19087,Henry County,IA,434.288,40.984802,-91.547259
19089,Howard County,IA,473.247,43.365312,-92.321908
19091,Humboldt County,IA,434.372,42.782221,-94.202775
19093,Ida County,IA,431.513,42.39186,-95.507421
19095,Iowa County,IA,586.455,41.683918,-92.059123
19097,Jackson County,IA,636.042,42.164226,-90.574582
19099,Jasper County,IA,730.426,41.685551,-93.054147
19101,Jefferson County,IA,435.524,41.006376,-91.966628
19103,Johnson County,IA,612.997,41.670668,-91.590529
19105,Jones County,IA,575.618,42.125118,-91.116914
19107,Keokuk County,IA,579.175,41.331182,-92.167721
19109,Kossuth County,IA,972.731,43.212356,-94.213965
19111,Lee County,IA,517.55,40.647588,-91.477157
19113,Linn County,IA,717.01,42.077951,-91.597674
19115,Louisa County,IA,401.777,41.218211,-91.256994
19117,Lucas County,IA,430.681,41.033344,-93.331467
19119,Lyon County,IA,587.609,43.38358,-96.207201
19121,Madison County,IA,561.006,41.330622,-94.015184
19123,Mahaska County,IA,570.851,41.330797,-92.636366
19125,Marion County,IA,554.49,41.331433,-93.093868
19127,Marshall County,IA,572.503,42.0417,-92.981403
19129,Mills County,IA,437.431,41.033703,-95.619101
19131,Mitchell County,IA,469.256,43.348564,-92.784466
19133,Monona County,IA,694.072,42.049432,-95.956566
19135,Monroe County,IA,433.708,41.028847,-92.869642
19137,Montgomery County,IA,424.097,41.021735,-95.15779
19139,Muscatine County,IA,437.44,41.483776,-91.118699
19141,O'Brien County,IA,573.035,43.083746,-95.625624
19143,Osceola County,IA,398.687,43.378542,-95.633788
19145,Page County,IA,534.944,40.739097,-95.144301
19147,Palo Alto County,IA,563.864,43.075337,-94.669055
19149,Plymouth County,IA,862.828,42.737585,-96.215864
19151,Pocahontas County,IA,577.241,42.734033,-94.678279
19153,Polk County,IA,572.381,41.684816,-93.568971
19155,Pottawattamie County,IA,951.272,41.340184,-95.544905
19157,Poweshiek County,IA,584.923,41.684642,-92.522934
19159,Ringgold County,IA,535.485,40.735334,-94.244251
19161,Sac County,IA,575.022,42.387526,-95.105224
19163,Scott County,IA,458.096,41.642079,-90.622289
19165,Shelby County,IA,590.776,41.679014,-95.308917
19167,Sioux County,IA,767.911,43.082646,-96.17801
19169,Story County,IA,572.544,42.037538,-93.466093
19171,Tama County,IA,721.011,42.074848,-92.529411
19173,Taylor County,IA,531.902,40.737949,-94.697108
19175,Union County,IA,423.645,41.02855,-94.245091
19177,Van Buren County,IA,484.792,40.754117,-91.952943
19179,Wapello County,IA,431.843,41.031275,-92.409466
19181,Warren County,IA,569.658,41.332446,-93.568751
19183,Washington County,IA,568.828,41.329401,-91.725052
19185,Wayne County,IA,525.469,40.739983,-93.332613
19187,Webster County,IA,715.704,42.433579,-94.175831
19189,Winnebago County,IA,400.489,43.378124,-93.743488
19191,Winneshiek County,IA,689.844,43.292989,-91.850788
19193,Woodbury County,IA,872.896,42.39322,-96.053296
19195,Worth County,IA,400.123,43.373491,-93.248533
19197,Wright County,IA,580.412,42.733007,-93.734735
20001,Allen County,KS,500.297,37.884228,-95.300945
20003,Anderson County,KS,579.641,38.215114,-95.292046
20005,Atchison County,KS,431.174,39.532544,-95.313397
20007,Barber County,KS,1134.075,37.222906,-98.685052
20009,Barton County,KS,895.257,38.481239,-98.767837
20011,Bourbon County,KS,635.461,37.8561,-94.850928
20013,Brown County,KS,570.871,39.825931,-95.569905
20015,Butler County,KS,1429.716,37.773649,-96.83884
20017,Chase County,KS,773.053,38.299475,-96.594029
20019,Chautauqua County,KS,638.881,37.154259,-96.245396
20021,Cherokee County,KS,587.567,37.169392,-94.845698
20023,Cheyenne County,KS,1019.89,39.789901,-101.727317
20025,Clark County,KS,974.638,37.233831,-99.813869
20027,Clay County,KS,645.298,39.344964,-97.168853
20029,Cloud County,KS,715.342,39.487329,-97.64139
20031,Coffey County,KS,626.885,38.23645,-95.729137
20033,Comanche County,KS,788.298,37.181442,-99.251293
20035,Cowley County,KS,1125.738,37.234507,-96.837247
20037,Crawford County,KS,589.771,37.505821,-94.853897
20039,Decatur County,KS,893.517,39.783542,-100.459708
20041,Dickinson County,KS,847.068,38.867735,-97.157943
20043,Doniphan County,KS,393.475,39.788502,-95.147225
20045,Douglas County,KS,455.766,38.896417,-95.290947
20047,Edwards County,KS,621.894,37.883595,-99.304746
20049,Elk County,KS,644.264,37.456026,-96.244642
20051,Ellis County,KS,899.912,38.914597,-99.317313
20053,Ellsworth County,KS,715.575,38.700845,-98.205355
20055,Finney County,KS,1301.997,38.049808,-100.739967
20057,Ford County,KS,1098.271,37.688416,-99.884748
20059,Franklin County,KS,571.772,38.558019,-95.278962
20061,Geary County,KS,384.652,39.002139,-96.7681
20063,Gove County,KS,1071.666,38.917239,-100.48736
20065,Graham County,KS,898.527,39.354972,-99.879894
20067,Grant County,KS,574.808,37.547537,-101.299362
20069,Gray County,KS,868.867,37.744513,-100.451716
20071,Greeley County,KS,778.404,38.480404,-101.80597
20073,Greenwood County,KS,1143.304,37.879347,-96.241732
20075,Hamilton County,KS,996.514,37.995244,-101.793689
20077,Harper County,KS,801.274,37.188184,-98.06659
20079,Harvey County,KS,539.756,38.050144,-97.436706
20081,Haskell County,KS,577.521,37.554979,-100.879952
20083,Hodgeman County,KS,859.992,38.087493,-99.898407
20085,Jackson County,KS,656.219,39.411145,-95.794485
20087,Jefferson County,KS,532.626,39.239644,-95.375314
20089,Jewell County,KS,909.971,39.777005,-98.222619
20091,Johnson County,KS,473.614,38.883907,-94.82233
20093,Kearny County,KS,870.543,37.994461,-101.308136
20095,Kingman County,KS,863.419,37.552951,-98.144529
20097,Kiowa County,KS,722.64,37.561231,-99.286539
20099,Labette County,KS,645.393,37.191468,-95.297473
20101,Lane County,KS,717.409,38.481286,-100.466185
20103,Leavenworth County,KS,463.407,39.189511,-95.038977
20105,Lincoln County,KS,719.396,39.04728,-98.214284
20107,Linn County,KS,594.081,38.216549,-94.844932
20109,Logan County,KS,1072.993,38.91327,-101.157402
20111,Lyon County,KS,847.478,38.455403,-96.161641
20113,McPherson County,KS,898.285,38.395812,-97.647489
20115,Marion County,KS,944.299,38.359647,-97.102771
20117,Marshall County,KS,900.178,39.782709,-96.521243
20119,Meade County,KS,978.083,37.243886,-100.360094
20121,Miami County,KS,575.879,38.566772,-94.832963
20123,Mitchell County,KS,701.792,39.393026,-98.207362
20125,Montgomery County,KS,643.594,37.189537,-95.742403
20127,Morris County,KS,695.343,38.688204,-96.651448
20129,Morton County,KS,729.731,37.185249,-101.809516
20131,Nemaha County,KS,717.427,39.791043,-96.005381
20133,Neosho County,KS,571.481,37.564283,-95.315682
20135,Ness County,KS,1074.739,38.480437,-99.908745
20137,Norton County,KS,878.044,39.783867,-99.899235
20139,Osage County,KS,705.506,38.650215,-95.708255
20141,Osborne County,KS,892.516,39.348261,-98.767942
20143,Ottawa County,KS,720.73,39.137963,-97.654802
20145,Pawnee County,KS,754.263,38.181477,-99.234772
20147,Phillips County,KS,885.871,39.784506,-99.34215
20149,Pottawatomie County,KS,840.735,39.382187,-96.337113
20151,Pratt County,KS,735.039,37.647594,-98.74012
20153,Rawlins County,KS,1069.416,39.786198,-101.076738
20155,Reno County,KS,1255.308,37.948185,-98.078346
20157,Republic County,KS,717.377,39.828906,-97.650883
20159,Rice County,KS,726.234,38.347178,-98.201415
20161,Riley County,KS,609.66,39.29121,-96.727488
20163,Rooks County,KS,890.527,39.346006,-99.324492
20165,Rush County,KS,717.763,38.523596,-99.309184
20167,Russell County,KS,886.26,38.91604,-98.770949
20169,Saline County,KS,720.246,38.791804,-97.651478
20171,Scott County,KS,717.585,38.481877,-100.90636
20173,Sedgwick County,KS,997.001,37.681045,-97.461054
20175,Seward County,KS,639.653,37.18096,-100.855257
20177,Shawnee County,KS,544.026,39.041805,-95.755664
20179,Sheridan County,KS,895.957,39.350547,-100.441228
20181,Sherman County,KS,1056.064,39.351352,-101.719859
20183,Smith County,KS,895.464,39.78466,-98.785429
20185,Stafford County,KS,792.046,38.03563,-98.719889
20187,Stanton County,KS,680.352,37.565932,-101.789383
20189,Stevens County,KS,727.26,37.2017,-101.317268
20191,Sumner County,KS,1181.668,37.236662,-97.493352
20193,Thomas County,KS,1074.686,39.357713,-101.083386
20195,Trego County,KS,889.474,38.921302,-99.865423
20197,Wabaunsee County,KS,794.336,38.955154,-96.201262
20199,Wallace County,KS,913.652,38.926626,-101.771103
20201,Washington County,KS,894.759,39.776714,-97.095611
20203,Wichita County,KS,718.566,38.481922,-101.347434
20205,Wilson County,KS,570.423,37.558515,-95.745175
20207,Woodson County,KS,497.819,37.888193,-95.758469
20209,Wyandotte County,KS,151.638,39.115384,-94.763087
21001,Adair County,KY,405.292,37.105559,-85.28138
21003,Allen County,KY,343.724,36.75077,-86.192458
21005,Anderson County,KY,202.26,38.005396,-84.986417
21007,Ballard County,KY,247.095,37.051323,-89.010367
21009,Barren County,KY,487.365,36.962805,-85.932108
21011,Bath County,KY,277.992,38.152249,-83.737641
21013,Bell County,KY,358.999,36.728928,-83.680718
21015,Boone County,KY,246.268,38.9589,-84.736371
21017,Bourbon County,KY,289.75,38.202562,-84.20986
21019,Boyd County,KY,159.866,38.360003,-82.681406
21021,Boyle County,KY,180.336,37.618104,-84.868352
21023,Bracken County,KY,202.665,38.680365,-84.115235
21025,Breathitt County,KY,492.422,37.517807,-83.317158
21027,Breckinridge County,KY,569.725,37.777988,-86.432919
21029,Bullitt County,KY,297.084,37.969945,-85.702635
21031,Butler County,KY,426.112,37.207013,-86.682471
21033,Caldwell County,KY,344.835,37.148642,-87.870509
21035,Calloway County,KY,384.85,36.620978,-88.274086
21037,Campbell County,KY,151.32,38.946981,-84.379583
21039,Carlisle County,KY,189.463,36.85718,-88.976614
21041,Carroll County,KY,128.7,38.668394,-85.124024
21043,Carter County,KY,409.497,38.314094,-83.038988
21045,Casey County,KY,444.258,37.321962,-84.92822
21047,Christian County,KY,717.66,36.892059,-87.492986
21049,Clark County,KY,252.482,37.970314,-84.145115
21051,Clay County,KY,469.296,37.164273,-83.715454
21053,Clinton County,KY,197.063,36.727258,-85.136098
21055,Crittenden County,KY,359.566,37.358149,-88.10501
21057,Cumberland County,KY,305.147,36.782372,-85.388484
21059,Daviess County,KY,458.397,37.731671,-87.087139
21061,Edmonson County,KY,302.806,37.227514,-86.218015
21063,Elliott County,KY,234.321,38.116883,-83.096116
21065,Estill County,KY,253.081,37.692449,-83.963983
21067,Fayette County,KY,283.855,38.040678,-84.458272
21069,Fleming County,KY,348.672,38.367848,-83.699205
21071,Floyd County,KY,393.3,37.552456,-82.739724
21073,Franklin County,KY,207.909,38.234919,-84.868786
21075,Fulton County,KY,205.932,36.552511,-89.187659
21077,Gallatin County,KY,98.281,38.755663,-84.865143
21079,Garrard County,KY,229.925,37.630162,-84.545856
21081,Grant County,KY,257.976,38.649167,-84.625924
21083,Graves County,KY,551.757,36.723344,-88.649897
21085,Grayson County,KY,499.536,37.458577,-86.344011
21087,Green County,KY,285.963,37.278065,-85.537925
21089,Greenup County,KY,344.454,38.563562,-82.93382
21091,Hancock County,KY,187.675,37.843325,-86.792761
21093,Hardin County,KY,623.899,37.695836,-85.963183
21095,Harlan County,KY,465.83,36.859223,-83.221497
21097,Harrison County,KY,306.458,38.444578,-84.334131
21099,Hart County,KY,412.67,37.305827,-85.878443
21101,Henderson County,KY,436.361,37.792542,-87.572577
21103,Henry County,KY,286.251,38.451383,-85.119647
21105,Hickman County,KY,242.331,36.675896,-88.972084
21107,Hopkins County,KY,542.187,37.31107,-87.542196
21109,Jackson County,KY,345.227,37.403458,-84.020576
21111,Jefferson County,KY,380.83,38.189532,-85.657624
21113,Jessamine County,KY,172.112,37.873291,-84.58396
21115,Johnson County,KY,261.966,37.847756,-82.830121
21117,Kenton County,KY,160.371,38.930503,-84.533438
21119,Knott County,KY,351.524,37.354368,-82.952546
21121,Knox County,KY,386.33,36.8885,-83.855551
21123,Larue County,KY,261.04,37.544462,-85.696841
21125,Laurel County,KY,433.703,37.113268,-84.119395
21127,Lawrence County,KY,415.597,38.074453,-82.73829
21129,Lee County,KY,208.821,37.608116,-83.719248
21131,Leslie County,KY,400.878,37.087846,-83.388617
21133,Letcher County,KY,337.934,37.118536,-82.861251
21135,Lewis County,KY,482.858,38.535047,-83.370143
21137,Lincoln County,KY,332.903,37.457174,-84.658335
21139,Livingston County,KY,312.96,37.209517,-88.363426
21141,Logan County,KY,552.216,36.859607,-86.881288
21143,Lyon County,KY,213.785,37.023976,-88.083391
21145,McCracken County,KY,248.786,37.054111,-88.712454
21147,McCreary County,KY,426.705,36.731136,-84.491052
21149,McLean County,KY,252.525,37.526707,-87.265597
21151,Madison County,KY,437.929,37.725511,-84.278362
21153,Magoffin County,KY,308.443,37.698983,-83.069721
21155,Marion County,KY,343.551,37.552604,-85.268959
21157,Marshall County,KY,302.125,36.882017,-88.332752
21159,Martin County,KY,229.622,37.796774,-82.506623
21161,Mason County,KY,240.127,38.594137,-83.828125
21163,Meade County,KY,305.463,37.967476,-86.200863
21165,Menifee County,KY,203.538,37.935485,-83.589355
21167,Mercer County,KY,249.383,37.812085,-84.879695
21169,Metcalfe County,KY,289.651,36.99243,-85.633456
21171,Monroe County,KY,329.475,36.714077,-85.713508
21173,Montgomery County,KY,197.376,38.038109,-83.912416
21175,Morgan County,KY,381.104,37.92294,-83.258944
21177,Muhlenberg County,KY,467.28,37.213816,-87.134092
21179,Nelson County,KY,418.685,37.80312,-85.465931
21181,Nicholas County,KY,195.306,38.338031,-84.026223
21183,Ohio County,KY,587.095,37.477859,-86.844871
21185,Oldham County,KY,187.294,38.400127,-85.45615
21187,Owen County,KY,350.485,38.499395,-84.84159
21189,Owsley County,KY,197.402,37.423622,-83.691637
21191,Pendleton County,KY,277.148,38.696284,-84.351943
21193,Perry County,KY,339.724,37.241282,-83.217772
21195,Pike County,KY,786.222,37.486031,-82.410912
21197,Powell County,KY,178.962,37.809567,-83.831235
21199,Pulaski County,KY,658.1,37.107428,-84.576969
21201,Robertson County,KY,99.591,38.513473,-84.06423
21203,Rockcastle County,KY,316.567,37.36105,-84.314368
21205,Rowan County,KY,279.881,38.204266,-83.428079
21207,Russell County,KY,253.272,36.990587,-85.05495
21209,Scott County,KY,282.194,38.28571,-84.57834
21211,Shelby County,KY,379.79,38.239011,-85.228247
21213,Simpson County,KY,234.175,36.740937,-86.581793
21215,Spencer County,KY,186.67,38.025313,-85.317312
21217,Taylor County,KY,266.414,37.36621,-85.328059
21219,Todd County,KY,374.513,36.840338,-87.183642
21221,Trigg County,KY,441.433,36.807681,-87.858652
21223,Trimble County,KY,147.771,38.62004,-85.351208
21225,Union County,KY,342.878,37.658029,-87.95165
21227,Warren County,KY,541.724,36.995634,-86.423579
21229,Washington County,KY,297.284,37.754209,-85.175416
21231,Wayne County,KY,458.043,36.800772,-84.82659
21233,Webster County,KY,332.026,37.520375,-87.685206
21235,Whitley County,KY,437.922,36.758024,-84.144648
21237,Wolfe County,KY,222.159,37.743893,-83.49511
21239,Woodford County,KY,189.573,38.043103,-84.748855
22001,Acadia Parish,LA,655.244,30.291497,-92.411037
22003,Allen Parish,LA,762.084,30.652744,-92.819605
22005,Ascension Parish,LA,289.97,30.206444,-90.912502
22007,Assumption Parish,LA,344.021,29.9033,-91.065219
22009,Avoyelles Parish,LA,831.675,31.088503,-91.983275
22011,Beauregard Parish,LA,1157.477,30.645018,-93.340253
22013,Bienville Parish,LA,811.344,32.340952,-93.041151
22015,Bossier Parish,LA,839.576,32.698481,-93.626561
22017,Caddo Parish,LA,879.468,32.580106,-93.88497
22019,Calcasieu Parish,LA,1064.081,30.229559,-93.358015
22021,Caldwell Parish,LA,529.77,32.101219,-92.114231
22023,Cameron Parish,LA,1284.639,29.871812,-93.164948
22025,Catahoula Parish,LA,707.952,31.666517,-91.846703
22027,Claiborne Parish,LA,754.794,32.82716,-92.989728
22029,Concordia Parish,LA,697.14,31.469805,-91.626315
22031,De Soto Parish,LA,876.449,32.059248,-93.740797
22033,East Baton Rouge Parish,LA,455.502,30.54393,-91.093131
22035,East Carroll Parish,LA,420.887,32.73017,-91.234141
22037,East Feliciana Parish,LA,453.293,30.839784,-91.043434
22039,Evangeline Parish,LA,662.431,30.720693,-92.404086
22041,Franklin Parish,LA,624.298,32.139076,-91.672371
22043,Grant Parish,LA,643.75,31.597787,-92.561716
22045,Iberia Parish,LA,574.741,29.606013,-91.842706
22047,Iberville Parish,LA,618.719,30.270653,-91.365872
22049,Jackson Parish,LA,569.378,32.30429,-92.5617
22051,Jefferson Parish,LA,300.864,29.5033,-90.036231
22053,Jefferson Davis Parish,LA,651.52,30.269529,-92.816221
22055,Lafayette Parish,LA,268.827,30.206507,-92.06417
22057,Lafourche Parish,LA,1067.793,29.491992,-90.394849
22059,LaSalle Parish,LA,624.854,31.680083,-92.161596
22061,Lincoln Parish,LA,471.636,32.601823,-92.662303
22063,Livingston Parish,LA,648.131,30.440419,-90.727474
22065,Madison Parish,LA,623.885,32.346878,-91.231932
22067,Morehouse Parish,LA,794.95,32.820008,-91.800399
22069,Natchitoches Parish,LA,1253.008,31.732509,-93.082546
22071,Orleans Parish,LA,169.5,30.05342,-89.934502
22073,Ouachita Parish,LA,610.35,32.480932,-92.151581
22075,Plaquemines Parish,LA,780.595,29.282447,-89.576068
22077,Pointe Coupee Parish,LA,556.875,30.708319,-91.604621
22079,Rapides Parish,LA,1324.11,31.193204,-92.535953
22081,Red River Parish,LA,388.98,32.101213,-93.34905
22083,Richland Parish,LA,555.613,32.413158,-91.748353
22085,Sabine Parish,LA,866.625,31.560402,-93.559579
22087,St. Bernard Parish,LA,377.517,29.91811,-89.263494
22089,St. Charles Parish,LA,277.742,29.905722,-90.357855
22091,St. Helena Parish,LA,408.527,30.822539,-90.708307
22093,St. James Parish,LA,237.861,30.024777,-90.793956
22095,St. John the Baptist Parish,LA,214.474,30.144068,-90.49096
22097,St. Landry Parish,LA,924.029,30.583441,-91.989274
22099,St. Martin Parish,LA,737.47,30.121433,-91.611481
22101,St. Mary Parish,LA,558.527,29.629349,-91.463804
22103,St. Tammany Parish,LA,845.281,30.410022,-89.951962
22105,Tangipahoa Parish,LA,791.172,30.621348,-90.40649
22107,Tensas Parish,LA,603.302,32.001489,-91.342576
22109,Terrebonne Parish,LA,1229.888,29.33413,-90.843674
22111,Union Parish,LA,876.913,32.829349,-92.37565
22113,Vermilion Parish,LA,1172.055,29.806638,-92.321394
22115,Vernon Parish,LA,1326.726,31.102841,-93.18833
22117,Washington Parish,LA,669.637,30.852144,-90.046253
22119,Webster Parish,LA,593.319,32.732152,-93.339825
22121,West Baton Rouge Parish,LA,192.346,30.464052,-91.309808
22123,West Carroll Parish,LA,359.686,32.79248,-91.451998
22125,West Feliciana Parish,LA,403.316,30.873364,-91.421776
22127,Winn Parish,LA,950.004,31.941187,-92.641269
23001,Androscoggin County,ME,467.954,44.167681,-70.207435
23003,Aroostook County,ME,6671.136,46.709193,-68.612409
23005,Cumberland County,ME,836.193,43.808348,-70.330375
23007,Franklin County,ME,1697.007,44.976724,-70.414935
23009,Hancock County,ME,1587.128,44.564906,-68.370703
23011,Kennebec County,ME,867.472,44.417012,-69.765764
23013,Knox County,ME,365.146,44.042045,-69.038514
23015,Lincoln County,ME,455.867,43.994781,-69.513624
23017,Oxford County,ME,2076.957,44.4945,-70.734421
23019,Penobscot County,ME,3397.182,45.409284,-68.666616
23021,Piscataquis County,ME,3960.847,45.915639,-69.102231
23023,Sagadahoc County,ME,253.979,43.916845,-69.844227
23025,Somerset County,ME,3924.27,45.503646,-69.95611
23027,Waldo County,ME,729.981,44.505822,-69.138961
23029,Washington County,ME,2562.725,44.967009,-67.609354
23031,York County,ME,991.196,43.426019,-70.668425
24001,Allegany County,MD,422.199,39.612313,-78.703104
24003,Anne Arundel County,MD,414.806,38.991617,-76.560894
24005,Baltimore County,MD,598.358,39.443167,-76.616569
24009,Calvert County,MD,213.19,38.522719,-76.529762
24011,Caroline County,MD,319.442,38.871531,-75.831662
24013,Carroll County,MD,447.615,39.563328,-77.01533
24015,Cecil County,MD,346.3,39.562354,-75.941585
24017,Charles County,MD,457.819,38.472853,-77.015427
24019,Dorchester County,MD,540.765,38.429196,-76.047433
24021,Frederick County,MD,660.621,39.470177,-77.397636
24023,Garrett County,MD,649.077,39.547299,-79.274619
24025,Harford County,MD,437.125,39.537429,-76.299789
24027,Howard County,MD,250.95,39.252264,-76.924406
24029,Kent County,MD,276.988,39.241279,-76.125987
24031,Montgomery County,MD,493.143,39.137381,-77.203063
24033,Prince George's County,MD,482.643,38.829278,-76.848188
24035,Queen Anne's County,MD,371.669,39.040693,-76.082405
24037,St. Mary's County,MD,358.564,38.223077,-76.534487
24039,Somerset County,MD,319.749,38.07445,-75.853323
24041,Talbot County,MD,268.556,38.748349,-76.178476
24043,Washington County,MD,457.784,39.603621,-77.814671
24045,Wicomico County,MD,374.43,38.36737,-75.632083
24047,Worcester County,MD,468.402,38.222133,-75.309931
24510,Baltimore city,MD,80.946,39.300032,-76.610476
25001,Barnstable County,MA,394.2,41.706123,-70.164823
25003,Berkshire County,MA,926.874,42.371493,-73.217928
25005,Bristol County,MA,553.111,41.748588,-71.088894
25007,Dukes County,MA,103.202,41.38097,-70.701499
25009,Essex County,MA,492.513,42.642708,-70.864909
25011,Franklin County,MA,699.208,42.584504,-72.591792
25013,Hampden County,MA,617.005,42.136198,-72.635648
25015,Hampshire County,MA,527.236,42.339459,-72.663694
25017,Middlesex County,MA,817.866,42.481718,-71.394916
25019,Nantucket County,MA,46.192,41.293392,-70.102164
25021,Norfolk County,MA,396.103,42.171738,-71.18111
25023,Plymouth County,MA,658.501,41.987196,-70.741942
25025,Suffolk County,MA,58.253,42.338551,-71.018253
25027,Worcester County,MA,1510.677,42.311693,-71.940282
26001,Alcona County,MI,674.655,44.657509,-83.29458
26003,Alger County,MI,915.034,46.521736,-86.657119
26005,Allegan County,MI,825.253,42.421251,-86.261403
26007,Alpena County,MI,571.899,44.894954,-83.426574
26009,Antrim County,MI,475.679,45.005455,-85.175639
26011,Arenac County,MI,363.178,44.036833,-83.740675
26013,Baraga County,MI,898.427,46.695859,-88.36181
26015,Barry County,MI,553.104,42.582811,-85.31455
26017,Bay County,MI,442.409,43.699711,-83.978701
26019,Benzie County,MI,319.696,44.636844,-86.231999
26021,Berrien County,MI,567.781,41.791382,-86.742543
26023,Branch County,MI,506.411,41.918455,-85.066885
26025,Calhoun County,MI,706.262,42.24299,-85.012385
26027,Cass County,MI,490.108,41.917243,-86.000142
26029,Charlevoix County,MI,416.33,45.618554,-85.543684
26031,Cheboygan County,MI,715.279,45.476022,-84.495431
26033,Chippewa County,MI,1558.508,46.321819,-84.52063
26035,Clare County,MI,564.367,43.991137,-84.838325
26037,Clinton County,MI,567.349,42.950455,-84.591695
26039,Crawford County,MI,556.415,44.680175,-84.611343
26041,Delta County,MI,1171.094,45.805229,-86.901938
26043,Dickinson County,MI,760.948,46.012833,-87.866139
26045,Eaton County,MI,575.209,42.58953,-84.84645
26047,Emmet County,MI,467.547,45.590094,-84.986822
26049,Genesee County,MI,636.943,43.021077,-83.706372
26051,Gladwin County,MI,501.786,43.98975,-84.389816
26053,Gogebic County,MI,1102.136,46.488054,-89.788314
26055,Grand Traverse County,MI,464.336,44.718688,-85.553848
26057,Gratiot County,MI,568.381,43.292326,-84.60469
26059,Hillsdale County,MI,598.152,41.927461,-84.637479
26061,Houghton County,MI,1009.101,46.998427,-88.651903
26063,Huron County,MI,836.017,43.907616,-82.857045
26065,Ingham County,MI,556.087,42.603534,-84.373811
26067,Ionia County,MI,571.32,42.94465,-85.073766
26069,Iosco County,MI,549.477,44.386912,-83.380141
26071,Iron County,MI,1166.096,46.170254,-88.540526
26073,Isabella County,MI,572.7,43.645233,-84.839424
26075,Jackson County,MI,701.897,42.248474,-84.420868
26077,Kalamazoo County,MI,561.955,42.246266,-85.532854
26079,Kalkaska County,MI,559.744,44.678881,-85.088992
26081,Kent County,MI,848.931,43.032497,-85.547446
26083,Keweenaw County,MI,540.112,47.367297,-88.351332
26085,Lake County,MI,567.594,43.995187,-85.8114
26087,Lapeer County,MI,646.983,43.088633,-83.224325
26089,Leelanau County,MI,347.199,45.146182,-86.051574
26091,Lenawee County,MI,749.638,41.896022,-84.074356
26093,Livingston County,MI,565.283,42.602532,-83.911718
26095,Luce County,MI,899.075,46.510988,-85.517552
26097,Mackinac County,MI,1021.879,46.167868,-85.303762
26099,Macomb County,MI,479.348,42.671553,-82.911456
26101,Manistee County,MI,542.325,44.245268,-86.327537
26103,Marquette County,MI,1809.051,46.656596,-87.584028
26105,Mason County,MI,494.969,43.957196,-86.442937
26107,Mecosta County,MI,555.155,43.635295,-85.332751
26109,Menominee County,MI,1044.041,45.535568,-87.501457
26111,Midland County,MI,517.859,43.648203,-84.379414
26113,Missaukee County,MI,564.788,44.325424,-85.085471
26115,Monroe County,MI,549.353,41.916097,-83.487106
26117,Montcalm County,MI,705.329,43.312782,-85.149468
26119,Montmorency County,MI,546.675,45.024134,-84.130107
26121,Muskegon County,MI,503.914,43.428739,-86.420908
26123,Newaygo County,MI,838.887,43.562712,-85.791372
26125,Oakland County,MI,867.393,42.660452,-83.38421
26127,Oceana County,MI,538.105,43.603954,-86.467177
26129,Ogemaw County,MI,563.503,44.33328,-84.128073
26131,Ontonagon County,MI,1310.978,46.835325,-89.276912
26133,Osceola County,MI,566.286,43.997552,-85.322283
26135,Oscoda County,MI,565.674,44.687257,-84.126905
26137,Otsego County,MI,515.006,45.021787,-84.576603
26139,Ottawa County,MI,563.52,43.054969,-86.219349
26141,Presque Isle County,MI,658.717,45.252397,-83.432283
26143,Roscommon County,MI,519.897,44.339517,-84.611271
26145,Saginaw County,MI,800.806,43.328267,-84.05541
26147,St. Clair County,MI,721.488,42.928803,-82.668913
26149,St. Joseph County,MI,500.64,41.911488,-85.52287
26151,Sanilac County,MI,962.571,43.449155,-82.642815
26153,Schoolcraft County,MI,1171.876,46.021122,-86.197029
26155,Shiawassee County,MI,530.967,42.951545,-84.146352
26157,Tuscola County,MI,804.84,43.487902,-83.436618
26159,Van Buren County,MI,607.793,42.28215,-86.306076
26161,Washtenaw County,MI,706.003,42.252217,-83.843423
26163,Wayne County,MI,611.835,42.284664,-83.261953
26165,Wexford County,MI,564.925,44.331375,-85.570046
27001,Aitkin County,MN,1821.369,46.602409,-93.419694
27003,Anoka County,MN,421.973,45.27411,-93.242723
27005,Becker County,MN,1315.037,46.937629,-95.741757
27007,Beltrami County,MN,2504.643,47.879508,-95.00505
27009,Benton County,MN,408.303,45.701225,-94.00144
27011,Big Stone County,MN,499.129,45.419925,-96.402226
27013,Blue Earth County,MN,747.836,44.03371,-94.064012
27015,Brown County,MN,611.109,44.246541,-94.733647
27017,Carlton County,MN,861.191,46.603818,-92.671044
27019,Carver County,MN,353.879,44.82132,-93.800091
27021,Cass County,MN,2021.464,46.951745,-94.333705
27023,Chippewa County,MN,581.223,45.028625,-95.564108
27025,Chisago County,MN,414.9,45.505444,-92.903849
27027,Clay County,MN,1045.176,46.898377,-96.494901
27029,Clearwater County,MN,999.003,47.575873,-95.371117
27031,Cook County,MN,1452.576,47.758556,-90.344319
27033,Cottonwood County,MN,639.973,44.010639,-95.183152
27035,Crow Wing County,MN,998.359,46.491653,-94.070718
27037,Dakota County,MN,562.557,44.670893,-93.062481
27039,Dodge County,MN,439.396,44.020706,-92.869353
27041,Douglas County,MN,636.878,45.936835,-95.462155
27043,Faribault County,MN,712.479,43.676522,-93.947234
27045,Fillmore County,MN,861.333,43.679187,-92.093937
27047,Freeborn County,MN,707.245,43.674202,-93.350289
27049,Goodhue County,MN,756.713,44.406178,-92.716
27051,Grant County,MN,547.8,45.930743,-96.010699
27053,Hennepin County,MN,554.006,45.006121,-93.475228
27055,Houston County,MN,552.113,43.66699,-91.501556
27057,Hubbard County,MN,926.012,47.095551,-94.91329
27059,Isanti County,MN,435.781,45.562431,-93.296339
27061,Itasca County,MN,2667.513,47.490817,-93.611102
27063,Jackson County,MN,702.972,43.671111,-95.149731
27065,Kanabec County,MN,521.61,45.94776,-93.297788
27067,Kandiyohi County,MN,797.365,45.152714,-95.004981
27069,Kittson County,MN,1099.0,48.77604,-96.780349
27071,Koochiching County,MN,3104.706,48.245374,-93.782896
27073,Lac qui Parle County,MN,765.021,44.999826,-96.176851
27075,Lake County,MN,2109.108,47.517111,-91.411704
27077,Lake of the Woods County,MN,1297.653,48.7681,-94.904633
27079,Le Sueur County,MN,448.733,44.373421,-93.730106
27081,Lincoln County,MN,536.786,44.408238,-96.272032
27083,Lyon County,MN,714.411,44.409195,-95.847268
27085,McLeod County,MN,491.51,44.821657,-94.272323
27087,Mahnomen County,MN,557.867,47.328387,-95.811089
27089,Marshall County,MN,1775.06,48.362728,-96.357761
27091,Martin County,MN,712.331,43.677173,-94.547096
27093,Meeker County,MN,607.968,45.123155,-94.527346
27095,Mille Lacs County,MN,572.306,45.929043,-93.632996
27097,Morrison County,MN,1125.094,46.020484,-94.266619
27099,Mower County,MN,711.273,43.666249,-92.759514
27101,Murray County,MN,704.667,44.015594,-95.761581
27103,Nicollet County,MN,448.517,44.35882,-94.245684
27105,Nobles County,MN,715.117,43.677686,-95.763132
27107,Norman County,MN,872.789,47.329453,-96.463776
27109,Olmsted County,MN,653.509,43.9995,-92.410096
27111,Otter Tail County,MN,1971.635,46.405727,-95.714581
27113,Pennington County,MN,616.52,48.069247,-96.037725
27115,Pine County,MN,1411.337,46.10094,-92.763094
27117,Pipestone County,MN,465.053,44.015361,-96.257015
27119,Polk County,MN,1970.999,47.774254,-96.400027
27121,Pope County,MN,674.554,45.589623,-95.446705
27123,Ramsey County,MN,152.249,45.015204,-93.099965
27125,Red Lake County,MN,432.407,47.865487,-96.08718
27127,Redwood County,MN,878.573,44.403536,-95.254241
27129,Renville County,MN,982.905,44.723697,-94.955617
27131,Rice County,MN,495.845,44.350775,-93.298513
27133,Rock County,MN,482.459,43.669587,-96.263238
27135,Roseau County,MN,1671.739,48.761068,-95.821504
27137,St. Louis County,MN,6248.116,47.578635,-92.514585
27139,Scott County,MN,356.11,44.651811,-93.533733
27141,Sherburne County,MN,432.947,45.453166,-93.769164
27143,Sibley County,MN,588.841,44.575734,-94.230123
27145,Stearns County,MN,1342.876,45.555235,-94.610482
27147,Steele County,MN,429.548,44.015261,-93.220453
27149,Stevens County,MN,563.659,45.593461,-95.992315
27151,Swift County,MN,742.027,45.27581,-95.690124
27153,Todd County,MN,945.098,46.066569,-94.900576
27155,Traverse County,MN,573.872,45.769935,-96.474832
27157,Wabasha County,MN,522.922,44.289634,-92.233454
27159,Wadena County,MN,536.347,46.586986,-94.988608
27161,Waseca County,MN,423.363,44.01846,-93.589844
27163,Washington County,MN,384.718,45.037929,-92.890117
27165,Watonwan County,MN,434.947,43.978109,-94.613798
27167,Wilkin County,MN,751.038,46.362335,-96.476657
27169,Winona County,MN,626.177,43.981353,-91.777044
27171,Wright County,MN,661.148,45.175091,-93.966396
27173,Yellow Medicine County,MN,759.101,44.715736,-95.862756
28001,Adams County,MS,462.344,31.486224,-91.351797
28003,Alcorn County,MS,400.044,34.886569,-88.581109
28005,Amite County,MS,730.1,31.203933,-90.795542
28007,Attala County,MS,734.957,33.090468,-89.588622
28009,Benton County,MS,406.616,34.809593,-89.200213
28011,Bolivar County,MS,876.507,33.799139,-90.88412
28013,Calhoun County,MS,586.573,33.936634,-89.337114
28015,Carroll County,MS,628.388,33.440795,-89.918887
28017,Chickasaw County,MS,501.782,33.933277,-88.947558
28019,Choctaw County,MS,418.197,33.345964,-89.251332
28021,Claiborne County,MS,487.415,31.97281,-90.915424
28023,Clarke County,MS,691.576,32.045374,-88.687976
28025,Clay County,MS,410.072,33.65967,-88.782468
28027,Coahoma County,MS,553.102,34.230316,-90.60401
28029,Copiah County,MS,777.285,31.866915,-90.448758
28031,Covington County,MS,413.819,31.633331,-89.548897
28033,DeSoto County,MS,476.346,34.874922,-89.991211
28035,Forrest County,MS,466.042,31.18858,-89.259447
28037,Franklin County,MS,563.964,31.477773,-90.895457
28039,George County,MS,478.696,30.855431,-88.642268
28041,Greene County,MS,712.738,31.212845,-88.634811
28043,Grenada County,MS,422.122,33.770031,-89.80274
28045,Hancock County,MS,473.964,30.391641,-89.482791
28047,Harrison County,MS,573.635,30.416536,-89.083376
28049,Hinds County,MS,869.845,32.267788,-90.466017
28051,Holmes County,MS,756.674,33.125942,-90.091197
28053,Humphreys County,MS,418.68,33.130996,-90.523421
28055,Issaquena County,MS,412.98,32.755539,-91.003535
28057,Itawamba County,MS,532.795,34.281075,-88.363127
28059,Jackson County,MS,722.825,30.456005,-88.625101
28061,Jasper County,MS,676.311,32.016748,-89.119176
28063,Jefferson County,MS,519.933,31.733633,-91.043878
28065,Jefferson Davis County,MS,408.446,31.564808,-89.827086
28067,Jones County,MS,694.845,31.616601,-89.168532
28069,Kemper County,MS,766.182,32.750136,-88.625631
28071,Lafayette County,MS,631.697,34.353078,-89.485385
28073,Lamar County,MS,496.57,31.197586,-89.506369
28075,Lauderdale County,MS,703.674,32.403998,-88.660449
28077,Lawrence County,MS,430.602,31.550009,-90.10753
28079,Leake County,MS,582.897,32.76063,-89.52225
28081,Lee County,MS,449.965,34.29237,-88.682439
28083,Leflore County,MS,594.074,33.54979,-90.294934
28085,Lincoln County,MS,586.207,31.535216,-90.453566
28087,Lowndes County,MS,505.448,33.471424,-88.439723
28089,Madison County,MS,714.208,32.63437,-90.03416
28091,Marion County,MS,542.398,31.230167,-89.821712
28093,Marshall County,MS,706.185,34.76619,-89.504231
28095,Monroe County,MS,765.092,33.89003,-88.485038
28097,Montgomery County,MS,406.981,33.500714,-89.639625
28099,Neshoba County,MS,570.134,32.752518,-89.119274
28101,Newton County,MS,577.77,32.40197,-89.118412
28103,Noxubee County,MS,695.158,33.106606,-88.566152
28105,Oktibbeha County,MS,458.239,33.422313,-88.876151
28107,Panola County,MS,685.175,34.365205,-89.963065
28109,Pearl River County,MS,811.319,30.774793,-89.586904
28111,Perry County,MS,647.282,31.169307,-88.988755
28113,Pike County,MS,409.185,31.177516,-90.397725
28115,Pontotoc County,MS,497.813,34.227081,-89.037239
28117,Prentiss County,MS,414.985,34.620566,-88.522184
28119,Quitman County,MS,405.012,34.252833,-90.290171
28121,Rankin County,MS,775.496,32.267123,-89.946063
28123,Scott County,MS,609.231,32.411959,-89.533486
28125,Sharkey County,MS,431.72,32.892395,-90.827613
28127,Simpson County,MS,589.165,31.902505,-89.917709
28129,Smith County,MS,636.268,32.019029,-89.494876
28131,Stone County,MS,445.485,30.790184,-89.112297
28133,Sunflower County,MS,697.759,33.605529,-90.59509
28135,Tallahatchie County,MS,645.59,33.954529,-90.172243
28137,Tate County,MS,404.763,34.649553,-89.943105
28139,Tippah County,MS,457.822,34.763618,-88.918819
28141,Tishomingo County,MS,424.297,34.738835,-88.234827
28143,Tunica County,MS,454.13,34.652201,-90.37177
28145,Union County,MS,415.607,34.489533,-89.002339
28147,Walthall County,MS,403.928,31.164492,-90.103431
28149,Warren County,MS,588.534,32.356095,-90.852384
28151,Washington County,MS,723.972,33.273174,-90.944446
28153,Wayne County,MS,810.716,31.642503,-88.678214
28155,Webster County,MS,421.158,33.612061,-89.283961
28157,Wilkinson County,MS,678.106,31.161091,-91.324617
28159,Winston County,MS,607.251,33.078724,-89.037391
28161,Yalobusha County,MS,467.151,34.030666,-89.703807
28163,Yazoo County,MS,922.339,32.765675,-90.387928
29001,Adair County,MO,567.324,40.190666,-92.603592
29003,Andrew County,MO,432.632,39.988863,-94.803551
29005,Atchison County,MO,547.285,40.431846,-95.437555
29007,Audrain County,MO,692.25,39.214481,-91.843418
29009,Barry County,MO,778.122,36.699376,-93.834334
29011,Barton County,MO,592.03,37.500799,-94.344089
29013,Bates County,MO,836.696,38.257217,-94.339246
29015,Benton County,MO,704.033,38.301036,-93.287942
29017,Bollinger County,MO,617.904,37.318427,-90.024645
29019,Boone County,MO,685.551,38.989861,-92.310202
29021,Buchanan County,MO,408.249,39.660369,-94.808173
29023,Butler County,MO,694.756,36.71518,-90.40313
29025,Caldwell County,MO,426.393,39.658998,-93.979179
29027,Callaway County,MO,834.568,38.835547,-91.923446
29029,Camden County,MO,656.036,38.026527,-92.765327
29031,Cape Girardeau County,MO,578.517,37.384141,-89.685658
29033,Carroll County,MO,694.622,39.427375,-93.500227
29035,Carter County,MO,507.359,36.944858,-90.945705
29037,Cass County,MO,696.615,38.646474,-94.354547
29039,Cedar County,MO,474.47,37.733655,-93.850014
29041,Chariton County,MO,751.178,39.517968,-92.96162
29043,Christian County,MO,562.603,36.969739,-93.187614
29045,Clark County,MO,504.606,40.407275,-91.729472
29047,Clay County,MO,397.649,39.315551,-94.421502
29049,Clinton County,MO,418.94,39.608723,-94.395803
29051,Cole County,MO,391.548,38.503233,-92.280027
29053,Cooper County,MO,564.75,38.847093,-92.810069
29055,Crawford County,MO,742.477,37.966559,-91.313936
29057,Dade County,MO,490.01,37.43235,-93.854878
29059,Dallas County,MO,540.951,37.683583,-93.033815
29061,Daviess County,MO,563.282,39.962839,-93.970053
29063,DeKalb County,MO,421.358,39.894665,-94.40719
29065,Dent County,MO,752.761,37.603072,-91.489717
29067,Douglas County,MO,813.623,36.946517,-92.515892
29069,Dunklin County,MO,541.909,36.153025,-90.062254
29071,Franklin County,MO,922.678,38.413003,-91.072832
29073,Gasconade County,MO,519.005,38.441183,-91.50578
29075,Gentry County,MO,491.422,40.208127,-94.405321
29077,Greene County,MO,675.329,37.258196,-93.340641
29079,Grundy County,MO,435.293,40.112541,-93.565054
29081,Harrison County,MO,722.517,40.34562,-93.992582
29083,Henry County,MO,696.936,38.386491,-93.792628
29085,Hickory County,MO,398.808,37.93691,-93.322988
29087,Holt County,MO,462.693,40.095724,-95.219072
29089,Howard County,MO,463.801,39.143365,-92.695926
29091,Howell County,MO,927.177,36.774369,-91.887368
29093,Iron County,MO,550.263,37.625971,-90.699587
29095,Jackson County,MO,604.52,39.005364,-94.343211
29097,Jasper County,MO,638.506,37.205197,-94.337259
29099,Jefferson County,MO,656.261,38.25763,-90.543681
29101,Johnson County,MO,829.261,38.741528,-93.811863
29103,Knox County,MO,504.01,40.136856,-92.146835
29105,Laclede County,MO,764.627,37.659698,-92.594843
29107,Lafayette County,MO,628.28,39.068705,-93.802639
29109,Lawrence County,MO,611.738,37.10659,-93.830551
29111,Lewis County,MO,505.018,40.084559,-91.728803
29113,Lincoln County,MO,626.562,39.062255,-90.962916
29115,Linn County,MO,615.588,39.86444,-93.108019
29117,Livingston County,MO,532.303,39.778587,-93.548201
29119,McDonald County,MO,539.445,36.627955,-94.343716
29121,Macon County,MO,801.208,39.829795,-92.56434
29123,Madison County,MO,494.386,37.474481,-90.343413
29125,Maries County,MO,526.981,38.162615,-91.923601
29127,Marion County,MO,436.922,39.807538,-91.635379
29129,Mercer County,MO,453.835,40.421413,-93.567631
29131,Miller County,MO,592.573,38.21668,-92.429876
29133,Mississippi County,MO,411.596,36.826264,-89.295929
29135,Moniteau County,MO,415.033,38.633037,-92.583642
29137,Monroe County,MO,647.63,39.49827,-92.006458
29139,Montgomery County,MO,535.047,38.935184,-91.465427
29141,Morgan County,MO,597.635,38.420806,-92.874835
29143,New Madrid County,MO,674.884,36.594261,-89.655948
29145,Newton County,MO,624.754,36.908371,-94.335034
29147,Nodaway County,MO,876.964,40.361136,-94.883146
29149,Oregon County,MO,789.844,36.68531,-91.401827
29151,Osage County,MO,606.58,38.464253,-91.859504
29153,Ozark County,MO,745.006,36.64959,-92.458549
29155,Pemiscot County,MO,492.605,36.209916,-89.785942
29157,Perry County,MO,474.355,37.71113,-89.802125
29159,Pettis County,MO,682.236,38.727367,-93.285207
29161,Phelps County,MO,671.787,37.866326,-91.790349
29163,Pike County,MO,670.439,39.339959,-91.171607
29165,Platte County,MO,419.824,39.37869,-94.761477
29167,Polk County,MO,635.527,37.616761,-93.400817
29169,Pulaski County,MO,547.112,37.824835,-92.207022
29171,Putnam County,MO,517.317,40.478606,-93.014531
29173,Ralls County,MO,469.787,39.553455,-91.524787
29175,Randolph County,MO,482.713,39.439249,-92.492959
29177,Ray County,MO,568.982,39.308401,-93.995746
29179,Reynolds County,MO,808.477,37.366464,-90.972282
29181,Ripley County,MO,629.516,36.65017,-90.874834
29183,St. Charles County,MO,560.501,38.781102,-90.674915
29185,St. Clair County,MO,674.981,38.04223,-93.77656
29186,Ste. Genevieve County,MO,499.153,37.885845,-90.161531
29187,St. Francois County,MO,451.886,37.810707,-90.473868
29189,St. Louis County,MO,507.995,38.640688,-90.446073
29195,Saline County,MO,755.51,39.13584,-93.204164
29197,Schuyler County,MO,307.305,40.469361,-92.519016
29199,Scotland County,MO,436.507,40.447686,-92.142824
29201,Scott County,MO,420.005,37.047793,-89.568098
29203,Shannon County,MO,1003.82,37.152498,-91.391328
29205,Shelby County,MO,500.863,39.797531,-92.088719
29207,Stoddard County,MO,823.142,36.851557,-89.947481
29209,Stone County,MO,463.814,36.745822,-93.457842
29211,Sullivan County,MO,647.982,40.209587,-93.109783
29213,Taney County,MO,632.263,36.649827,-93.042819
29215,Texas County,MO,1177.267,37.314257,-91.964478
29217,Vernon County,MO,826.391,37.850196,-94.341597
29219,Warren County,MO,428.59,38.761902,-91.159306
29221,Washington County,MO,759.866,37.942611,-90.897018
29223,Wayne County,MO,759.186,37.111074,-90.453931
29225,Webster County,MO,592.563,37.280804,-92.87608
29227,Worth County,MO,266.629,40.480499,-94.419198
29229,Wright County,MO,681.774,37.267633,-92.479989
29510,St. Louis city,MO,61.72,38.635699,-90.244582
30001,Beaverhead County,MT,5542.687,45.133863,-112.892869
30003,Big Horn County,MT,4997.815,45.407868,-107.518162
30005,Blaine County,MT,4227.517,48.428282,-108.967648
30007,Broadwater County,MT,1192.359,46.329849,-111.497873
30009,Carbon County,MT,2047.781,45.224468,-109.028554
30011,Carter County,MT,3340.477,45.516825,-104.515324
30013,Cascade County,MT,2698.206,47.316575,-111.350262
30015,Chouteau County,MT,3972.52,47.886834,-110.4362
30017,Custer County,MT,3783.309,46.261414,-105.550352
30019,Daniels County,MT,1426.27,48.794429,-105.541739
30021,Dawson County,MT,2371.926,47.26613,-104.898271
30023,Deer Lodge County,MT,736.683,46.094672,-113.141624
30025,Fallon County,MT,1620.595,46.318184,-104.405718
30027,Fergus County,MT,4339.329,47.221816,-109.232956
30029,Flathead County,MT,5087.223,48.295422,-114.052059
30031,Gallatin County,MT,2605.353,45.518054,-111.163921
30033,Garfield County,MT,4676.56,47.267184,-106.995991
30035,Glacier County,MT,2995.151,48.705671,-112.990502
30037,Golden Valley County,MT,1174.423,46.380624,-109.174586
30039,Granite County,MT,1727.162,46.395955,-113.427356
30041,Hill County,MT,2899.396,48.631959,-110.106321
30043,Jefferson County,MT,1656.997,46.124232,-112.059428
30045,Judith Basin County,MT,1869.687,47.032558,-110.30532
30047,Lake County,MT,1490.467,47.642901,-114.083687
30049,Lewis and Clark County,MT,3458.381,47.132013,-112.373367
30051,Liberty County,MT,1429.988,48.559654,-111.036924
30053,Lincoln County,MT,3612.559,48.552385,-115.463185
30055,McCone County,MT,2642.225,47.629628,-105.757222
30057,Madison County,MT,3588.156,45.32529,-111.913791
30059,Meagher County,MT,2391.868,46.5857,-110.92174
30061,Mineral County,MT,1219.619,47.129687,-115.085385
30063,Missoula County,MT,2593.009,47.027263,-113.892691
30065,Musselshell County,MT,1868.958,46.505281,-108.439763
30067,Park County,MT,2802.479,45.463081,-110.53493
30069,Petroleum County,MT,1655.625,47.141917,-108.226575
30071,Phillips County,MT,5140.422,48.250143,-107.928897
30073,Pondera County,MT,1624.567,48.228604,-112.220761
30075,Powder River County,MT,3298.196,45.408926,-105.555344
30077,Powell County,MT,2326.042,46.844225,-112.9311
30079,Prairie County,MT,1736.603,46.812388,-105.503938
30081,Ravalli County,MT,2390.967,46.077744,-114.105795
30083,Richland County,MT,2084.556,47.785633,-104.563408
30085,Roosevelt County,MT,2354.602,48.282747,-104.99517
30087,Rosebud County,MT,5008.135,46.173206,-106.666792
30089,Sanders County,MT,2760.4,47.756497,-115.180306
30091,Sheridan County,MT,1676.941,48.705587,-104.533916
30093,Silver Bow County,MT,717.99,45.896232,-112.660071
30095,Stillwater County,MT,1796.746,45.658545,-109.381576
30097,Sweet Grass County,MT,1855.536,45.811292,-109.944796
30099,Teton County,MT,2271.616,47.819035,-112.281725
30101,Toole County,MT,1914.864,48.645125,-111.733472
30103,Treasure County,MT,977.801,46.227113,-107.275296
30105,Valley County,MT,4926.115,48.34985,-106.670424
30107,Wheatland County,MT,1422.481,46.496967,-109.857684
30109,Wibaux County,MT,889.571,46.962966,-104.274518
30111,Yellowstone County,MT,2633.256,45.936987,-108.276656
31001,Adams County,NE,563.259,40.520632,-98.500044
31003,Antelope County,NE,857.157,42.183225,-98.058037
31005,Arthur County,NE,715.152,41.57193,-101.695917
31007,Banner County,NE,746.039,41.53975,-103.726263
31009,Blaine County,NE,710.702,41.931945,-99.996407
31011,Boone County,NE,686.53,41.703934,-98.070476
31013,Box Butte County,NE,1075.161,42.21038,-103.081779
31015,Boyd County,NE,539.368,42.894448,-98.773022
31017,Brown County,NE,1221.404,42.359562,-99.92392
31019,Buffalo County,NE,968.244,40.855265,-99.074984
31021,Burt County,NE,491.587,41.854179,-96.337746
31023,Butler County,NE,584.789,41.226072,-97.132039
31025,Cass County,NE,556.899,40.909878,-96.140609
31027,Cedar County,NE,740.189,42.60456,-97.25687
31029,Chase County,NE,894.425,40.53039,-101.694192
31031,Cherry County,NE,5960.099,42.571323,-101.047653
31033,Cheyenne County,NE,1196.008,41.214236,-103.011929
31035,Clay County,NE,572.289,40.523669,-98.050858
31037,Colfax County,NE,411.46,41.57496,-97.088945
31039,Cuming County,NE,570.49,41.915865,-96.788517
31041,Custer County,NE,2575.458,41.393893,-99.726866
31043,Dakota County,NE,264.276,42.391624,-96.561327
31045,Dawes County,NE,1396.437,42.713038,-103.135436
31047,Dawson County,NE,1013.786,40.86784,-99.815583
31049,Deuel County,NE,439.825,41.111903,-102.332609
31051,Dixon County,NE,475.621,42.485086,-96.855784
31053,Dodge County,NE,528.843,41.577008,-96.645852
31055,Douglas County,NE,326.482,41.297091,-96.154066
31057,Dundy County,NE,919.678,40.180165,-101.681133
31059,Fillmore County,NE,575.37,40.52504,-97.596705
31061,Franklin County,NE,575.816,40.183203,-98.96208
31063,Frontier County,NE,974.655,40.530947,-100.406683
31065,Furnas County,NE,719.204,40.192252,-99.908637
31067,Gage County,NE,851.468,40.255234,-96.683453
31069,Garden County,NE,1704.826,41.633364,-102.302985
31071,Garfield County,NE,569.356,41.906912,-98.951283
31073,Gosper County,NE,458.199,40.509095,-99.823206
31075,Grant County,NE,776.696,41.913957,-101.755965
31077,Greeley County,NE,569.826,41.567563,-98.530567
31079,Hall County,NE,546.53,40.866027,-98.502664
31081,Hamilton County,NE,542.03,40.872817,-98.022329
31083,Harlan County,NE,553.466,40.178766,-99.403418
31085,Hayes County,NE,713.065,40.537234,-101.047963
31087,Hitchcock County,NE,709.951,40.176896,-101.044217
31089,Holt County,NE,2411.851,42.459287,-98.784766
31091,Hooker County,NE,720.966,41.920317,-101.117324
31093,Howard County,NE,569.266,41.216851,-98.513342
31095,Jefferson County,NE,570.182,40.175736,-97.143103
31097,Johnson County,NE,376.086,40.394955,-96.265264
31099,Kearney County,NE,516.193,40.50912,-98.947602
31101,Keith County,NE,1062.063,41.194245,-101.644449
31103,Keya Paha County,NE,772.876,42.87548,-99.718351
31105,Kimball County,NE,951.942,41.199274,-103.703153
31107,Knox County,NE,1108.235,42.634404,-97.891349
31109,Lancaster County,NE,837.56,40.783547,-96.688658
31111,Lincoln County,NE,2564.14,41.050322,-100.744481
31113,Logan County,NE,570.698,41.542155,-100.443665
31115,Loup County,NE,563.341,41.90279,-99.509276
31117,McPherson County,NE,859.259,41.648414,-101.120851
31119,Madison County,NE,572.612,41.909929,-97.606856
31121,Merrick County,NE,487.794,41.16979,-98.031057
31123,Morrill County,NE,1423.706,41.732204,-102.990594
31125,Nance County,NE,441.595,41.402385,-97.991408
31127,Nemaha County,NE,407.301,40.387389,-95.852721
31129,Nuckolls County,NE,575.155,40.176492,-98.046842
31131,Otoe County,NE,615.615,40.637992,-96.131027
31133,Pawnee County,NE,431.075,40.137797,-96.245214
31135,Perkins County,NE,883.313,40.857646,-101.627468
31137,Phelps County,NE,539.765,40.516365,-99.406557
31139,Pierce County,NE,573.249,42.271413,-97.610992
31141,Platte County,NE,675.118,41.576866,-97.513467
31143,Polk County,NE,438.832,41.187925,-97.570663
31145,Red Willow County,NE,717.17,40.16942,-100.468576
31147,Richardson County,NE,551.841,40.123743,-95.718603
31149,Rock County,NE,1008.291,42.394749,-99.420851
31151,Saline County,NE,574.069,40.516802,-97.131755
31153,Sarpy County,NE,237.997,41.115064,-96.109125
31155,Saunders County,NE,748.668,41.22339,-96.6421
31157,Scotts Bluff County,NE,739.621,41.850506,-103.703021
31159,Seward County,NE,571.43,40.871944,-97.140383
31161,Sheridan County,NE,2440.17,42.512289,-102.36828
31163,Sherman County,NE,565.877,41.218743,-98.972849
31165,Sioux County,NE,2066.723,42.470668,-103.73217
31167,Stanton County,NE,427.633,41.905045,-97.177109
31169,Thayer County,NE,573.789,40.173429,-97.596235
31171,Thomas County,NE,712.554,41.85573,-100.524703
31173,Thurston County,NE,393.592,42.154061,-96.533943
31175,Valley County,NE,568.09,41.564094,-98.983484
31177,Washington County,NE,389.928,41.533973,-96.224577
31179,Wayne County,NE,442.916,42.210746,-97.126243
31181,Webster County,NE,574.913,40.180646,-98.49859
31183,Wheeler County,NE,575.183,41.922575,-98.520853
31185,York County,NE,572.516,40.873056,-97.596742
32001,Churchill County,NV,4950.157,39.53771,-118.264166
32003,Clark County,NV,7891.661,36.21413,-115.014398
32005,Douglas County,NV,710.537,38.905129,-119.609019
32007,Elko County,NV,17173.302,41.141133,-115.351424
32009,Esmeralda County,NV,3581.889,37.778966,-117.632382
32011,Eureka County,NV,4175.688,39.977788,-116.272208
32013,Humboldt County,NV,9640.792,41.407914,-118.127591
32015,Lander County,NV,5519.247,39.90021,-117.04724
32017,Lincoln County,NV,10633.386,37.634605,-114.863037
32019,Lyon County,NV,2003.053,39.022213,-119.197425
32021,Mineral County,NV,3751.283,38.516647,-118.416279
32023,Nye County,NV,18181.914,37.965864,-116.459011
32027,Pershing County,NV,6036.589,40.439639,-118.409477
32029,Storey County,NV,263.8,39.438385,-119.524646
32031,Washoe County,NV,6315.874,40.73132,-119.663269
32033,White Pine County,NV,8886.665,39.418176,-114.900565
32510,Carson City,NV,144.534,39.15306,-119.747368
33001,Belknap County,NH,401.847,43.519109,-71.425366
33003,Carroll County,NH,931.864,43.867774,-71.20156
33005,Cheshire County,NH,706.709,42.92546,-72.248183
33007,Coos County,NH,1794.574,44.652548,-71.289431
33009,Grafton County,NH,1708.599,43.926439,-71.842424
33011,Hillsborough County,NH,876.53,42.911532,-71.723055
33013,Merrimack County,NH,932.899,43.299579,-71.680041
33015,Rockingham County,NH,695.391,42.988664,-71.09908
33017,Strafford County,NH,367.47,43.293272,-71.035589
33019,Sullivan County,NH,537.876,43.361188,-72.222084
34001,Atlantic County,NJ,555.578,39.469355,-74.633759
34003,Bergen County,NJ,232.788,40.959698,-74.074727
34005,Burlington County,NJ,799.285,39.875786,-74.663006
34007,Camden County,NJ,221.362,39.802407,-74.961249
34009,Cape May County,NJ,251.521,39.085841,-74.846354
34011,Cumberland County,NJ,483.38,39.328434,-75.121628
34013,Essex County,NJ,126.083,40.7874,-74.246292
34015,Gloucester County,NJ,322.008,39.722875,-75.145679
34017,Hudson County,NJ,46.194,40.731375,-74.078601
34019,Hunterdon County,NJ,427.835,40.565283,-74.911969
34021,Mercer County,NJ,224.478,40.282503,-74.703724
34023,Middlesex County,NJ,309.247,40.439621,-74.40743
34025,Monmouth County,NJ,468.204,40.287048,-74.152446
34027,Morris County,NJ,461.025,40.858896,-74.547292
34029,Ocean County,NJ,628.29,39.865669,-74.258864
34031,Passaic County,NJ,186.133,41.036655,-74.299408
34033,Salem County,NJ,331.861,39.573828,-75.357356
34035,Somerset County,NJ,301.867,40.565527,-74.619938
34037,Sussex County,NJ,518.488,41.137461,-74.691914
34039,Union County,NJ,102.766,40.659871,-74.308696
34041,Warren County,NJ,356.541,40.853491,-75.009498
35001,Bernalillo County,NM,1161.245,35.053628,-106.66908
35003,Catron County,NM,6924.187,33.901621,-108.391928
35005,Chaves County,NM,6067.178,33.361604,-104.469837
35006,Cibola County,NM,4539.984,34.928272,-107.99268
35007,Colfax County,NM,3757.976,36.612964,-104.64011
35009,Curry County,NM,1405.524,34.572984,-103.346055
35011,De Baca County,NM,2323.107,34.359273,-104.368696
35013,DoÃ±a Ana County,NM,3808.179,32.349919,-106.834968
35015,Eddy County,NM,4176.347,32.457835,-104.306434
35017,Grant County,NM,3961.207,32.732087,-108.381504
35019,Guadalupe County,NM,3029.772,34.869782,-104.784968
35021,Harding County,NM,2125.478,35.859352,-103.853424
35023,Hidalgo County,NM,3438.551,31.898052,-108.751929
35025,Lea County,NM,4391.552,32.795687,-103.413271
35027,Lincoln County,NM,4831.115,33.740841,-105.449805
35028,Los Alamos County,NM,109.123,35.870047,-106.307968
35029,Luna County,NM,2965.177,32.184523,-107.747191
35031,McKinley County,NM,5451.064,35.584062,-108.253294
35033,Mora County,NM,1926.249,35.982841,-104.921898
35035,Otero County,NM,6612.562,32.615599,-105.751308
35037,Quay County,NM,2873.955,35.107018,-103.548071
35039,Rio Arriba County,NM,5860.874,36.509669,-106.693983
35041,Roosevelt County,NM,2446.051,34.021207,-103.483004
35043,Sandoval County,NM,3710.194,35.685091,-106.883119
35045,San Juan County,NM,5517.232,36.511624,-108.324578
35047,San Miguel County,NM,4721.515,35.476859,-104.803519
35049,Santa Fe County,NM,1910.38,35.514531,-105.963972
35051,Sierra County,NM,4181.214,33.119468,-107.188161
35053,Socorro County,NM,6646.387,33.991658,-106.939136
35055,Taos County,NM,2202.373,36.577183,-105.638878
35057,Torrance County,NM,3345.213,34.554978,-105.890557
35059,Union County,NM,3825.05,36.488085,-103.475723
35061,Valencia County,NM,1066.744,34.71684,-106.806582
36001,Albany County,NY,522.888,42.58824,-73.97401
36003,Allegany County,NY,1029.506,42.247853,-78.026153
36005,Bronx County,NY,42.176,40.848711,-73.852939
36007,Broome County,NY,705.651,42.161977,-75.830283
36009,Cattaraugus County,NY,1308.183,42.239099,-78.662332
36011,Cayuga County,NY,691.589,43.008546,-76.574587
36013,Chautauqua County,NY,1060.41,42.304216,-79.407595
36015,Chemung County,NY,407.333,42.148697,-76.752471
36017,Chenango County,NY,893.443,42.478024,-75.602241
36019,Clinton County,NY,1037.751,44.752712,-73.705643
36021,Columbia County,NY,634.663,42.247696,-73.626718
36023,Cortland County,NY,498.774,42.594039,-76.07624
36025,Delaware County,NY,1442.596,42.193986,-74.966728
36027,Dutchess County,NY,795.602,41.754825,-73.740014
36029,Erie County,NY,1042.763,42.752759,-78.778192
36031,Essex County,NY,1794.122,44.109601,-73.778431
36033,Franklin County,NY,1629.296,44.594376,-74.31067
36035,Fulton County,NY,495.46,43.115609,-74.423678
36037,Genesee County,NY,492.976,43.00091,-78.192778
36039,Greene County,NY,647.161,42.28697,-74.149542
36041,Hamilton County,NY,1717.378,43.657879,-74.502456
36043,Herkimer County,NY,1410.586,43.571009,-74.841097
36045,Jefferson County,NY,1267.93,43.996389,-76.052968
36047,Kings County,NY,69.377,40.635045,-73.95064
36049,Lewis County,NY,1276.309,43.782706,-75.444132
36051,Livingston County,NY,631.654,42.729042,-77.778463
36053,Madison County,NY,654.85,42.910026,-75.663575
36055,Monroe County,NY,656.944,43.250347,-77.700518
36057,Montgomery County,NY,403.111,42.900891,-74.435357
36059,Nassau County,NY,284.542,40.729612,-73.589414
36061,New York County,NY,22.658,40.776642,-73.970187
36063,Niagara County,NY,522.348,43.272672,-78.812943
36065,Oneida County,NY,1212.442,43.242727,-75.434282
36067,Onondaga County,NY,778.393,43.006516,-76.196134
36069,Ontario County,NY,644.076,42.856357,-77.303497
36071,Orange County,NY,812.078,41.40241,-74.306252
36073,Orleans County,NY,391.262,43.339906,-78.207028
36075,Oswego County,NY,951.607,43.461443,-76.209262
36077,Otsego County,NY,1001.738,42.629776,-75.028841
36079,Putnam County,NY,230.252,41.427907,-73.743861
36081,Queens County,NY,108.724,40.654658,-73.841209
36083,Rensselaer County,NY,652.459,42.710421,-73.513845
36085,Richmond County,NY,57.523,40.561263,-74.1399
36087,Rockland County,NY,173.685,41.154628,-74.024662
36089,St. Lawrence County,NY,2679.526,44.488112,-75.074311
36091,Saratoga County,NY,809.97,43.106135,-73.855387
36093,Schenectady County,NY,204.669,42.817552,-74.043559
36095,Schoharie County,NY,621.819,42.591294,-74.438172
36097,Schuyler County,NY,328.343,42.419776,-76.938603
36099,Seneca County,NY,323.698,42.782294,-76.827088
36101,Steuben County,NY,1390.508,42.266725,-77.385525
36103,Suffolk County,NY,910.922,40.943554,-72.692218
36105,Sullivan County,NY,968.145,41.719993,-74.771577
36107,Tioga County,NY,518.767,42.178057,-76.297456
36109,Tompkins County,NY,474.644,42.453006,-76.473483
36111,Ulster County,NY,1124.236,41.947212,-74.265458
36113,Warren County,NY,867.222,43.555105,-73.838139
36115,Washington County,NY,831.19,43.312377,-73.439428
36117,Wayne County,NY,603.83,43.218114,-77.049402
36119,Westchester County,NY,430.817,41.152686,-73.745753
36121,Wyoming County,NY,592.7,42.701365,-78.228576
36123,Yates County,NY,338.139,42.638237,-77.104324
37001,Alamance County,NC,423.455,36.043954,-79.400573
37003,Alexander County,NC,259.985,35.920951,-81.177467
37005,Alleghany County,NC,234.835,36.489356,-81.132299
37007,Anson County,NC,531.461,34.974972,-80.109763
37009,Ashe County,NC,426.264,36.443469,-81.499334
37011,Avery County,NC,247.338,36.07209,-81.920285
37013,Beaufort County,NC,832.736,35.482313,-76.842014
37015,Bertie County,NC,699.176,36.059043,-76.962364
37017,Bladen County,NC,875.032,34.591938,-78.539489
37019,Brunswick County,NC,850.069,34.038754,-78.227765
37021,Buncombe County,NC,656.49,35.609371,-82.530423
37023,Burke County,NC,506.237,35.746182,-81.70618
37025,Cabarrus County,NC,361.232,35.388346,-80.552728
37027,Caldwell County,NC,471.888,35.966396,-81.51254
37029,Camden County,NC,240.325,36.342344,-76.162488
37031,Carteret County,NC,507.604,34.858343,-76.53586
37033,Caswell County,NC,425.483,36.394298,-79.339609
37035,Catawba County,NC,401.374,35.661883,-81.214906
37037,Chatham County,NC,681.481,35.704994,-79.251454
37039,Cherokee County,NC,455.54,35.13715,-84.061449
37041,Chowan County,NC,172.657,36.128979,-76.602752
37043,Clay County,NC,215.001,35.052997,-83.752264
37045,Cleveland County,NC,464.249,35.33463,-81.557114
37047,Columbus County,NC,938.121,34.261602,-78.639308
37049,Craven County,NC,706.573,35.116829,-77.08132
37051,Cumberland County,NC,652.566,35.050192,-78.828719
37053,Currituck County,NC,261.91,36.372174,-75.941224
37055,Dare County,NC,383.229,35.606269,-75.767536
37057,Davidson County,NC,553.178,35.795131,-80.207107
37059,Davie County,NC,263.699,35.929355,-80.542552
37061,Duplin County,NC,814.72,34.934403,-77.933543
37063,Durham County,NC,287.547,36.033828,-78.878125
37065,Edgecombe County,NC,505.436,35.917077,-77.602742
37067,Forsyth County,NC,407.858,36.132466,-80.256961
37069,Franklin County,NC,491.802,36.088241,-78.28309
37071,Gaston County,NC,355.751,35.293344,-81.177256
37073,Gates County,NC,340.612,36.442135,-76.702355
37075,Graham County,NC,291.968,35.348364,-83.830915
37077,Granville County,NC,531.991,36.299884,-78.657634
37079,Greene County,NC,266.734,35.481959,-77.681688
37081,Guilford County,NC,645.98,36.079065,-79.788665
37083,Halifax County,NC,723.738,36.251438,-77.644842
37085,Harnett County,NC,595.066,35.36866,-78.871665
37087,Haywood County,NC,553.56,35.558882,-82.981307
37089,Henderson County,NC,372.947,35.336427,-82.479583
37091,Hertford County,NC,353.164,36.363517,-76.981616
37093,Hoke County,NC,390.153,35.017233,-79.241964
37095,Hyde County,NC,612.342,35.408157,-76.153687
37097,Iredell County,NC,574.437,35.806251,-80.874524
37099,Jackson County,NC,491.11,35.285454,-83.123966
37101,Johnston County,NC,792.019,35.513419,-78.367348
37103,Jones County,NC,471.368,35.032268,-77.356195
37105,Lee County,NC,255.068,35.476336,-79.172117
37107,Lenoir County,NC,399.087,35.240066,-77.635514
37109,Lincoln County,NC,295.847,35.488491,-81.226893
37111,McDowell County,NC,439.954,35.682271,-82.048044
37113,Macon County,NC,515.565,35.152959,-83.421901
37115,Madison County,NC,449.615,35.864206,-82.712631
37117,Martin County,NC,456.412,35.847301,-77.119602
37119,Mecklenburg County,NC,523.608,35.246862,-80.833832
37121,Mitchell County,NC,221.251,36.013102,-82.163554
37123,Montgomery County,NC,491.537,35.327548,-79.910752
37125,Moore County,NC,697.616,35.308273,-79.492723
37127,Nash County,NC,540.444,35.965945,-77.987555
37129,New Hanover County,NC,192.255,34.183445,-77.864204
37131,Northampton County,NC,536.71,36.421774,-77.398352
37133,Onslow County,NC,762.085,34.763109,-77.499469
37135,Orange County,NC,397.538,36.062525,-79.120033
37137,Pamlico County,NC,336.515,35.147575,-76.665268
37139,Pasquotank County,NC,226.878,36.265199,-76.260691
37141,Pender County,NC,871.296,34.512556,-77.888106
37143,Perquimans County,NC,247.173,36.180897,-76.403244
37145,Person County,NC,392.34,36.386356,-78.96563
37147,Pitt County,NC,652.366,35.59249,-77.372739
37149,Polk County,NC,237.687,35.277901,-82.167621
37151,Randolph County,NC,782.334,35.709915,-79.806215
37153,Richmond County,NC,473.689,35.004636,-79.755695
37155,Robeson County,NC,947.295,34.63921,-79.100881
37157,Rockingham County,NC,565.642,36.381806,-79.782754
37159,Rowan County,NC,511.61,35.641355,-80.521721
37161,Rutherford County,NC,565.437,35.402747,-81.919582
37163,Sampson County,NC,945.93,34.989298,-78.371261
37165,Scotland County,NC,319.14,34.840023,-79.477337
37167,Stanly County,NC,395.08,35.310449,-80.254374
37169,Stokes County,NC,449.324,36.393797,-80.269921
37171,Surry County,NC,532.644,36.415416,-80.686463
37173,Swain County,NC,527.726,35.568849,-83.465614
37175,Transylvania County,NC,378.358,35.210103,-82.816666
37177,Tyrrell County,NC,390.777,35.87042,-76.165345
37179,Union County,NC,632.737,34.99182,-80.530426
37181,Vance County,NC,252.396,36.365481,-78.405434
37183,Wake County,NC,834.611,35.789846,-78.650624
37185,Warren County,NC,429.392,36.398105,-78.099899
37187,Washington County,NC,346.51,35.844713,-76.572291
37189,Watauga County,NC,312.44,36.235368,-81.709888
37191,Wayne County,NC,553.922,35.35419,-78.00867
37193,Wilkes County,NC,753.678,36.208883,-81.166095
37195,Wilson County,NC,367.574,35.700357,-77.921598
37197,Yadkin County,NC,334.943,36.158765,-80.665164
37199,Yancey County,NC,312.592,35.889326,-82.303954
38001,Adams County,ND,987.547,46.096815,-102.533198
38003,Barnes County,ND,1491.559,46.94255,-98.070195
38005,Benson County,ND,1388.555,48.071743,-99.351152
38007,Billings County,ND,1148.488,47.007044,-103.364016
38009,Bottineau County,ND,1668.858,48.794412,-100.831257
38011,Bowman County,ND,1161.809,46.110144,-103.505943
38013,Burke County,ND,1103.619,48.786453,-102.520087
38015,Burleigh County,ND,1632.694,46.978829,-100.469533
38017,Cass County,ND,1764.935,46.927003,-97.252375
38019,Cavalier County,ND,1489.125,48.768439,-98.46379
38021,Dickey County,ND,1131.493,46.107756,-98.496518
38023,Divide County,ND,1261.13,48.814754,-103.509326
38025,Dunn County,ND,2008.492,47.354557,-102.612322
38027,Eddy County,ND,630.239,47.723436,-98.900474
38029,Emmons County,ND,1508.401,46.284255,-100.237842
38031,Foster County,ND,634.08,47.471431,-98.872876
38033,Golden Valley County,ND,1000.885,46.938924,-103.844612
38035,Grand Forks County,ND,1436.225,47.926003,-97.450851
38037,Grant County,ND,1659.233,46.357827,-101.639049
38039,Griggs County,ND,708.685,47.456334,-98.232286
38041,Hettinger County,ND,1132.239,46.435704,-102.454238
38043,Kidder County,ND,1351.062,46.938273,-99.731198
38045,LaMoure County,ND,1146.005,46.464195,-98.526057
38047,Logan County,ND,992.599,46.469278,-99.504585
38049,McHenry County,ND,1873.942,48.233842,-100.633267
38051,McIntosh County,ND,974.563,46.108682,-99.416487
38053,McKenzie County,ND,2760.133,47.742475,-103.403215
38055,McLean County,ND,2110.272,47.653206,-101.421914
38057,Mercer County,ND,1042.781,47.307147,-101.833328
38059,Morton County,ND,1925.888,46.710029,-101.310041
38061,Mountrail County,ND,1825.163,48.210073,-102.364895
38063,Nelson County,ND,981.815,47.918667,-98.204428
38065,Oliver County,ND,722.404,47.118079,-101.33142
38067,Pembina County,ND,1118.535,48.766896,-97.545405
38069,Pierce County,ND,1018.285,48.238883,-99.966497
38071,Ramsey County,ND,1185.367,48.266163,-98.739031
38073,Ransom County,ND,862.472,46.449276,-97.647554
38075,Renville County,ND,877.244,48.712781,-101.658152
38077,Richland County,ND,1435.674,46.265219,-96.93796
38079,Rolette County,ND,903.042,48.768271,-99.840463
38081,Sargent County,ND,858.483,46.108204,-97.630051
38083,Sheridan County,ND,972.226,47.581359,-100.330986
38085,Sioux County,ND,1094.052,46.110618,-101.061284
38087,Slope County,ND,1215.264,46.445834,-103.462462
38089,Stark County,ND,1334.913,46.817031,-102.662026
38091,Steele County,ND,712.143,47.451062,-97.71892
38093,Stutsman County,ND,2221.904,46.972223,-98.956123
38095,Towner County,ND,1025.113,48.682183,-99.248158
38097,Traill County,ND,861.871,47.446271,-97.164636
38099,Walsh County,ND,1281.607,48.376979,-97.72223
38101,Ward County,ND,2013.028,48.216686,-101.540537
38103,Wells County,ND,1270.533,47.580851,-99.682213
38105,Williams County,ND,2077.6,48.355765,-103.501333
39001,Adams County,OH,583.872,38.834468,-83.478082
39003,Allen County,OH,402.545,40.771627,-84.106103
39005,Ashland County,OH,422.986,40.843273,-82.270127
39007,Ashtabula County,OH,702.417,41.906637,-80.745592
39009,Athens County,OH,503.643,39.332755,-82.045885
39011,Auglaize County,OH,401.388,40.561309,-84.224018
39013,Belmont County,OH,532.127,40.017682,-80.967727
39015,Brown County,OH,489.543,38.931377,-83.866772
39017,Butler County,OH,466.516,39.439747,-84.565734
39019,Carroll County,OH,394.612,40.579884,-81.090787
39021,Champaign County,OH,428.977,40.132775,-83.767604
39023,Clark County,OH,395.879,39.917032,-83.783676
39025,Clermont County,OH,452.56,39.052054,-84.149485
39027,Clinton County,OH,408.731,39.416681,-83.804583
39029,Columbiana County,OH,531.917,40.770073,-80.778455
39031,Coshocton County,OH,563.911,40.29671,-81.930109
39033,Crawford County,OH,401.786,40.848524,-82.924783
39035,Cuyahoga County,OH,457.211,41.555037,-81.604957
39037,Darke County,OH,598.102,40.131467,-84.621191
39039,Defiance County,OH,411.439,41.321679,-84.486433
39041,Delaware County,OH,443.146,40.278941,-83.007462
39043,Erie County,OH,251.288,41.394143,-82.586835
39045,Fairfield County,OH,504.365,39.747694,-82.626685
39047,Fayette County,OH,406.361,39.555246,-83.461893
39049,Franklin County,OH,532.422,39.969875,-83.009086
39051,Fulton County,OH,405.447,41.597264,-84.124267
39053,Gallia County,OH,466.53,38.817046,-82.301746
39055,Geauga County,OH,400.43,41.499322,-81.173505
39057,Greene County,OH,413.63,39.687479,-83.894894
39059,Guernsey County,OH,522.242,40.056665,-81.497875
39061,Hamilton County,OH,405.454,39.196927,-84.544187
39063,Hancock County,OH,531.322,41.000217,-83.665947
39065,Hardin County,OH,470.285,40.660415,-83.664077
39067,Harrison County,OH,402.331,40.292318,-81.091565
39069,Henry County,OH,416.01,41.331584,-84.0689
39071,Highland County,OH,553.084,39.184422,-83.601359
39073,Hocking County,OH,421.349,39.490342,-82.483447
39075,Holmes County,OH,422.614,40.565597,-81.930001
39077,Huron County,OH,492.243,41.14508,-82.594641
39079,Jackson County,OH,420.31,39.013477,-82.614142
39081,Jefferson County,OH,408.124,40.399384,-80.763527
39083,Knox County,OH,525.499,40.40362,-82.422393
39085,Lake County,OH,229.395,41.778142,-81.19733
39087,Lawrence County,OH,453.393,38.603866,-82.517186
39089,Licking County,OH,682.427,40.091505,-82.483435
39091,Logan County,OH,458.505,40.387553,-83.766343
39093,Lorain County,OH,490.536,41.438805,-82.179722
39095,Lucas County,OH,339.662,41.682321,-83.468903
39097,Madison County,OH,466.688,39.89661,-83.400887
39099,Mahoning County,OH,411.487,41.01088,-80.770396
39101,Marion County,OH,403.807,40.588034,-83.168803
39103,Medina County,OH,421.458,41.116174,-81.899764
39105,Meigs County,OH,430.102,39.089807,-82.028397
39107,Mercer County,OH,462.447,40.535333,-84.632059
39109,Miami County,OH,406.581,40.053326,-84.228413
39111,Monroe County,OH,455.723,39.726253,-81.090983
39113,Montgomery County,OH,461.351,39.753736,-84.290591
39115,Morgan County,OH,416.426,39.624946,-81.861697
39117,Morrow County,OH,406.134,40.525266,-82.797729
39119,Muskingum County,OH,664.546,39.966046,-81.943506
39121,Noble County,OH,398.012,39.767232,-81.452493
39123,Ottawa County,OH,254.702,41.545495,-83.012613
39125,Paulding County,OH,416.435,41.118948,-84.582125
39127,Perry County,OH,407.934,39.743187,-82.237952
39129,Pickaway County,OH,501.193,39.648947,-83.052827
39131,Pike County,OH,440.282,39.071341,-83.052911
39133,Portage County,OH,487.408,41.16897,-81.196962
39135,Preble County,OH,424.226,39.73881,-84.644758
39137,Putnam County,OH,482.544,41.024533,-84.129879
39139,Richland County,OH,495.227,40.774159,-82.542781
39141,Ross County,OH,689.166,39.323895,-83.059538
39143,Sandusky County,OH,408.246,41.355319,-83.142776
39145,Scioto County,OH,610.146,38.814889,-82.998675
39147,Seneca County,OH,551.026,41.119992,-83.127547
39149,Shelby County,OH,407.694,40.33668,-84.204142
39151,Stark County,OH,575.207,40.814131,-81.365667
39153,Summit County,OH,412.793,41.121847,-81.534928
39155,Trumbull County,OH,617.579,41.306374,-80.7704
39157,Tuscarawas County,OH,567.565,40.447439,-81.471166
39159,Union County,OH,431.711,40.295901,-83.367042
39161,Van Wert County,OH,409.15,40.85552,-84.585775
39163,Vinton County,OH,412.36,39.252042,-82.485961
39165,Warren County,OH,401.417,39.425663,-84.16994
39167,Washington County,OH,631.974,39.450676,-81.490636
39169,Wayne County,OH,554.789,40.829661,-81.887194
39171,Williams County,OH,420.66,41.564959,-84.584324
39173,Wood County,OH,617.167,41.360183,-83.622682
39175,Wyandot County,OH,406.879,40.839782,-83.313681
40001,Adair County,OK,573.881,35.898043,-94.651026
40003,Alfalfa County,OK,866.565,36.729703,-98.323445
40005,Atoka County,OK,975.453,34.392469,-96.036558
40007,Beaver County,OK,1814.837,36.748334,-100.483056
40009,Beckham County,OK,901.675,35.270601,-99.690057
40011,Blaine County,OK,928.463,35.877795,-98.429031
40013,Bryan County,OK,904.348,33.964004,-96.265135
40015,Caddo County,OK,1277.754,35.16792,-98.381045
40017,Canadian County,OK,896.573,35.543354,-97.979889
40019,Carter County,OK,822.301,34.251848,-97.287927
40021,Cherokee County,OK,749.127,35.904367,-94.996796
40023,Choctaw County,OK,770.383,34.027699,-95.554079
40025,Cimarron County,OK,1834.808,36.74839,-102.517698
40027,Cleveland County,OK,538.888,35.206376,-97.323088
40029,Coal County,OK,516.772,34.582861,-96.288039
40031,Comanche County,OK,1069.322,34.66263,-98.476612
40033,Cotton County,OK,632.637,34.290676,-98.373438
40035,Craig County,OK,761.255,36.76389,-95.201553
40037,Creek County,OK,949.894,35.907398,-96.380177
40039,Custer County,OK,988.779,35.645601,-98.997386
40041,Delaware County,OK,737.754,36.393437,-94.808189
40043,Dewey County,OK,999.628,35.97796,-99.014385
40045,Ellis County,OK,1231.477,36.224258,-99.750139
40047,Garfield County,OK,1058.507,36.378132,-97.788741
40049,Garvin County,OK,802.145,34.70935,-97.312723
40051,Grady County,OK,1100.54,35.021058,-97.88689
40053,Grant County,OK,1000.74,36.788254,-97.788151
40055,Greer County,OK,639.285,34.933853,-99.552968
40057,Harmon County,OK,537.258,34.745971,-99.844194
40059,Harper County,OK,1038.584,36.80035,-99.662805
40061,Haskell County,OK,576.725,35.232431,-95.109642
40063,Hughes County,OK,804.473,35.052934,-96.251183
40065,Jackson County,OK,802.653,34.594006,-99.412235
40067,Jefferson County,OK,758.956,34.105082,-97.83889
40069,Johnston County,OK,643.05,34.313455,-96.654254
40071,Kay County,OK,919.61,36.814885,-97.143862
40073,Kingfisher County,OK,898.086,35.949436,-97.934557
40075,Kiowa County,OK,1015.078,34.921489,-98.981617
40077,Latimer County,OK,722.107,34.875137,-95.272262
40079,Le Flore County,OK,1589.413,34.897356,-94.695074
40081,Lincoln County,OK,952.371,35.703117,-96.881392
40083,Logan County,OK,743.736,35.914277,-97.450952
40085,Love County,OK,513.914,33.957804,-97.245093
40087,McClain County,OK,570.718,35.016436,-97.449803
40089,McCurtain County,OK,1850.776,34.117073,-94.766086
40091,McIntosh County,OK,618.28,35.369108,-95.671787
40093,Major County,OK,955.0,36.313119,-98.542015
40095,Marshall County,OK,371.49,34.027007,-96.770533
40097,Mayes County,OK,655.326,36.303804,-95.235638
40099,Murray County,OK,416.375,34.485766,-97.071557
40101,Muskogee County,OK,810.64,35.617551,-95.383911
40103,Noble County,OK,731.711,36.384901,-97.236335
40105,Nowata County,OK,565.817,36.789615,-95.613312
40107,Okfuskee County,OK,618.458,35.466804,-96.327762
40109,Oklahoma County,OK,708.897,35.554611,-97.409401
40111,Okmulgee County,OK,697.443,35.6435,-95.965947
40113,Osage County,OK,2246.682,36.624299,-96.408112
40115,Ottawa County,OK,470.817,36.835764,-94.802681
40117,Pawnee County,OK,568.353,36.313704,-96.696669
40119,Payne County,OK,684.901,36.079225,-96.975255
40121,Pittsburg County,OK,1305.512,34.92554,-95.74813
40123,Pontotoc County,OK,720.353,34.721421,-96.691804
40125,Pottawatomie County,OK,787.793,35.211391,-96.957004
40127,Pushmataha County,OK,1395.539,34.377899,-95.408082
40129,Roger Mills County,OK,1141.135,35.708554,-99.741572
40131,Rogers County,OK,675.747,36.377794,-95.601383
40133,Seminole County,OK,632.819,35.158366,-96.602857
40135,Sequoyah County,OK,673.576,35.502435,-94.750757
40137,Stephens County,OK,870.212,34.481361,-97.855607
40139,Texas County,OK,2041.293,36.746317,-101.483855
40141,Tillman County,OK,871.134,34.371085,-98.931701
40143,Tulsa County,OK,570.241,36.120318,-95.941813
40145,Wagoner County,OK,561.916,35.963388,-95.514201
40147,Washington County,OK,415.524,36.704403,-95.906253
40149,Washita County,OK,1003.089,35.290068,-98.992195
40151,Woods County,OK,1286.482,36.726984,-98.863649
40153,Woodward County,OK,1242.786,36.425619,-99.273661
41001,Baker County,OR,3067.967,44.703427,-117.691933
41003,Benton County,OR,675.208,44.493882,-123.424664
41005,Clackamas County,OR,1870.71,45.160493,-122.195127
41007,Clatsop County,OR,828.239,46.024509,-123.705037
41009,Columbia County,OR,658.684,45.941932,-123.081079
41011,Coos County,OR,1596.044,43.18591,-124.094133
41013,Crook County,OR,2978.929,44.163054,-120.371585
41015,Curry County,OR,1628.383,42.466439,-124.210929
41017,Deschutes County,OR,3017.61,43.915118,-121.225575
41019,Douglas County,OR,5035.675,43.286328,-123.154476
41021,Gilliam County,OR,1204.721,45.382955,-120.276246
41023,Grant County,OR,4527.792,44.496326,-119.014057
41025,Harney County,OR,10134.438,43.064449,-118.987169
41027,Hood River County,OR,522.186,45.511775,-121.655976
41029,Jackson County,OR,2783.252,42.411621,-122.675611
41031,Jefferson County,OR,1781.696,44.645151,-121.178632
41033,Josephine County,OR,1638.649,42.386983,-123.57162
41035,Klamath County,OR,5949.897,42.683761,-121.646168
41037,Lake County,OR,8138.61,42.788401,-120.38979
41039,Lane County,OR,4554.092,43.928334,-122.897581
41041,Lincoln County,OR,980.983,44.641061,-123.911212
41043,Linn County,OR,2289.508,44.488898,-122.537208
41045,Malheur County,OR,9887.707,43.188625,-117.603191
41047,Marion County,OR,1180.84,44.900898,-122.57626
41049,Morrow County,OR,2030.529,45.425496,-119.602311
41051,Multnomah County,OR,431.019,45.547711,-122.417363
41053,Polk County,OR,740.924,44.900372,-123.39864
41055,Sherman County,OR,823.614,45.399216,-120.678512
41057,Tillamook County,OR,1103.183,45.45589,-123.759299
41059,Umatilla County,OR,3215.45,45.5912,-118.73388
41061,Union County,OR,2036.941,45.304081,-117.999149
41063,Wallowa County,OR,3145.897,45.593753,-117.18558
41065,Wasco County,OR,2381.136,45.164536,-121.165069
41067,Washington County,OR,724.272,45.553542,-123.097615
41069,Wheeler County,OR,1716.021,44.736415,-120.026861
41071,Yamhill County,OR,715.941,45.247827,-123.316399
42001,Adams County,PA,518.693,39.869471,-77.21773
42003,Allegheny County,PA,729.957,40.469757,-79.980451
42005,Armstrong County,PA,653.321,40.81238,-79.464129
42007,Beaver County,PA,434.695,40.68414,-80.350721
42009,Bedford County,PA,1011.988,39.998634,-78.494747
42011,Berks County,PA,856.403,40.413957,-75.92686
42013,Blair County,PA,525.067,40.498683,-78.309597
42015,Bradford County,PA,1147.376,41.791504,-76.502123
42017,Bucks County,PA,604.367,40.336887,-75.10706
42019,Butler County,PA,789.482,40.913847,-79.918978
42021,Cambria County,PA,687.963,40.510209,-78.710488
42023,Cameron County,PA,396.233,41.438291,-78.198323
42025,Carbon County,PA,381.356,40.918367,-75.705039
42027,Centre County,PA,1107.259,40.909322,-77.847667
42029,Chester County,PA,750.547,39.974029,-75.749751
42031,Clarion County,PA,600.836,41.198159,-79.420369
42033,Clearfield County,PA,1145.06,41.006862,-78.477724
42035,Clinton County,PA,889.63,41.239508,-77.629009
42037,Columbia County,PA,483.259,41.045517,-76.40426
42039,Crawford County,PA,1012.355,41.687876,-80.107795
42041,Cumberland County,PA,545.482,40.164805,-77.263442
42043,Dauphin County,PA,524.87,40.412565,-76.792634
42045,Delaware County,PA,183.811,39.916685,-75.398818
42047,Elk County,PA,826.901,41.427332,-78.653937
42049,Erie County,PA,798.901,42.117952,-80.096386
42051,Fayette County,PA,790.758,39.918907,-79.640119
42053,Forest County,PA,427.259,41.513304,-79.249705
42055,Franklin County,PA,772.297,39.926772,-77.724521
42057,Fulton County,PA,437.551,39.91075,-78.122617
42059,Greene County,PA,575.932,39.847707,-80.225655
42061,Huntingdon County,PA,874.592,40.422311,-77.968595
42063,Indiana County,PA,827.394,40.651432,-79.087545
42065,Jefferson County,PA,652.439,41.138028,-79.012419
42067,Juniata County,PA,391.391,40.530673,-77.400438
42069,Lackawanna County,PA,458.886,41.436636,-75.608768
42071,Lancaster County,PA,943.924,40.041992,-76.250198
42073,Lawrence County,PA,357.39,40.992735,-80.334446
42075,Lebanon County,PA,361.835,40.371448,-76.464819
42077,Lehigh County,PA,345.341,40.614241,-75.590627
42079,Luzerne County,PA,889.807,41.173078,-75.976053
42081,Lycoming County,PA,1228.92,41.343882,-77.055262
42083,McKean County,PA,979.694,41.81459,-78.572463
42085,Mercer County,PA,672.538,41.300014,-80.252786
42087,Mifflin County,PA,411.037,40.601615,-77.651832
42089,Monroe County,PA,608.361,41.05624,-75.329065
42091,Montgomery County,PA,482.972,40.209999,-75.370201
42093,Montour County,PA,130.331,41.029284,-76.665225
42095,Northampton County,PA,369.787,40.752791,-75.307447
42097,Northumberland County,PA,457.678,40.851524,-76.709877
42099,Perry County,PA,551.449,40.39778,-77.266328
42101,Philadelphia County,PA,134.356,40.009376,-75.133346
42103,Pike County,PA,544.895,41.325949,-75.031514
42105,Potter County,PA,1081.249,41.748587,-77.894436
42107,Schuylkill County,PA,778.579,40.703682,-76.217788
42109,Snyder County,PA,328.784,40.755412,-77.07302
42111,Somerset County,PA,1075.047,39.981297,-79.028486
42113,Sullivan County,PA,449.939,41.439285,-76.511717
42115,Susquehanna County,PA,823.494,41.819665,-75.800969
42117,Tioga County,PA,1133.892,41.766858,-77.257288
42119,Union County,PA,315.955,40.962179,-77.055475
42121,Venango County,PA,674.265,41.400714,-79.765813
42123,Warren County,PA,884.282,41.834298,-79.298182
42125,Washington County,PA,857.01,40.200005,-80.252132
42127,Wayne County,PA,725.769,41.646602,-75.292493
42129,Westmoreland County,PA,1027.71,40.311068,-79.466688
42131,Wyoming County,PA,397.258,41.525167,-76.008682
42133,York County,PA,904.366,39.921751,-76.728889
44001,Bristol County,RI,24.132,41.70684,-71.286687
44003,Kent County,RI,168.568,41.675118,-71.580282
44005,Newport County,RI,102.431,41.501045,-71.283063
44007,Providence County,RI,409.482,41.869768,-71.578625
44009,Washington County,RI,329.279,41.396792,-71.620282
45001,Abbeville County,SC,491.195,34.229041,-82.454058
45003,Aiken County,SC,1070.688,33.550013,-81.632983
45005,Allendale County,SC,408.095,32.979757,-81.363265
45007,Anderson County,SC,713.855,34.521235,-82.638603
45009,Bamberg County,SC,393.367,33.203021,-81.053161
45011,Barnwell County,SC,548.379,33.260552,-81.434228
45013,Beaufort County,SC,576.022,32.358112,-80.689422
45015,Berkeley County,SC,1103.735,33.2077,-79.953655
45017,Calhoun County,SC,381.152,33.67478,-80.780347
45019,Charleston County,SC,918.036,32.800458,-79.94248
45021,Cherokee County,SC,392.964,35.049796,-81.607647
45023,Chester County,SC,580.661,34.689342,-81.161249
45025,Chesterfield County,SC,798.986,34.637018,-80.159227
45027,Clarendon County,SC,607.207,33.664682,-80.217889
45029,Colleton County,SC,1056.486,32.849386,-80.656402
45031,Darlington County,SC,560.615,34.332185,-79.962115
45033,Dillon County,SC,405.076,34.390209,-79.375294
45035,Dorchester County,SC,568.409,33.082186,-80.404697
45037,Edgefield County,SC,500.688,33.779453,-81.959637
45039,Fairfield County,SC,686.305,34.395669,-81.127001
45041,Florence County,SC,800.505,34.028535,-79.710233
45043,Georgetown County,SC,813.601,33.417531,-79.296333
45045,Greenville County,SC,785.935,34.892645,-82.372077
45047,Greenwood County,SC,455.604,34.155796,-82.127876
45049,Hampton County,SC,559.975,32.778334,-81.143822
45051,Horry County,SC,1133.159,33.909269,-78.976675
45053,Jasper County,SC,655.134,32.43059,-81.021627
45055,Kershaw County,SC,726.612,34.338356,-80.590885
45057,Lancaster County,SC,549.143,34.686818,-80.703688
45059,Laurens County,SC,712.871,34.483676,-82.005498
45061,Lee County,SC,410.184,34.15864,-80.251209
45063,Lexington County,SC,699.004,33.892373,-81.272903
45065,McCormick County,SC,358.89,33.897599,-82.316196
45067,Marion County,SC,489.372,34.08362,-79.354001
45069,Marlboro County,SC,479.874,34.60167,-79.679435
45071,Newberry County,SC,630.306,34.289881,-81.599676
45073,Oconee County,SC,626.565,34.748766,-83.06154
45075,Orangeburg County,SC,1106.379,33.436135,-80.802913
45077,Pickens County,SC,496.937,34.885368,-82.723377
45079,Richland County,SC,757.308,34.029095,-80.898037
45081,Saluda County,SC,452.709,34.005278,-81.727903
45083,Spartanburg County,SC,808.378,34.932014,-81.991624
45085,Sumter County,SC,665.078,33.91614,-80.382376
45087,Union County,SC,513.585,34.690397,-81.615896
45089,Williamsburg County,SC,934.166,33.626462,-79.716474
45091,York County,SC,681.035,34.970188,-81.183187
46003,Aurora County,SD,708.46,43.724719,-98.577587
46005,Beadle County,SD,1258.698,44.418265,-98.279422
46007,Bennett County,SD,1184.642,43.186912,-101.677181
46009,Bon Homme County,SD,563.549,42.985799,-97.884199
46011,Brookings County,SD,792.217,44.376675,-96.797797
46013,Brown County,SD,1713.03,45.589254,-98.352175
46015,Brule County,SD,817.222,43.729873,-99.092909
46017,Buffalo County,SD,471.405,44.044306,-99.203998
46019,Butte County,SD,2250.01,44.896226,-103.501436
46021,Campbell County,SD,733.677,45.785575,-100.002107
46023,Charles Mix County,SD,1097.141,43.206185,-98.595143
46025,Clark County,SD,957.512,44.855211,-97.724912
46027,Clay County,SD,412.022,42.91615,-96.980468
46029,Codington County,SD,687.585,44.966285,-97.198837
46031,Corson County,SD,2469.694,45.685671,-101.179665
46033,Custer County,SD,1556.943,43.684943,-103.46225
46035,Davison County,SD,435.633,43.680439,-98.155868
46037,Day County,SD,1028.49,45.355161,-97.58143
46039,Deuel County,SD,622.739,44.75629,-96.690239
46041,Dewey County,SD,2302.376,45.148049,-100.837953
46043,Douglas County,SD,431.801,43.391506,-98.358433
46045,Edmunds County,SD,1125.98,45.41168,-99.205362
46047,Fall River County,SD,1739.889,43.221619,-103.512609
46049,Faulk County,SD,981.713,45.065476,-99.153564
46051,Grant County,SD,681.446,45.172637,-96.772261
46053,Gregory County,SD,1014.95,43.175142,-99.206591
46055,Haakon County,SD,1810.541,44.288097,-101.540856
46057,Hamlin County,SD,507.019,44.680619,-97.178598
46059,Hand County,SD,1436.633,44.546713,-99.004575
46061,Hanson County,SD,434.582,43.680612,-97.796845
46063,Harding County,SD,2671.57,45.596611,-103.473871
46065,Hughes County,SD,741.527,44.384452,-99.975684
46067,Hutchinson County,SD,813.013,43.33671,-97.749383
46069,Hyde County,SD,860.629,44.537174,-99.472736
46071,Jackson County,SD,1863.883,43.677506,-101.626323
46073,Jerauld County,SD,526.133,44.06341,-98.62317
46075,Jones County,SD,969.672,43.951991,-100.686138
46077,Kingsbury County,SD,832.237,44.362969,-97.499313
46079,Lake County,SD,562.891,44.02845,-97.123223
46081,Lawrence County,SD,800.053,44.348514,-103.806362
46083,Lincoln County,SD,577.293,43.27942,-96.722286
46085,Lyman County,SD,1642.285,43.894812,-99.841925
46087,McCook County,SD,574.205,43.680416,-97.358048
46089,McPherson County,SD,1136.668,45.784249,-99.211421
46091,Marshall County,SD,838.081,45.737044,-97.58087
46093,Meade County,SD,3470.934,44.605282,-102.714169
46095,Mellette County,SD,1307.311,43.581334,-100.75521
46097,Miner County,SD,570.17,44.021541,-97.608122
46099,Minnehaha County,SD,806.841,43.667472,-96.795726
46101,Moody County,SD,519.379,44.012429,-96.676054
46102,Oglala Lakota County,SD,2093.601,43.333393,-102.561486
46103,Pennington County,SD,2776.765,44.002349,-102.823801
46105,Perkins County,SD,2870.46,45.483387,-102.467995
46107,Potter County,SD,861.138,45.052713,-99.962003
46109,Roberts County,SD,1101.055,45.623397,-96.947551
46111,Sanborn County,SD,569.242,44.018942,-98.091709
46115,Spink County,SD,1503.499,44.923772,-98.339615
46117,Stanley County,SD,1444.432,44.413984,-100.747822
46119,Sully County,SD,1006.727,44.722325,-100.131399
46121,Todd County,SD,1388.593,43.208794,-100.707664
46123,Tripp County,SD,1612.289,43.349729,-99.876219
46125,Turner County,SD,617.064,43.30867,-97.150185
46127,Union County,SD,460.757,42.831106,-96.650829
46129,Walworth County,SD,707.455,45.427605,-100.027856
46135,Yankton County,SD,521.189,43.006603,-97.388361
46137,Ziebach County,SD,1961.248,44.989764,-101.660827
47001,Anderson County,TN,337.206,36.116731,-84.195418
47003,Bedford County,TN,473.639,35.51366,-86.458294
47005,Benton County,TN,394.306,36.070948,-88.071232
47007,Bledsoe County,TN,406.555,35.593561,-85.20591
47009,Blount County,TN,558.82,35.688185,-83.922973
47011,Bradley County,TN,328.762,35.153914,-84.859414
47013,Campbell County,TN,480.19,36.401592,-84.159249
47015,Cannon County,TN,265.635,35.808394,-86.062404
47017,Carroll County,TN,597.658,35.965748,-88.452379
47019,Carter County,TN,341.258,36.284744,-82.126593
47021,Cheatham County,TN,302.498,36.255169,-87.100808
47023,Chester County,TN,285.736,35.420253,-88.611353
47025,Claiborne County,TN,434.604,36.501572,-83.660698
47027,Clay County,TN,236.529,36.545749,-85.545717
47029,Cocke County,TN,436.135,35.916198,-83.119224
47031,Coffee County,TN,428.964,35.488765,-86.078202
47033,Crockett County,TN,265.528,35.818795,-89.132494
47035,Cumberland County,TN,681.306,35.952398,-84.994761
47037,Davidson County,TN,503.477,36.169129,-86.78479
47039,Decatur County,TN,333.879,35.603136,-88.110292
47041,DeKalb County,TN,304.415,35.982219,-85.833596
47043,Dickson County,TN,489.899,36.145533,-87.364155
47045,Dyer County,TN,512.351,36.054196,-89.398306
47047,Fayette County,TN,704.072,35.196993,-89.413803
47049,Fentress County,TN,498.607,36.369892,-84.937764
47051,Franklin County,TN,554.497,35.155926,-86.099203
47053,Gibson County,TN,602.745,35.991632,-88.933812
47055,Giles County,TN,610.931,35.202723,-87.035319
47057,Grainger County,TN,280.587,36.277509,-83.509546
47059,Greene County,TN,622.169,36.179487,-82.847523
47061,Grundy County,TN,360.444,35.393352,-85.710374
47063,Hamblen County,TN,161.188,36.218397,-83.266071
47065,Hamilton County,TN,542.164,35.163472,-85.201843
47067,Hancock County,TN,222.324,36.521353,-83.227493
47069,Hardeman County,TN,667.768,35.218785,-88.988697
47071,Hardin County,TN,577.487,35.201893,-88.185696
47073,Hawkins County,TN,487.056,36.452089,-82.931485
47075,Haywood County,TN,533.107,35.586678,-89.282691
47077,Henderson County,TN,520.009,35.653994,-88.387674
47079,Henry County,TN,561.902,36.325295,-88.300288
47081,Hickman County,TN,612.483,35.802327,-87.467116
47083,Houston County,TN,200.294,36.285782,-87.705598
47085,Humphreys County,TN,530.763,36.040822,-87.790453
47087,Jackson County,TN,308.81,36.35425,-85.674128
47089,Jefferson County,TN,275.152,36.048452,-83.441216
47091,Johnson County,TN,298.44,36.453203,-81.861247
47093,Knox County,TN,508.325,35.992726,-83.937721
47095,Lake County,TN,165.785,36.333905,-89.485536
47097,Lauderdale County,TN,471.895,35.762951,-89.627732
47099,Lawrence County,TN,617.13,35.220476,-87.396546
47101,Lewis County,TN,282.092,35.523244,-87.496983
47103,Lincoln County,TN,570.342,35.142784,-86.593403
47105,Loudon County,TN,229.272,35.735085,-84.314085
47107,McMinn County,TN,430.117,35.424472,-84.619949
47109,McNairy County,TN,562.842,35.175375,-88.56374
47111,Macon County,TN,307.144,36.537757,-86.00096
47113,Madison County,TN,557.174,35.606056,-88.833424
47115,Marion County,TN,498.254,35.133422,-85.618399
47117,Marshall County,TN,375.462,35.468329,-86.765868
47119,Maury County,TN,613.129,35.615696,-87.077763
47121,Meigs County,TN,195.135,35.512203,-84.816102
47123,Monroe County,TN,635.774,35.447818,-84.249705
47125,Montgomery County,TN,539.169,36.500354,-87.380887
47127,Moore County,TN,129.223,35.288888,-86.358684
47129,Morgan County,TN,522.18,36.138697,-84.639262
47131,Obion County,TN,544.848,36.361892,-89.148078
47133,Overton County,TN,433.488,36.34485,-85.283076
47135,Perry County,TN,414.765,35.663752,-87.869326
47137,Pickett County,TN,162.97,36.559364,-85.075741
47139,Polk County,TN,434.605,35.109437,-84.541112
47141,Putnam County,TN,401.106,36.14094,-85.49618
47143,Rhea County,TN,315.473,35.60059,-84.949548
47145,Roane County,TN,360.768,35.84725,-84.523929
47147,Robertson County,TN,476.336,36.524385,-86.872594
47149,Rutherford County,TN,619.267,35.843369,-86.417213
47151,Scott County,TN,532.301,36.430592,-84.504091
47153,Sequatchie County,TN,265.851,35.372336,-85.410082
47155,Sevier County,TN,592.512,35.787822,-83.5249
47157,Shelby County,TN,761.263,35.184553,-89.894612
47159,Smith County,TN,314.295,36.256645,-85.941915
47161,Stewart County,TN,459.776,36.458464,-87.811889
47163,Sullivan County,TN,413.544,36.509681,-82.301336
47165,Sumner County,TN,529.454,36.472423,-86.458405
47167,Tipton County,TN,455.611,35.498763,-89.747145
47169,Trousdale County,TN,114.342,36.39303,-86.156691
47171,Unicoi County,TN,186.064,36.100129,-82.418218
47173,Union County,TN,223.583,36.28414,-83.836088
47175,Van Buren County,TN,273.415,35.699234,-85.458409
47177,Warren County,TN,432.673,35.67825,-85.777343
47179,Washington County,TN,326.548,36.295665,-82.495037
47181,Wayne County,TN,734.109,35.242847,-87.819843
47183,Weakley County,TN,580.353,36.303596,-88.721194
47185,White County,TN,376.678,35.927049,-85.455785
47187,Williamson County,TN,582.865,35.894845,-86.897888
47189,Wilson County,TN,571.088,36.149431,-86.291181
48001,Anderson County,TX,1062.617,31.841261,-95.661727
48003,Andrews County,TX,1500.686,32.312258,-102.640206
48005,Angelina County,TX,797.865,31.251896,-94.611134
48007,Aransas County,TX,252.069,28.122621,-96.967501
48009,Archer County,TX,903.289,33.616305,-98.687267
48011,Armstrong County,TX,909.123,34.964179,-101.356636
48013,Atascosa County,TX,1219.542,28.891478,-98.535381
48015,Austin County,TX,646.496,29.891901,-96.27017
48017,Bailey County,TX,826.972,34.067521,-102.830345
48019,Bandera County,TX,790.994,29.756389,-99.248285
48021,Bastrop County,TX,888.228,30.100772,-97.310639
48023,Baylor County,TX,867.481,33.618802,-99.208189
48025,Bee County,TX,880.239,28.416077,-97.742586
48027,Bell County,TX,1053.831,31.04275,-97.481268
48029,Bexar County,TX,1240.325,29.448671,-98.520147
48031,Blanco County,TX,709.252,30.266203,-98.399332
48033,Borden County,TX,897.443,32.73859,-101.439199
48035,Bosque County,TX,982.971,31.900819,-97.637641
48037,Bowie County,TX,884.939,33.446065,-94.422393
48039,Brazoria County,TX,1363.27,29.167817,-95.434647
48041,Brazos County,TX,586.138,30.656713,-96.302394
48043,Brewster County,TX,6183.763,29.808997,-103.252458
48045,Briscoe County,TX,900.001,34.525172,-101.205893
48047,Brooks County,TX,943.355,27.034994,-98.215276
48049,Brown County,TX,944.452,31.764137,-98.998456
48051,Burleson County,TX,659.082,30.493487,-96.622091
48053,Burnet County,TX,994.8,30.78963,-98.201187
48055,Caldwell County,TX,544.541,29.832399,-97.628141
48057,Calhoun County,TX,506.931,28.441719,-96.579574
48059,Callahan County,TX,899.372,32.29315,-99.372249
48061,Cameron County,TX,891.719,26.102923,-97.478958
48063,Camp County,TX,195.847,32.974581,-94.979085
48065,Carson County,TX,920.235,35.405496,-101.355356
48067,Cass County,TX,936.948,33.083698,-94.357579
48069,Castro County,TX,894.444,34.533621,-102.258786
48071,Chambers County,TX,597.096,29.696374,-94.669445
48073,Cherokee County,TX,1052.955,31.843881,-95.156343
48075,Childress County,TX,696.511,34.524624,-100.208166
48077,Clay County,TX,1088.759,33.785904,-98.212917
48079,Cochran County,TX,775.082,33.60844,-102.830449
48081,Coke County,TX,911.646,31.87711,-100.635231
48083,Coleman County,TX,1262.914,31.914205,-99.346622
48085,Collin County,TX,841.267,33.194494,-96.579428
48087,Collingsworth County,TX,918.441,34.963358,-100.272135
48089,Colorado County,TX,960.291,29.596296,-96.508935
48091,Comal County,TX,559.528,29.812377,-98.258129
48093,Comanche County,TX,937.753,31.951645,-98.549617
48095,Concho County,TX,983.755,31.318883,-99.863649
48097,Cooke County,TX,874.826,33.639196,-97.210343
48099,Coryell County,TX,1052.247,31.391177,-97.798022
48101,Cottle County,TX,900.564,34.091906,-100.276442
48103,Crane County,TX,785.069,31.422796,-102.487774
48105,Crockett County,TX,2807.324,30.717532,-101.404211
48107,Crosby County,TX,900.199,33.609144,-101.29871
48109,Culberson County,TX,3812.156,31.445908,-104.526945
48111,Dallam County,TX,1503.132,36.28637,-102.59402
48113,Dallas County,TX,873.2,32.766987,-96.778424
48115,Dawson County,TX,900.306,32.742528,-101.948771
48117,Deaf Smith County,TX,1496.822,34.940766,-102.607564
48119,Delta County,TX,256.832,33.385933,-95.67335
48121,Denton County,TX,878.698,33.205132,-97.12114
48123,DeWitt County,TX,908.976,29.082346,-97.361654
48125,Dickens County,TX,901.724,33.615363,-100.787617
48127,Dimmit County,TX,1328.885,28.423587,-99.765871
48129,Donley County,TX,927.037,34.955036,-100.815846
48131,Duval County,TX,1793.477,27.681123,-98.497393
48133,Eastland County,TX,926.508,32.324645,-98.83656
48135,Ector County,TX,897.884,31.865301,-102.542507
48137,Edwards County,TX,2117.872,29.985933,-100.3074
48139,Ellis County,TX,935.704,32.346878,-96.79694
48141,El Paso County,TX,1013.491,31.766456,-106.24152
48143,Erath County,TX,1083.179,32.236669,-98.220545
48145,Falls County,TX,765.495,31.25193,-96.934127
48147,Fannin County,TX,890.835,33.591161,-96.104988
48149,Fayette County,TX,949.934,29.877886,-96.921231
48151,Fisher County,TX,898.951,32.740473,-100.40312
48153,Floyd County,TX,992.143,34.07373,-101.303274
48155,Foard County,TX,704.397,33.963306,-99.816828
48157,Fort Bend County,TX,861.773,29.526602,-95.771015
48159,Franklin County,TX,284.391,33.175846,-95.219066
48161,Freestone County,TX,877.731,31.701749,-96.144957
48163,Frio County,TX,1133.501,28.869383,-99.109005
48165,Gaines County,TX,1502.363,32.743942,-102.631561
48167,Galveston County,TX,379.411,29.233927,-94.888197
48169,Garza County,TX,893.416,33.183792,-101.301134
48171,Gillespie County,TX,1058.202,30.325093,-98.94185
48173,Glasscock County,TX,900.218,31.868006,-101.521494
48175,Goliad County,TX,852.011,28.6607,-97.430415
48177,Gonzales County,TX,1066.686,29.461912,-97.49192
48179,Gray County,TX,925.974,35.402542,-100.812374
48181,Grayson County,TX,932.832,33.624548,-96.675777
48183,Gregg County,TX,273.38,32.486401,-94.816277
48185,Grimes County,TX,787.466,30.543231,-95.988082
48187,Guadalupe County,TX,711.252,29.582671,-97.948995
48189,Hale County,TX,1004.68,34.068436,-101.822888
48191,Hall County,TX,883.492,34.453189,-100.576343
48193,Hamilton County,TX,835.915,31.707342,-98.111756
48195,Hansford County,TX,919.81,36.272847,-101.35693
48197,Hardeman County,TX,695.114,34.289904,-99.745697
48199,Hardin County,TX,890.576,30.329648,-94.393178
48201,Harris County,TX,1707.017,29.857273,-95.393037
48203,Harrison County,TX,900.059,32.547991,-94.374434
48205,Hartley County,TX,1461.951,35.840244,-102.610047
48207,Haskell County,TX,903.133,33.175964,-99.730774
48209,Hays County,TX,676.852,30.061225,-98.029267
48211,Hemphill County,TX,906.286,35.815956,-100.27921
48213,Henderson County,TX,873.773,32.211633,-95.853418
48215,Hidalgo County,TX,1571.195,26.396384,-98.18099
48217,Hill County,TX,958.858,31.982681,-97.130668
48219,Hockley County,TX,908.392,33.605932,-102.343398
48221,Hood County,TX,420.738,32.430149,-97.831677
48223,Hopkins County,TX,767.431,33.148967,-95.565434
48225,Houston County,TX,1230.997,31.323036,-95.4216
48227,Howard County,TX,900.791,32.30343,-101.438721
48229,Hudspeth County,TX,4570.517,31.450868,-105.377549
48231,Hunt County,TX,840.421,33.123308,-96.08423
48233,Hutchinson County,TX,887.424,35.837047,-101.362746
48235,Irion County,TX,1051.544,31.303424,-100.981304
48237,Jack County,TX,910.972,33.23216,-98.171177
48239,Jackson County,TX,829.443,28.959802,-96.58908
48241,Jasper County,TX,938.655,30.752932,-94.022294
48243,Jeff Davis County,TX,2264.556,30.625357,-104.191873
48245,Jefferson County,TX,876.735,29.854,-94.149331
48247,Jim Hogg County,TX,1136.173,27.053231,-98.747572
48249,Jim Wells County,TX,865.176,27.733516,-98.090814
48251,Johnson County,TX,725.05,32.379654,-97.364906
48253,Jones County,TX,928.605,32.743709,-99.87443
48255,Karnes County,TX,747.752,28.908996,-97.852205
48257,Kaufman County,TX,780.692,32.598944,-96.288377
48259,Kendall County,TX,662.454,29.943525,-98.709269
48261,Kenedy County,TX,1458.562,26.890213,-97.591143
48263,Kent County,TX,902.507,33.18478,-100.76972
48265,Kerr County,TX,1103.332,30.059953,-99.353339
48267,Kimble County,TX,1250.98,30.479472,-99.746396
48269,King County,TX,910.873,33.614268,-100.245345
48271,Kinney County,TX,1360.533,29.347086,-100.4177
48273,Kleberg County,TX,881.306,27.438735,-97.66062
48275,Knox County,TX,850.621,33.61189,-99.730356
48277,Lamar County,TX,907.331,33.667263,-95.570348
48279,Lamb County,TX,1016.181,34.068861,-102.348018
48281,Lampasas County,TX,712.528,31.196731,-98.240889
48283,La Salle County,TX,1486.704,28.351098,-99.096774
48285,Lavaca County,TX,969.709,29.382578,-96.923633
48287,Lee County,TX,629.04,30.321498,-96.976823
48289,Leon County,TX,1073.156,31.300493,-95.995622
48291,Liberty County,TX,1158.353,30.158508,-94.844061
48293,Limestone County,TX,905.43,31.547543,-96.593623
48295,Lipscomb County,TX,932.214,36.2802,-100.272683
48297,Live Oak County,TX,1039.695,28.351535,-98.126961
48299,Llano County,TX,934.065,30.707584,-98.68469
48301,Loving County,TX,668.818,31.844936,-103.561229
48303,Lubbock County,TX,895.602,33.611469,-101.819944
48305,Lynn County,TX,891.867,33.178412,-101.818493
48307,McCulloch County,TX,1065.601,31.205477,-99.359856
48309,McLennan County,TX,1036.69,31.549596,-97.201511
48311,McMullen County,TX,1139.799,28.384922,-98.578853
48313,Madison County,TX,466.065,30.966878,-95.930372
48315,Marion County,TX,380.902,32.798182,-94.356853
48317,Martin County,TX,914.956,32.30983,-101.961836
48319,Mason County,TX,928.836,30.703916,-99.237302
48321,Matagorda County,TX,1093.122,28.77476,-96.001532
48323,Maverick County,TX,1279.476,28.729787,-100.316678
48325,Medina County,TX,1325.361,29.353661,-99.111085
48327,Menard County,TX,902.027,30.885268,-99.858861
48329,Midland County,TX,900.358,31.814269,-102.002454
48331,Milam County,TX,1016.356,30.791242,-96.984395
48333,Mills County,TX,748.225,31.494888,-98.594623
48335,Mitchell County,TX,911.093,32.304117,-100.924392
48337,Montague County,TX,930.906,33.678356,-97.725014
48339,Montgomery County,TX,1042.11,30.298801,-95.50295
48341,Moore County,TX,899.698,35.835676,-101.890502
48343,Morris County,TX,251.989,33.116466,-94.731265
48345,Motley County,TX,989.566,34.057899,-100.793152
48347,Nacogdoches County,TX,946.324,31.62056,-94.62025
48349,Navarro County,TX,1009.702,32.048448,-96.476909
48351,Newton County,TX,933.677,30.786718,-93.73925
48353,Nolan County,TX,911.997,32.312338,-100.418108
48355,Nueces County,TX,839.246,27.740032,-97.516214
48357,Ochiltree County,TX,917.685,36.278744,-100.815864
48359,Oldham County,TX,1500.523,35.401921,-102.59762
48361,Orange County,TX,333.786,30.122323,-93.8941
48363,Palo Pinto County,TX,952.549,32.752204,-98.317967
48365,Panola County,TX,811.355,32.163978,-94.305156
48367,Parker County,TX,903.719,32.777096,-97.805905
48369,Parmer County,TX,880.822,34.532163,-102.784853
48371,Pecos County,TX,4763.835,30.773298,-102.718153
48373,Polk County,TX,1057.045,30.784553,-94.837338
48375,Potter County,TX,908.39,35.398675,-101.893804
48377,Presidio County,TX,3855.252,30.005891,-104.261619
48379,Rains County,TX,229.49,32.870457,-95.795613
48381,Randall County,TX,912.711,34.962529,-101.895547
48383,Reagan County,TX,1175.314,31.375191,-101.514395
48385,Real County,TX,699.159,29.830097,-99.812549
48387,Red River County,TX,1043.896,33.619625,-95.048429
48389,Reeves County,TX,2635.354,31.308366,-103.712706
48391,Refugio County,TX,770.484,28.322116,-97.162472
48393,Roberts County,TX,924.058,35.838596,-100.836682
48395,Robertson County,TX,855.155,31.025481,-96.514941
48397,Rockwall County,TX,127.209,32.899886,-96.41205
48399,Runnels County,TX,1051.07,31.845119,-99.982715
48401,Rusk County,TX,924.199,32.109423,-94.756382
48403,Sabine County,TX,491.71,31.3433,-93.851913
48405,San Augustine County,TX,530.659,31.382449,-94.16318
48407,San Jacinto County,TX,569.243,30.574388,-95.163136
48409,San Patricio County,TX,693.321,28.011794,-97.517157
48411,San Saba County,TX,1135.313,31.155138,-98.819292
48413,Schleicher County,TX,1310.642,30.896233,-100.527216
48415,Scurry County,TX,905.445,32.744353,-100.913346
48417,Shackelford County,TX,914.286,32.74382,-99.347005
48419,Shelby County,TX,795.589,31.790139,-94.142579
48421,Sherman County,TX,922.86,36.278593,-101.899265
48423,Smith County,TX,921.473,32.375105,-95.268939
48425,Somervell County,TX,186.207,32.218071,-97.769217
48427,Starr County,TX,1223.179,26.530903,-98.740235
48429,Stephens County,TX,896.721,32.738052,-98.839344
48431,Sterling County,TX,923.449,31.835773,-101.054911
48433,Stonewall County,TX,916.313,33.17958,-100.253807
48435,Sutton County,TX,1453.935,30.522185,-100.513359
48437,Swisher County,TX,890.16,34.526319,-101.743865
48439,Tarrant County,TX,865.249,32.772119,-97.291224
48441,Taylor County,TX,915.536,32.297126,-99.89043
48443,Terrell County,TX,2357.958,30.232343,-102.072513
48445,Terry County,TX,888.851,33.171229,-102.339284
48447,Throckmorton County,TX,912.552,33.170695,-99.205796
48449,Titus County,TX,406.302,33.214599,-94.966783
48451,Tom Green County,TX,1522.32,31.398295,-100.46385
48453,Travis County,TX,994.294,30.239513,-97.69127
48455,Trinity County,TX,693.795,31.096675,-95.151687
48457,Tyler County,TX,924.39,30.769295,-94.375656
48459,Upshur County,TX,582.98,32.735349,-94.941184
48461,Upton County,TX,1241.323,31.353816,-102.041546
48463,Uvalde County,TX,1551.922,29.350308,-99.768427
48465,Val Verde County,TX,3144.75,29.875285,-101.143324
48467,Van Zandt County,TX,842.572,32.558787,-95.836906
48469,Victoria County,TX,882.087,28.79637,-96.971198
48471,Walker County,TX,784.222,30.743163,-95.569825
48473,Waller County,TX,513.297,30.01359,-95.982149
48475,Ward County,TX,835.603,31.513069,-103.105113
48477,Washington County,TX,604.194,30.215075,-96.410272
48479,Webb County,TX,3361.478,27.760799,-99.340752
48481,Wharton County,TX,1086.142,29.27848,-96.229674
48483,Wheeler County,TX,914.533,35.392593,-100.253107
48485,Wichita County,TX,627.593,33.988212,-98.70801
48487,Wilbarger County,TX,970.946,34.08492,-99.24244
48489,Willacy County,TX,590.613,26.481861,-97.594731
48491,Williamson County,TX,1115.837,30.649082,-97.605065
48493,Wilson County,TX,803.734,29.173883,-98.086734
48495,Winkler County,TX,841.269,31.832862,-103.054925
48497,Wise County,TX,904.395,33.219095,-97.653997
48499,Wood County,TX,645.243,32.783588,-95.382166
48501,Yoakum County,TX,799.715,33.162339,-102.832241
48503,Young County,TX,914.498,33.158778,-98.67839
48505,Zapata County,TX,998.412,26.996981,-99.182603
48507,Zavala County,TX,1297.407,28.864652,-99.75983
49001,Beaver County,UT,2582.912,38.357535,-113.238948
49003,Box Elder County,UT,5781.304,41.622623,-113.060252
49005,Cache County,UT,1164.687,41.734118,-111.745394
49007,Carbon County,UT,1479.343,39.673284,-110.588484
49009,Daggett County,UT,696.515,40.890099,-109.505785
49011,Davis County,UT,324.716,41.037559,-112.201943
49013,Duchesne County,UT,3235.523,40.289393,-110.429584
49015,Emery County,UT,4462.635,39.009025,-110.7211
49017,Garfield County,UT,5179.556,37.831663,-111.450907
49019,Grand County,UT,3672.858,38.974326,-109.57345
49021,Iron County,UT,3296.167,37.909304,-113.30674
49023,Juab County,UT,3391.812,39.71412,-112.790471
49025,Kane County,UT,3994.14,37.275089,-111.815329
49027,Millard County,UT,6785.482,38.956744,-113.133092
49029,Morgan County,UT,609.197,41.091027,-111.577885
49031,Piute County,UT,758.21,38.335881,-112.129375
49033,Rich County,UT,1028.758,41.627598,-111.240227
49035,Salt Lake County,UT,752.852,40.667883,-111.92424
49037,San Juan County,UT,7823.765,37.602633,-109.791574
49039,Sanpete County,UT,1589.816,39.373426,-111.576933
49041,Sevier County,UT,1910.476,38.746824,-111.81193
49043,Summit County,UT,1870.674,40.87206,-110.968486
49045,Tooele County,UT,7040.27,40.467753,-113.123979
49047,Uintah County,UT,4482.881,40.125887,-109.517748
49049,Utah County,UT,2004.46,40.120418,-111.668563
49051,Wasatch County,UT,1176.952,40.334884,-111.161568
49053,Washington County,UT,2427.589,37.262531,-113.4878
49055,Wayne County,UT,2461.094,38.259856,-110.990872
49057,Weber County,UT,611.048,41.270325,-111.876883
50001,Addison County,VT,766.331,44.031248,-73.141581
50003,Bennington County,VT,674.236,43.035328,-73.111496
50005,Caledonia County,VT,649.213,44.468791,-72.112168
50007,Chittenden County,VT,536.849,44.463329,-73.06941
50009,Essex County,VT,662.37,44.724021,-71.732736
50011,Franklin County,VT,630.961,44.858964,-72.909402
50013,Grand Isle County,VT,81.77,44.801787,-73.300759
50015,Lamoille County,VT,461.255,44.611192,-72.632659
50017,Orange County,VT,687.008,44.003373,-72.369579
50019,Orleans County,VT,694.552,44.828442,-72.25163
50021,Rutland County,VT,930.55,43.612399,-73.060304
50023,Washington County,VT,687.06,44.274969,-72.609444
50025,Windham County,VT,785.959,42.995304,-72.721877
50027,Windsor County,VT,969.144,43.572448,-72.598813
51001,Accomack County,VA,449.32,37.765944,-75.757807
51003,Albemarle County,VA,720.472,38.024184,-78.553506
51005,Alleghany County,VA,446.572,37.787905,-80.008669
51007,Amelia County,VA,355.36,37.331927,-77.977462
51009,Amherst County,VA,473.962,37.629304,-79.154667
51011,Appomattox County,VA,334.224,37.370725,-78.81094
51013,Arlington County,VA,25.997,38.878337,-77.100703
51015,Augusta County,VA,967.074,38.17259,-79.140975
51017,Bath County,VA,529.202,38.068368,-79.731203
51019,Bedford County,VA,760.104,37.312257,-79.527223
51021,Bland County,VA,357.645,37.130612,-81.125853
51023,Botetourt County,VA,541.276,37.565482,-79.797546
51025,Brunswick County,VA,566.24,36.764204,-77.861483
51027,Buchanan County,VA,502.854,37.26812,-82.038151
51029,Buckingham County,VA,579.623,37.573928,-78.529169
51031,Campbell County,VA,503.207,37.210152,-79.095428
51033,Caroline County,VA,527.363,38.028033,-77.353736
51035,Carroll County,VA,474.744,36.731963,-80.727831
51036,Charles City County,VA,182.901,37.361054,-77.05417
51037,Charlotte County,VA,475.296,37.009042,-78.658568
51041,Chesterfield County,VA,423.506,37.378434,-77.585847
51043,Clarke County,VA,175.958,39.115307,-77.990748
51045,Craig County,VA,328.098,37.473603,-80.231051
51047,Culpeper County,VA,379.182,38.48593,-77.956476
51049,Cumberland County,VA,297.474,37.520189,-78.252836
51051,Dickenson County,VA,330.44,37.136701,-82.34922
51053,Dinwiddie County,VA,503.886,37.073498,-77.635492
51057,Essex County,VA,257.354,37.936389,-76.933747
51059,Fairfax County,VA,391.02,38.82952,-77.273252
51061,Fauquier County,VA,647.994,38.744096,-77.8215
51063,Floyd County,VA,380.923,36.931433,-80.350266
51065,Fluvanna County,VA,287.117,37.830584,-78.283494
51067,Franklin County,VA,690.61,36.991186,-79.882715
51069,Frederick County,VA,413.135,39.20366,-78.263829
51071,Giles County,VA,357.225,37.318072,-80.698321
51073,Gloucester County,VA,217.81,37.403541,-76.523505
51075,Goochland County,VA,282.029,37.718814,-77.917626
51077,Grayson County,VA,441.785,36.652229,-81.215324
51079,Greene County,VA,155.947,38.297981,-78.470163
51081,Greensville County,VA,295.227,36.680336,-77.560277
51083,Halifax County,VA,817.731,36.766461,-78.939614
51085,Hanover County,VA,467.573,37.760215,-77.491317
51087,Henrico County,VA,233.699,37.43752,-77.300333
51089,Henry County,VA,382.351,36.620612,-79.980662
51091,Highland County,VA,415.163,38.366243,-79.564472
51093,Isle of Wight County,VA,315.685,36.901418,-76.707569
51095,James City County,VA,142.298,37.324837,-76.777888
51097,King and Queen County,VA,315.131,37.717772,-76.905581
51099,King George County,VA,179.628,38.27718,-77.162636
51101,King William County,VA,273.91,37.70826,-77.091054
51103,Lancaster County,VA,133.306,37.704843,-76.412663
51105,Lee County,VA,435.378,36.701721,-83.130112
51107,Loudoun County,VA,515.737,39.0812,-77.638898
51109,Louisa County,VA,495.078,37.972704,-77.959795
51111,Lunenburg County,VA,431.7,36.945555,-78.240528
51113,Madison County,VA,320.639,38.412059,-78.276961
51115,Mathews County,VA,85.911,37.425348,-76.268808
51117,Mecklenburg County,VA,625.31,36.687256,-78.368959
51119,Middlesex County,VA,130.33,37.606975,-76.528082
51121,Montgomery County,VA,386.847,37.175538,-80.387794
51125,Nelson County,VA,470.745,37.789079,-78.88344
51127,New Kent County,VA,210.034,37.51016,-76.999331
51131,Northampton County,VA,211.712,37.302775,-75.924018
51133,Northumberland County,VA,191.432,37.856974,-76.379687
51135,Nottoway County,VA,314.39,37.141167,-78.053866
51137,Orange County,VA,340.515,38.249326,-78.011092
51139,Page County,VA,310.017,38.623209,-78.491872
51141,Patrick County,VA,482.954,36.667138,-80.286413
51143,Pittsylvania County,VA,969.003,36.821721,-79.398502
51145,Powhatan County,VA,260.202,37.549404,-77.912855
51147,Prince Edward County,VA,349.946,37.224881,-78.432957
51149,Prince George County,VA,265.342,37.187325,-77.220993
51153,Prince William County,VA,335.255,38.701119,-77.479579
51155,Pulaski County,VA,319.839,37.063385,-80.713444
51157,Rappahannock County,VA,266.372,38.684522,-78.168824
51159,Richmond County,VA,191.478,37.942894,-76.730561
51161,Roanoke County,VA,250.548,37.330792,-80.191237
51163,Rockbridge County,VA,596.548,37.814517,-79.447754
51165,Rockingham County,VA,849.794,38.507585,-78.885321
51167,Russell County,VA,473.524,36.93342,-82.095934
51169,Scott County,VA,535.827,36.712776,-82.613624
51171,Shenandoah County,VA,508.079,38.856204,-78.573987
51173,Smyth County,VA,451.44,36.842318,-81.539786
51175,Southampton County,VA,599.196,36.720068,-77.103813
51177,Spotsylvania County,VA,401.968,38.182431,-77.657226
51179,Stafford County,VA,269.205,38.423084,-77.458048
51181,Surry County,VA,278.949,37.119761,-76.880172
51183,Sussex County,VA,490.226,36.926645,-77.259732
51185,Tazewell County,VA,518.791,37.125395,-81.562924
51187,Warren County,VA,214.572,38.908221,-78.207594
51191,Washington County,VA,561.193,36.747814,-81.950322
51193,Westmoreland County,VA,229.326,38.109311,-76.803933
51195,Wise County,VA,403.44,36.974561,-82.62156
51197,Wythe County,VA,461.952,36.899868,-81.08301
51199,York County,VA,104.701,37.220914,-76.395533
51510,Alexandria city,VA,14.935,38.819251,-77.08367
51520,Bristol city,VA,12.871,36.616954,-82.157564
51530,Buena Vista city,VA,6.438,37.729345,-79.358134
51540,Charlottesville city,VA,10.245,38.037658,-78.485381
51550,Chesapeake city,VA,338.456,36.679376,-76.301788
51570,Colonial Heights city,VA,7.519,37.261685,-77.396804
51580,Covington city,VA,5.469,37.78106,-79.985434
51590,Danville city,VA,42.803,36.583334,-79.408071
51595,Emporia city,VA,6.904,36.696182,-77.535975
51600,Fairfax city,VA,6.241,38.853183,-77.299025
51610,Falls Church city,VA,2.046,38.884722,-77.175603
51620,Franklin city,VA,8.277,36.684014,-76.941396
51630,Fredericksburg city,VA,10.45,38.299272,-77.486658
51640,Galax city,VA,8.236,36.66564,-80.914308
51650,Hampton city,VA,51.461,37.047961,-76.297293
51660,Harrisonburg city,VA,17.336,38.436255,-78.873303
51670,Hopewell city,VA,10.354,37.29101,-77.298944
51678,Lexington city,VA,2.499,37.782332,-79.44432
51680,Lynchburg city,VA,48.976,37.399016,-79.195458
51683,Manassas city,VA,9.843,38.746808,-77.482633
51685,Manassas Park city,VA,3.034,38.769398,-77.442323
51690,Martinsville city,VA,10.956,36.683527,-79.863647
51700,Newport News city,VA,68.996,37.076136,-76.52198
51710,Norfolk city,VA,53.275,36.923015,-76.244641
51720,Norton city,VA,7.477,36.931549,-82.625996
51730,Petersburg city,VA,22.72,37.20473,-77.392368
51735,Poquoson city,VA,15.357,37.12836,-76.303534
51740,Portsmouth city,VA,33.301,36.859339,-76.356973
51750,Radford city,VA,9.676,37.120119,-80.559147
51760,Richmond city,VA,59.925,37.531399,-77.476009
51770,Roanoke city,VA,42.521,37.278458,-79.958174
51775,Salem city,VA,14.515,37.285333,-80.055241
51790,Staunton city,VA,19.92,38.157978,-79.061876
51800,Suffolk city,VA,399.167,36.697157,-76.634781
51810,Virginia Beach city,VA,244.719,36.779525,-76.029142
51820,Waynesboro city,VA,14.97,38.067157,-78.90142
51830,Williamsburg city,VA,8.938,37.269481,-76.708193
51840,Winchester city,VA,9.193,39.173869,-78.176356
53001,Adams County,WA,1924.989,47.011238,-118.512861
53003,Asotin County,WA,636.075,46.181861,-117.227781
53005,Benton County,WA,1700.128,46.228125,-119.516659
53007,Chelan County,WA,2921.178,47.860974,-120.619041
53009,Clallam County,WA,1738.773,48.110903,-123.88986
53011,Clark County,WA,628.499,45.77173,-122.485953
53013,Columbia County,WA,868.585,46.29285,-117.911634
53015,Cowlitz County,WA,1141.159,46.196785,-122.67846
53017,Douglas County,WA,1819.244,47.741763,-119.694622
53019,Ferry County,WA,2203.241,48.473256,-118.533589
53021,Franklin County,WA,1241.596,46.537502,-118.903891
53023,Garfield County,WA,710.835,46.429318,-117.536705
53025,Grant County,WA,2679.547,47.213633,-119.467788
53027,Grays Harbor County,WA,1901.463,47.113732,-123.826735
53029,Island County,WA,208.474,48.158554,-122.670649
53031,Jefferson County,WA,1803.728,47.805708,-123.527057
53033,King County,WA,2115.736,47.490552,-121.833977
53035,Kitsap County,WA,395.111,47.639595,-122.649634
53037,Kittitas County,WA,2297.272,47.124441,-120.676709
53039,Klickitat County,WA,1871.636,45.870446,-120.779305
53041,Lewis County,WA,2402.782,46.580071,-122.377444
53043,Lincoln County,WA,2310.599,47.582743,-118.417692
53045,Mason County,WA,959.553,47.350832,-123.173103
53047,Okanogan County,WA,5266.193,48.548453,-119.742235
53049,Pacific County,WA,933.373,46.556587,-123.782419
53051,Pend Oreille County,WA,1400.245,48.543825,-117.232191
53053,Pierce County,WA,1667.979,47.051413,-122.15324
53055,San Juan County,WA,173.914,48.50719,-123.103769
53057,Skagit County,WA,1730.231,48.493292,-121.81577
53059,Skamania County,WA,1658.268,46.024785,-121.953232
53061,Snohomish County,WA,2086.515,48.054913,-121.765038
53063,Spokane County,WA,1764.224,47.620375,-117.403371
53065,Stevens County,WA,2477.103,48.388728,-117.854455
53067,Thurston County,WA,722.501,46.935822,-122.830152
53069,Wahkiakum County,WA,262.928,46.294638,-123.424458
53071,Walla Walla County,WA,1270.033,46.254606,-118.48037
53073,Whatcom County,WA,2107.949,48.842653,-121.836432
53075,Whitman County,WA,2159.262,46.905944,-117.53539
53077,Yakima County,WA,4294.512,46.456558,-120.740145
54001,Barbour County,WV,341.059,39.139725,-79.996947
54003,Berkeley County,WV,321.147,39.447938,-78.037754
54005,Boone County,WV,502.37,38.022814,-81.713538
54007,Braxton County,WV,510.735,38.69933,-80.73166
54009,Brooke County,WV,89.196,40.272645,-80.578691
54011,Cabell County,WV,281.024,38.419578,-82.243397
54013,Calhoun County,WV,279.263,38.844159,-81.115478
54015,Clay County,WV,341.939,38.459826,-81.081866
54017,Doddridge County,WV,319.723,39.264307,-80.711498
54019,Fayette County,WV,661.558,38.030948,-81.08607
54021,Gilmer County,WV,338.503,38.915867,-80.849413
54023,Grant County,WV,477.372,39.105988,-79.195064
54025,Greenbrier County,WV,1019.823,37.924418,-80.45059
54027,Hampshire County,WV,640.402,39.312139,-78.611989
54029,Hancock County,WV,82.61,40.516958,-80.570164
54031,Hardy County,WV,582.315,39.011361,-78.841729
54033,Harrison County,WV,416.008,39.279182,-80.386498
54035,Jackson County,WV,464.359,38.834234,-81.677717
54037,Jefferson County,WV,209.296,39.307398,-77.86322
54039,Kanawha County,WV,901.714,38.328068,-81.523516
54041,Lewis County,WV,386.93,38.988877,-80.495477
54043,Lincoln County,WV,437.093,38.17177,-82.077623
54045,Logan County,WV,452.88,37.830591,-81.940853
54047,McDowell County,WV,533.458,37.38276,-81.658204
54049,Marion County,WV,308.785,39.505839,-80.243402
54051,Marshall County,WV,305.431,39.854426,-80.671794
54053,Mason County,WV,430.768,38.770914,-82.029007
54055,Mercer County,WV,418.962,37.403448,-81.106456
54057,Mineral County,WV,327.882,39.404781,-78.95669
54059,Mingo County,WV,423.14,37.721161,-82.158989
54061,Monongalia County,WV,360.092,39.633645,-80.059074
54063,Monroe County,WV,472.754,37.554062,-80.550329
54065,Morgan County,WV,229.073,39.557345,-78.256517
54067,Nicholas County,WV,646.846,38.291432,-80.797515
54069,Ohio County,WV,105.83,40.100323,-80.6199
54071,Pendleton County,WV,696.05,38.67445,-79.340617
54073,Pleasants County,WV,130.119,39.368133,-81.161172
54075,Pocahontas County,WV,940.239,38.332606,-80.010121
54077,Preston County,WV,648.814,39.46903,-79.668865
54079,Putnam County,WV,345.679,38.510518,-81.906109
54081,Raleigh County,WV,605.374,37.762469,-81.264672
54083,Randolph County,WV,1039.7,38.781095,-79.867788
54085,Ritchie County,WV,451.99,39.177112,-81.066317
54087,Roane County,WV,483.563,38.74295,-81.354494
54089,Summers County,WV,360.588,37.655999,-80.856325
54091,Taylor County,WV,172.771,39.332478,-80.046554
54093,Tucker County,WV,419.044,39.111175,-79.559968
54095,Tyler County,WV,256.302,39.465634,-80.877219
54097,Upshur County,WV,354.638,38.90253,-80.231606
54099,Wayne County,WV,506.005,38.143642,-82.422666
54101,Webster County,WV,553.47,38.483459,-80.449052
54103,Wetzel County,WV,358.067,39.59818,-80.635399
54105,Wirt County,WV,232.511,39.020034,-81.382975
54107,Wood County,WV,366.5,39.211602,-81.516234
54109,Wyoming County,WV,499.47,37.60366,-81.549032
55001,Adams County,WI,645.646,43.973757,-89.767228
55003,Ashland County,WI,1044.97,46.544424,-90.679691
55005,Barron County,WI,863.053,45.437192,-91.852892
55007,Bayfield County,WI,1477.881,46.634199,-91.177282
55009,Brown County,WI,530.092,44.474024,-87.99613
55011,Buffalo County,WI,675.791,44.385633,-91.761294
55013,Burnett County,WI,821.596,45.866897,-92.37573
55015,Calumet County,WI,318.25,44.07841,-88.212132
55017,Chippewa County,WI,1008.355,45.069092,-91.283505
55019,Clark County,WI,1209.698,44.739346,-90.609953
55021,Columbia County,WI,765.6,43.471882,-89.330472
55023,Crawford County,WI,570.805,43.242768,-90.935185
55025,Dane County,WI,1196.496,43.067468,-89.417852
55027,Dodge County,WI,875.699,43.429628,-88.701939
55029,Door County,WI,481.936,45.093417,-87.048683
55031,Douglas County,WI,1304.272,46.463218,-91.892477
55033,Dunn County,WI,850.159,44.947751,-91.897645
55035,Eau Claire County,WI,637.922,44.726355,-91.286414
55037,Florence County,WI,488.024,45.871828,-88.406988
55039,Fond du Lac County,WI,719.566,43.754722,-88.493284
55041,Forest County,WI,1014.266,45.666881,-88.773326
55043,Grant County,WI,1146.877,42.870028,-90.694229
55045,Green County,WI,584.044,42.675522,-89.605074
55047,Green Lake County,WI,349.544,43.780247,-88.97038
55049,Iowa County,WI,762.698,43.001021,-90.133691
55051,Iron County,WI,758.209,46.32655,-90.261298
55053,Jackson County,WI,987.915,44.32459,-90.79951
55055,Jefferson County,WI,556.492,43.013804,-88.773985
55057,Juneau County,WI,767.081,43.932836,-90.113984
55059,Kenosha County,WI,271.833,42.587526,-87.879996
55061,Kewaunee County,WI,342.454,44.605677,-87.448008
55063,La Crosse County,WI,451.807,43.908222,-91.111758
55065,Lafayette County,WI,633.588,42.655578,-90.130292
55067,Langlade County,WI,870.69,45.254863,-89.06707
55069,Lincoln County,WI,878.704,45.333148,-89.73224
55071,Manitowoc County,WI,589.302,44.156137,-87.577352
55073,Marathon County,WI,1545.194,44.898036,-89.757823
55075,Marinette County,WI,1399.468,45.346899,-87.991198
55077,Marquette County,WI,455.713,43.826053,-89.409095
55078,Menominee County,WI,357.615,44.991304,-88.669251
55079,Milwaukee County,WI,241.457,42.912643,-87.862312
55081,Monroe County,WI,900.904,43.945175,-90.619969
55083,Oconto County,WI,997.477,44.996575,-88.206516
55085,Oneida County,WI,1113.944,45.716176,-89.534533
55087,Outagamie County,WI,637.557,44.418226,-88.464988
55089,Ozaukee County,WI,233.011,43.501807,-87.847551
55091,Pepin County,WI,232.008,44.627436,-91.83489
55093,Pierce County,WI,574.018,44.725336,-92.426279
55095,Polk County,WI,914.32,45.462041,-92.447066
55097,Portage County,WI,800.874,44.476246,-89.49807
55099,Price County,WI,1254.057,45.679072,-90.35965
55101,Racine County,WI,332.611,42.780392,-87.771599
55103,Richland County,WI,586.15,43.376199,-90.435693
55105,Rock County,WI,718.167,42.66988,-89.075284
55107,Rusk County,WI,913.553,45.472734,-91.136745
55109,St. Croix County,WI,722.158,45.028959,-92.447284
55111,Sauk County,WI,831.587,43.428001,-89.943318
55113,Sawyer County,WI,1257.6,45.864999,-91.147063
55115,Shawano County,WI,893.225,44.789641,-88.755813
55117,Sheboygan County,WI,511.519,43.738713,-87.731531
55119,Taylor County,WI,975.052,45.211656,-90.504853
55121,Trempealeau County,WI,732.966,44.30305,-91.358867
55123,Vernon County,WI,791.563,43.599366,-90.821983
55125,Vilas County,WI,857.71,46.049848,-89.501254
55127,Walworth County,WI,555.433,42.66811,-88.541731
55129,Washburn County,WI,797.114,45.892489,-91.796422
55131,Washington County,WI,430.644,43.391156,-88.232917
55133,Waukesha County,WI,549.725,43.018368,-88.30424
55135,Waupaca County,WI,747.702,44.478004,-88.967005
55137,Waushara County,WI,626.161,44.112823,-89.239786
55139,Winnebago County,WI,434.697,44.085707,-88.668149
55141,Wood County,WI,793.017,44.461413,-90.038825
56001,Albany County,WY,4274.175,41.665514,-105.721883
56003,Big Horn County,WY,3136.957,44.525117,-107.994848
56005,Campbell County,WY,4802.065,44.191999,-105.517014
56007,Carbon County,WY,7897.746,41.70359,-106.933153
56009,Converse County,WY,4254.995,42.984623,-105.524752
56011,Crook County,WY,2854.48,44.589266,-104.567298
56013,Fremont County,WY,9183.59,43.054831,-108.608935
56015,Goshen County,WY,2225.613,42.089455,-104.35354
56017,Hot Springs County,WY,2004.431,43.720209,-108.435076
56019,Johnson County,WY,4154.152,44.044048,-106.588541
56021,Laramie County,WY,2685.864,41.29283,-104.660395
56023,Lincoln County,WY,4075.337,42.229993,-110.682961
56025,Natrona County,WY,5340.537,42.977645,-106.768219
56027,Niobrara County,WY,2626.028,43.062159,-104.468373
56029,Park County,WY,6939.039,44.492387,-109.593597
56031,Platte County,WY,2081.459,42.131593,-104.953963
56033,Sheridan County,WY,2523.361,44.781369,-106.881211
56035,Sublette County,WY,4886.482,42.767928,-109.91617
56037,Sweetwater County,WY,10426.98,41.660328,-108.875677
56039,Teton County,WY,3996.846,44.048662,-110.426087
56041,Uinta County,WY,2081.721,41.284726,-110.558947
56043,Washakie County,WY,2238.679,43.878831,-107.669052
56045,Weston County,WY,2398.005,43.846213,-104.57002
72001,Adjuntas Municipio,PR,66.69,18.181611,-66.758165
72003,Aguada Municipio,PR,30.859,18.375673,-67.185745
72005,Aguadilla Municipio,PR,36.542,18.480191,-67.143762
72007,Aguas Buenas Municipio,PR,30.085,18.256524,-66.128496
72009,Aibonito Municipio,PR,31.312,18.130723,-66.26446
72011,AÃ±asco Municipio,PR,39.293,18.286905,-67.131282
72013,Arecibo Municipio,PR,125.94,18.434004,-66.674994
72015,Arroyo Municipio,PR,15.009,17.97206,-66.041945
72017,Barceloneta Municipio,PR,18.696,18.469989,-66.55823
72019,Barranquitas Municipio,PR,34.253,18.200018,-66.309282
72021,BayamÃ³n Municipio,PR,44.439,18.34942,-66.168626
72023,Cabo Rojo Municipio,PR,70.366,17.997138,-67.180862
72025,Caguas Municipio,PR,58.604,18.211109,-66.050964
72027,Camuy Municipio,PR,46.355,18.445469,-66.863134
72029,CanÃ³vanas Municipio,PR,32.869,18.330044,-65.886021
72031,Carolina Municipio,PR,45.378,18.396776,-65.968778
72033,CataÃ±o Municipio,PR,4.832,18.444614,-66.148819
72035,Cayey Municipio,PR,51.935,18.103624,-66.151667
72037,Ceiba Municipio,PR,29.036,18.253265,-65.620765
72039,Ciales Municipio,PR,66.529,18.295913,-66.515588
72041,Cidra Municipio,PR,36.023,18.174391,-66.161618
72043,Coamo Municipio,PR,78.013,18.1038,-66.357586
72045,ComerÃ­o Municipio,PR,28.401,18.225032,-66.219481
72047,Corozal Municipio,PR,42.567,18.30391,-66.326179
72049,Culebra Municipio,PR,11.647,18.326611,-65.307771
72051,Dorado Municipio,PR,23.116,18.474376,-66.261973
72053,Fajardo Municipio,PR,29.907,18.386378,-65.588454
72054,Florida Municipio,PR,15.214,18.368659,-66.562734
72055,GuÃ¡nica Municipio,PR,37.05,17.948052,-66.922989
72057,Guayama Municipio,PR,65.037,17.973929,-66.137467
72059,Guayanilla Municipio,PR,42.271,18.005338,-66.798293
72061,Guaynabo Municipio,PR,27.585,18.344357,-66.114056
72063,Gurabo Municipio,PR,27.885,18.272581,-65.981177
72065,Hatillo Municipio,PR,41.777,18.441141,-66.79821
72067,Hormigueros Municipio,PR,11.346,18.134695,-67.116199
72069,Humacao Municipio,PR,44.719,18.135403,-65.786229
72071,Isabela Municipio,PR,55.311,18.483998,-67.013978
72073,Jayuya Municipio,PR,44.533,18.211152,-66.58687
72075,Juana DÃ­az Municipio,PR,60.278,17.997974,-66.490496
72077,Juncos Municipio,PR,26.49,18.224133,-65.908542
72079,Lajas Municipio,PR,59.957,17.978511,-67.040111
72081,Lares Municipio,PR,61.45,18.276925,-66.869587
72083,Las MarÃ­as Municipio,PR,46.36,18.227594,-66.97758
72085,Las Piedras Municipio,PR,33.88,18.187148,-65.871189
72087,LoÃ­za Municipio,PR,19.374,18.445503,-65.942649
72089,Luquillo Municipio,PR,25.811,18.367996,-65.709904
72091,ManatÃ­ Municipio,PR,45.14,18.444803,-66.493137
72093,Maricao Municipio,PR,36.623,18.173956,-66.935547
72095,Maunabo Municipio,PR,21.165,17.999786,-65.896403
72097,MayagÃ¼ez Municipio,PR,77.589,18.08385,-67.886337
72099,Moca Municipio,PR,50.341,18.377637,-67.079574
72101,Morovis Municipio,PR,38.871,18.318017,-66.420392
72103,Naguabo Municipio,PR,51.661,18.21107,-65.735749
72105,Naranjito Municipio,PR,27.401,18.28992,-66.25344
72107,Orocovis Municipio,PR,63.625,18.218733,-66.436899
72109,Patillas Municipio,PR,46.604,18.000311,-65.986642
72111,PeÃ±uelas Municipio,PR,44.618,18.026618,-66.728125
72113,Ponce Municipio,PR,114.938,18.001717,-66.606662
72115,Quebradillas Municipio,PR,22.683,18.466357,-66.927603
72117,RincÃ³n Municipio,PR,14.288,18.33898,-67.250771
72119,RÃ­o Grande Municipio,PR,60.621,18.376369,-65.798434
72121,Sabana Grande Municipio,PR,36.313,18.084483,-66.947609
72123,Salinas Municipio,PR,69.404,17.971485,-66.262252
72125,San GermÃ¡n Municipio,PR,54.497,18.1078,-67.037263
72127,San Juan Municipio,PR,47.886,18.422249,-66.069081
72129,San Lorenzo Municipio,PR,53.108,18.147107,-65.976167
72131,San SebastiÃ¡n Municipio,PR,70.423,18.331064,-66.969064
72133,Santa Isabel Municipio,PR,34.05,17.952922,-66.387588
72135,Toa Alta Municipio,PR,27.017,18.364556,-66.244669
72137,Toa Baja Municipio,PR,23.244,18.45691,-66.193193
72139,Trujillo Alto Municipio,PR,20.758,18.335387,-66.003787
72141,Utuado Municipio,PR,113.532,18.270865,-66.702989
72143,Vega Alta Municipio,PR,27.728,18.43622,-66.336412
72145,Vega Baja Municipio,PR,45.848,18.455128,-66.397883
72147,Vieques Municipio,PR,50.788,18.125418,-65.432474
72149,Villalba Municipio,PR,35.637,18.130718,-66.472244
72151,Yabucoa Municipio,PR,55.215,18.059858,-65.859871
72153,Yauco Municipio,PR,67.712,18.085669,-66.857901
