school,conference,host,sport,season,method,n_players
Clemson,ACC,clemsontigers.com,mens-tennis,2022,devalue,9
Clemson,ACC,clemsontigers.com,mens-tennis,2023,devalue,9
Clemson,ACC,clemsontigers.com,mens-tennis,2024,devalue,9
Clemson,ACC,clemsontigers.com,mens-tennis,2025,devalue,9
Clemson,ACC,clemsontigers.com,mens-tennis,2026,devalue,9
Clemson,ACC,clemsontigers.com,womens-tennis,2022,devalue,10
Clemson,ACC,clemsontigers.com,womens-tennis,2023,devalue,10
Clemson,ACC,clemsontigers.com,womens-tennis,2024,devalue,10
Clemson,ACC,clemsontigers.com,womens-tennis,2025,devalue,10
Clemson,ACC,clemsontigers.com,womens-tennis,2026,devalue,10
Boston College,ACC,bceagles.com,mens-tennis,2022,devalue,13
Boston College,ACC,bceagles.com,mens-tennis,2023,devalue,12
Boston College,ACC,bceagles.com,mens-tennis,2024,devalue,14
Boston College,ACC,bceagles.com,mens-tennis,2025,devalue,13
Boston College,ACC,bceagles.com,mens-tennis,2026,devalue,13
Boston College,ACC,bceagles.com,womens-tennis,2022,devalue,8
Boston College,ACC,bceagles.com,womens-tennis,2023,devalue,8
Boston College,ACC,bceagles.com,womens-tennis,2024,devalue,9
Boston College,ACC,bceagles.com,womens-tennis,2025,devalue,9
Boston College,ACC,bceagles.com,womens-tennis,2026,devalue,7
Duke,ACC,goduke.com,mens-tennis,2022,devalue,12
Duke,ACC,goduke.com,mens-tennis,2023,devalue,10
Duke,ACC,goduke.com,mens-tennis,2024,devalue,10
Duke,ACC,goduke.com,mens-tennis,2025,devalue,13
Duke,ACC,goduke.com,mens-tennis,2026,devalue,8
Duke,ACC,goduke.com,womens-tennis,2022,devalue,8
Duke,ACC,goduke.com,womens-tennis,2023,devalue,9
Duke,ACC,goduke.com,womens-tennis,2024,devalue,7
Duke,ACC,goduke.com,womens-tennis,2025,devalue,8
Duke,ACC,goduke.com,womens-tennis,2026,devalue,7
California,ACC,calbears.com,mens-tennis,2022,devalue,9
California,ACC,calbears.com,mens-tennis,2023,devalue,10
California,ACC,calbears.com,mens-tennis,2024,devalue,12
California,ACC,calbears.com,mens-tennis,2025,devalue,11
California,ACC,calbears.com,mens-tennis,2026,devalue,11
California,ACC,calbears.com,womens-tennis,2022,devalue,10
California,ACC,calbears.com,womens-tennis,2023,devalue,9
California,ACC,calbears.com,womens-tennis,2024,devalue,10
California,ACC,calbears.com,womens-tennis,2025,devalue,11
California,ACC,calbears.com,womens-tennis,2026,devalue,9
Florida State,ACC,seminoles.com,mens-tennis,2022,devalue,12
Florida State,ACC,seminoles.com,mens-tennis,2023,devalue,10
Florida State,ACC,seminoles.com,mens-tennis,2024,devalue,9
Florida State,ACC,seminoles.com,mens-tennis,2025,devalue,10
Florida State,ACC,seminoles.com,mens-tennis,2026,devalue,7
Florida State,ACC,seminoles.com,womens-tennis,2022,devalue,7
Florida State,ACC,seminoles.com,womens-tennis,2023,devalue,10
Florida State,ACC,seminoles.com,womens-tennis,2024,devalue,10
Florida State,ACC,seminoles.com,womens-tennis,2025,devalue,9
Florida State,ACC,seminoles.com,womens-tennis,2026,devalue,9
Louisville,ACC,gocards.com,mens-tennis,2022,devalue,9
Louisville,ACC,gocards.com,mens-tennis,2023,devalue,9
Louisville,ACC,gocards.com,mens-tennis,2024,devalue,11
Louisville,ACC,gocards.com,mens-tennis,2025,devalue,11
Louisville,ACC,gocards.com,mens-tennis,2026,devalue,9
Louisville,ACC,gocards.com,womens-tennis,2022,devalue,10
Louisville,ACC,gocards.com,womens-tennis,2023,devalue,10
Louisville,ACC,gocards.com,womens-tennis,2024,devalue,8
Louisville,ACC,gocards.com,womens-tennis,2025,devalue,8
Louisville,ACC,gocards.com,womens-tennis,2026,devalue,9
North Carolina,ACC,goheels.com,mens-tennis,2022,devalue,10
North Carolina,ACC,goheels.com,mens-tennis,2023,devalue,12
North Carolina,ACC,goheels.com,mens-tennis,2024,devalue,11
North Carolina,ACC,goheels.com,mens-tennis,2025,devalue,10
North Carolina,ACC,goheels.com,mens-tennis,2026,devalue,11
North Carolina,ACC,goheels.com,womens-tennis,2022,devalue,11
North Carolina,ACC,goheels.com,womens-tennis,2023,devalue,10
North Carolina,ACC,goheels.com,womens-tennis,2024,devalue,11
North Carolina,ACC,goheels.com,womens-tennis,2025,devalue,10
North Carolina,ACC,goheels.com,womens-tennis,2026,devalue,11
NC State,ACC,gopack.com,mens-tennis,2022,devalue,11
NC State,ACC,gopack.com,mens-tennis,2023,devalue,7
NC State,ACC,gopack.com,mens-tennis,2024,devalue,10
NC State,ACC,gopack.com,mens-tennis,2025,devalue,9
NC State,ACC,gopack.com,mens-tennis,2026,devalue,8
NC State,ACC,gopack.com,womens-tennis,2022,devalue,8
NC State,ACC,gopack.com,womens-tennis,2023,devalue,9
NC State,ACC,gopack.com,womens-tennis,2024,devalue,8
NC State,ACC,gopack.com,womens-tennis,2025,devalue,8
NC State,ACC,gopack.com,womens-tennis,2026,devalue,9
Georgia Tech,ACC,ramblinwreck.com,mens-tennis,2022,devalue,8
Georgia Tech,ACC,ramblinwreck.com,mens-tennis,2023,devalue,8
Georgia Tech,ACC,ramblinwreck.com,mens-tennis,2024,devalue,8
Georgia Tech,ACC,ramblinwreck.com,mens-tennis,2025,devalue,8
Georgia Tech,ACC,ramblinwreck.com,mens-tennis,2026,devalue,8
Georgia Tech,ACC,ramblinwreck.com,womens-tennis,2022,devalue,8
Georgia Tech,ACC,ramblinwreck.com,womens-tennis,2023,devalue,8
Georgia Tech,ACC,ramblinwreck.com,womens-tennis,2024,devalue,8
Georgia Tech,ACC,ramblinwreck.com,womens-tennis,2025,devalue,8
Georgia Tech,ACC,ramblinwreck.com,womens-tennis,2026,devalue,8
Notre Dame,ACC,fightingirish.com,mens-tennis,2022,devalue,10
Notre Dame,ACC,fightingirish.com,mens-tennis,2023,devalue,10
Notre Dame,ACC,fightingirish.com,mens-tennis,2024,devalue,10
Notre Dame,ACC,fightingirish.com,mens-tennis,2025,devalue,10
Notre Dame,ACC,fightingirish.com,mens-tennis,2026,devalue,10
Notre Dame,ACC,fightingirish.com,womens-tennis,2022,devalue,10
Notre Dame,ACC,fightingirish.com,womens-tennis,2023,devalue,10
Notre Dame,ACC,fightingirish.com,womens-tennis,2024,devalue,10
Notre Dame,ACC,fightingirish.com,womens-tennis,2025,devalue,10
Notre Dame,ACC,fightingirish.com,womens-tennis,2026,devalue,10
SMU,ACC,smumustangs.com,mens-tennis,2022,legacy-html,17
SMU,ACC,smumustangs.com,mens-tennis,2023,legacy-html,15
SMU,ACC,smumustangs.com,mens-tennis,2024,legacy-html,18
SMU,ACC,smumustangs.com,mens-tennis,2025,legacy-html,14
SMU,ACC,smumustangs.com,mens-tennis,2026,legacy-html,11
SMU,ACC,smumustangs.com,womens-tennis,2022,legacy-html,12
SMU,ACC,smumustangs.com,womens-tennis,2023,legacy-html,9
SMU,ACC,smumustangs.com,womens-tennis,2024,legacy-html,8
SMU,ACC,smumustangs.com,womens-tennis,2025,legacy-html,8
SMU,ACC,smumustangs.com,womens-tennis,2026,legacy-html,9
Stanford,ACC,gostanford.com,mens-tennis,2022,devalue,12
Stanford,ACC,gostanford.com,mens-tennis,2023,devalue,10
Stanford,ACC,gostanford.com,mens-tennis,2024,devalue,12
Stanford,ACC,gostanford.com,mens-tennis,2025,devalue,10
Stanford,ACC,gostanford.com,mens-tennis,2026,devalue,10
Stanford,ACC,gostanford.com,womens-tennis,2022,devalue,10
Stanford,ACC,gostanford.com,womens-tennis,2023,devalue,9
Stanford,ACC,gostanford.com,womens-tennis,2024,devalue,11
Stanford,ACC,gostanford.com,womens-tennis,2025,devalue,9
Stanford,ACC,gostanford.com,womens-tennis,2026,devalue,9
Virginia Tech,ACC,hokiesports.com,mens-tennis,2022,devalue,12
Virginia Tech,ACC,hokiesports.com,mens-tennis,2023,devalue,12
Virginia Tech,ACC,hokiesports.com,mens-tennis,2024,devalue,14
Virginia Tech,ACC,hokiesports.com,mens-tennis,2025,devalue,10
Virginia Tech,ACC,hokiesports.com,mens-tennis,2026,devalue,10
Virginia Tech,ACC,hokiesports.com,womens-tennis,2022,devalue,15
Virginia Tech,ACC,hokiesports.com,womens-tennis,2023,devalue,14
Virginia Tech,ACC,hokiesports.com,womens-tennis,2024,devalue,12
Virginia Tech,ACC,hokiesports.com,womens-tennis,2025,devalue,9
Virginia Tech,ACC,hokiesports.com,womens-tennis,2026,devalue,9
Wake Forest,ACC,godeacs.com,mens-tennis,2022,devalue,16
Wake Forest,ACC,godeacs.com,mens-tennis,2023,devalue,13
Wake Forest,ACC,godeacs.com,mens-tennis,2024,devalue,16
Wake Forest,ACC,godeacs.com,mens-tennis,2025,devalue,19
Wake Forest,ACC,godeacs.com,mens-tennis,2026,devalue,9
Wake Forest,ACC,godeacs.com,womens-tennis,2022,devalue,10
Wake Forest,ACC,godeacs.com,womens-tennis,2023,devalue,9
Wake Forest,ACC,godeacs.com,womens-tennis,2024,devalue,10
Wake Forest,ACC,godeacs.com,womens-tennis,2025,devalue,9
Wake Forest,ACC,godeacs.com,womens-tennis,2026,devalue,9
Pittsburgh,ACC,pittsburghpanthers.com,mens-tennis,2022,none,0
Pittsburgh,ACC,pittsburghpanthers.com,mens-tennis,2023,none,0
Pittsburgh,ACC,pittsburghpanthers.com,mens-tennis,2024,none,0
Pittsburgh,ACC,pittsburghpanthers.com,mens-tennis,2025,none,0
Pittsburgh,ACC,pittsburghpanthers.com,mens-tennis,2026,none,0
Pittsburgh,ACC,pittsburghpanthers.com,womens-tennis,2022,devalue,7
Pittsburgh,ACC,pittsburghpanthers.com,womens-tennis,2023,devalue,7
Pittsburgh,ACC,pittsburghpanthers.com,womens-tennis,2024,devalue,7
Pittsburgh,ACC,pittsburghpanthers.com,womens-tennis,2025,devalue,7
Pittsburgh,ACC,pittsburghpanthers.com,womens-tennis,2026,devalue,7
Virginia,ACC,virginiasports.com,mens-tennis,2022,devalue,10
Virginia,ACC,virginiasports.com,mens-tennis,2023,devalue,10
Virginia,ACC,virginiasports.com,mens-tennis,2024,devalue,10
Virginia,ACC,virginiasports.com,mens-tennis,2025,devalue,10
Virginia,ACC,virginiasports.com,mens-tennis,2026,devalue,10
Virginia,ACC,virginiasports.com,womens-tennis,2022,devalue,9
Virginia,ACC,virginiasports.com,womens-tennis,2023,devalue,9
Virginia,ACC,virginiasports.com,womens-tennis,2024,devalue,9
Virginia,ACC,virginiasports.com,womens-tennis,2025,devalue,9
Virginia,ACC,virginiasports.com,womens-tennis,2026,devalue,9
Illinois,Big Ten,fightingillini.com,mens-tennis,2022,devalue,11
Illinois,Big Ten,fightingillini.com,mens-tennis,2023,devalue,11
Illinois,Big Ten,fightingillini.com,mens-tennis,2024,devalue,12
Illinois,Big Ten,fightingillini.com,mens-tennis,2025,devalue,9
Illinois,Big Ten,fightingillini.com,mens-tennis,2026,devalue,8
Illinois,Big Ten,fightingillini.com,womens-tennis,2022,devalue,8
Illinois,Big Ten,fightingillini.com,womens-tennis,2023,devalue,8
Illinois,Big Ten,fightingillini.com,womens-tennis,2024,devalue,9
Illinois,Big Ten,fightingillini.com,womens-tennis,2025,devalue,8
Illinois,Big Ten,fightingillini.com,womens-tennis,2026,devalue,10
Syracuse,ACC,cuse.com,mens-tennis,2022,none,0
Syracuse,ACC,cuse.com,mens-tennis,2023,none,0
Syracuse,ACC,cuse.com,mens-tennis,2024,none,0
Syracuse,ACC,cuse.com,mens-tennis,2025,none,0
Syracuse,ACC,cuse.com,mens-tennis,2026,none,0
Syracuse,ACC,cuse.com,womens-tennis,2022,devalue,8
Syracuse,ACC,cuse.com,womens-tennis,2023,devalue,6
Syracuse,ACC,cuse.com,womens-tennis,2024,devalue,8
Syracuse,ACC,cuse.com,womens-tennis,2025,devalue,8
Syracuse,ACC,cuse.com,womens-tennis,2026,devalue,10
Indiana,Big Ten,iuhoosiers.com,mens-tennis,2022,devalue,9
Indiana,Big Ten,iuhoosiers.com,mens-tennis,2023,devalue,13
Indiana,Big Ten,iuhoosiers.com,mens-tennis,2024,devalue,10
Indiana,Big Ten,iuhoosiers.com,mens-tennis,2025,devalue,12
Indiana,Big Ten,iuhoosiers.com,mens-tennis,2026,devalue,10
Indiana,Big Ten,iuhoosiers.com,womens-tennis,2022,devalue,7
Indiana,Big Ten,iuhoosiers.com,womens-tennis,2023,devalue,7
Indiana,Big Ten,iuhoosiers.com,womens-tennis,2024,devalue,9
Indiana,Big Ten,iuhoosiers.com,womens-tennis,2025,devalue,9
Indiana,Big Ten,iuhoosiers.com,womens-tennis,2026,devalue,10
Miami,ACC,miamihurricanes.com,mens-tennis,2022,none,0
Miami,ACC,miamihurricanes.com,mens-tennis,2023,none,0
Miami,ACC,miamihurricanes.com,mens-tennis,2024,none,0
Miami,ACC,miamihurricanes.com,mens-tennis,2025,none,0
Miami,ACC,miamihurricanes.com,mens-tennis,2026,none,0
Miami,ACC,miamihurricanes.com,womens-tennis,2022,none,0
Miami,ACC,miamihurricanes.com,womens-tennis,2023,none,0
Miami,ACC,miamihurricanes.com,womens-tennis,2024,none,0
Miami,ACC,miamihurricanes.com,womens-tennis,2025,none,0
Miami,ACC,miamihurricanes.com,womens-tennis,2026,none,0
Michigan State,Big Ten,msuspartans.com,mens-tennis,2022,devalue,12
Michigan State,Big Ten,msuspartans.com,mens-tennis,2023,devalue,10
Michigan State,Big Ten,msuspartans.com,mens-tennis,2024,devalue,11
Michigan State,Big Ten,msuspartans.com,mens-tennis,2025,devalue,10
Michigan State,Big Ten,msuspartans.com,mens-tennis,2026,devalue,4
Michigan State,Big Ten,msuspartans.com,womens-tennis,2022,devalue,10
Michigan State,Big Ten,msuspartans.com,womens-tennis,2023,devalue,13
Michigan State,Big Ten,msuspartans.com,womens-tennis,2024,devalue,10
Michigan State,Big Ten,msuspartans.com,womens-tennis,2025,devalue,10
Michigan State,Big Ten,msuspartans.com,womens-tennis,2026,devalue,9
Michigan,Big Ten,mgoblue.com,mens-tennis,2022,devalue,12
Michigan,Big Ten,mgoblue.com,mens-tennis,2023,devalue,11
Michigan,Big Ten,mgoblue.com,mens-tennis,2024,devalue,9
Michigan,Big Ten,mgoblue.com,mens-tennis,2025,devalue,10
Michigan,Big Ten,mgoblue.com,mens-tennis,2026,devalue,10
Michigan,Big Ten,mgoblue.com,womens-tennis,2022,devalue,9
Michigan,Big Ten,mgoblue.com,womens-tennis,2023,devalue,9
Michigan,Big Ten,mgoblue.com,womens-tennis,2024,devalue,9
Michigan,Big Ten,mgoblue.com,womens-tennis,2025,devalue,8
Michigan,Big Ten,mgoblue.com,womens-tennis,2026,devalue,10
Iowa,Big Ten,hawkeyesports.com,mens-tennis,2022,none,0
Iowa,Big Ten,hawkeyesports.com,mens-tennis,2023,none,0
Iowa,Big Ten,hawkeyesports.com,mens-tennis,2024,none,0
Iowa,Big Ten,hawkeyesports.com,mens-tennis,2025,none,0
Iowa,Big Ten,hawkeyesports.com,mens-tennis,2026,none,0
Iowa,Big Ten,hawkeyesports.com,womens-tennis,2022,devalue,9
Iowa,Big Ten,hawkeyesports.com,womens-tennis,2023,devalue,9
Iowa,Big Ten,hawkeyesports.com,womens-tennis,2024,devalue,9
Iowa,Big Ten,hawkeyesports.com,womens-tennis,2025,devalue,9
Iowa,Big Ten,hawkeyesports.com,womens-tennis,2026,devalue,9
Nebraska,Big Ten,huskers.com,mens-tennis,2022,devalue,10
Nebraska,Big Ten,huskers.com,mens-tennis,2023,devalue,10
Nebraska,Big Ten,huskers.com,mens-tennis,2024,devalue,10
Nebraska,Big Ten,huskers.com,mens-tennis,2025,devalue,10
Nebraska,Big Ten,huskers.com,mens-tennis,2026,devalue,10
Nebraska,Big Ten,huskers.com,womens-tennis,2022,devalue,9
Nebraska,Big Ten,huskers.com,womens-tennis,2023,devalue,9
Nebraska,Big Ten,huskers.com,womens-tennis,2024,devalue,9
Nebraska,Big Ten,huskers.com,womens-tennis,2025,devalue,9
Nebraska,Big Ten,huskers.com,womens-tennis,2026,devalue,9
Northwestern,Big Ten,nusports.com,mens-tennis,2022,devalue,11
Northwestern,Big Ten,nusports.com,mens-tennis,2023,devalue,12
Northwestern,Big Ten,nusports.com,mens-tennis,2024,devalue,10
Northwestern,Big Ten,nusports.com,mens-tennis,2025,devalue,10
Northwestern,Big Ten,nusports.com,mens-tennis,2026,devalue,12
Northwestern,Big Ten,nusports.com,womens-tennis,2022,devalue,11
Northwestern,Big Ten,nusports.com,womens-tennis,2023,devalue,8
Northwestern,Big Ten,nusports.com,womens-tennis,2024,devalue,10
Northwestern,Big Ten,nusports.com,womens-tennis,2025,devalue,10
Northwestern,Big Ten,nusports.com,womens-tennis,2026,devalue,8
Maryland,Big Ten,umterps.com,mens-tennis,2022,none,0
Maryland,Big Ten,umterps.com,mens-tennis,2023,none,0
Maryland,Big Ten,umterps.com,mens-tennis,2024,none,0
Maryland,Big Ten,umterps.com,mens-tennis,2025,none,0
Maryland,Big Ten,umterps.com,mens-tennis,2026,none,0
Maryland,Big Ten,umterps.com,womens-tennis,2022,devalue,9
Maryland,Big Ten,umterps.com,womens-tennis,2023,devalue,8
Maryland,Big Ten,umterps.com,womens-tennis,2024,devalue,10
Maryland,Big Ten,umterps.com,womens-tennis,2025,devalue,8
Maryland,Big Ten,umterps.com,womens-tennis,2026,devalue,10
Ohio State,Big Ten,ohiostatebuckeyes.com,mens-tennis,2022,devalue,10
Ohio State,Big Ten,ohiostatebuckeyes.com,mens-tennis,2023,devalue,10
Ohio State,Big Ten,ohiostatebuckeyes.com,mens-tennis,2024,devalue,13
Ohio State,Big Ten,ohiostatebuckeyes.com,mens-tennis,2025,devalue,13
Ohio State,Big Ten,ohiostatebuckeyes.com,mens-tennis,2026,devalue,11
Ohio State,Big Ten,ohiostatebuckeyes.com,womens-tennis,2022,devalue,11
Ohio State,Big Ten,ohiostatebuckeyes.com,womens-tennis,2023,devalue,12
Ohio State,Big Ten,ohiostatebuckeyes.com,womens-tennis,2024,devalue,11
Ohio State,Big Ten,ohiostatebuckeyes.com,womens-tennis,2025,devalue,10
Ohio State,Big Ten,ohiostatebuckeyes.com,womens-tennis,2026,devalue,10
Penn State,Big Ten,gopsusports.com,mens-tennis,2022,devalue,13
Penn State,Big Ten,gopsusports.com,mens-tennis,2023,devalue,11
Penn State,Big Ten,gopsusports.com,mens-tennis,2024,devalue,13
Penn State,Big Ten,gopsusports.com,mens-tennis,2025,devalue,9
Penn State,Big Ten,gopsusports.com,mens-tennis,2026,devalue,9
Penn State,Big Ten,gopsusports.com,womens-tennis,2022,devalue,11
Penn State,Big Ten,gopsusports.com,womens-tennis,2023,devalue,10
Penn State,Big Ten,gopsusports.com,womens-tennis,2024,devalue,10
Penn State,Big Ten,gopsusports.com,womens-tennis,2025,devalue,10
Penn State,Big Ten,gopsusports.com,womens-tennis,2026,devalue,10
Purdue,Big Ten,purduesports.com,mens-tennis,2022,devalue,10
Purdue,Big Ten,purduesports.com,mens-tennis,2023,devalue,7
Purdue,Big Ten,purduesports.com,mens-tennis,2024,devalue,8
Purdue,Big Ten,purduesports.com,mens-tennis,2025,devalue,8
Purdue,Big Ten,purduesports.com,mens-tennis,2026,devalue,9
Purdue,Big Ten,purduesports.com,womens-tennis,2022,devalue,7
Purdue,Big Ten,purduesports.com,womens-tennis,2023,devalue,8
Purdue,Big Ten,purduesports.com,womens-tennis,2024,devalue,6
Purdue,Big Ten,purduesports.com,womens-tennis,2025,devalue,11
Purdue,Big Ten,purduesports.com,womens-tennis,2026,devalue,9
Minnesota,Big Ten,gophersports.com,mens-tennis,2022,none,0
Minnesota,Big Ten,gophersports.com,mens-tennis,2023,none,0
Minnesota,Big Ten,gophersports.com,mens-tennis,2024,none,0
Minnesota,Big Ten,gophersports.com,mens-tennis,2025,none,0
Minnesota,Big Ten,gophersports.com,mens-tennis,2026,none,0
Minnesota,Big Ten,gophersports.com,womens-tennis,2022,devalue,9
Minnesota,Big Ten,gophersports.com,womens-tennis,2023,devalue,6
Minnesota,Big Ten,gophersports.com,womens-tennis,2024,devalue,8
Minnesota,Big Ten,gophersports.com,womens-tennis,2025,devalue,10
Minnesota,Big Ten,gophersports.com,womens-tennis,2026,devalue,9
UCLA,Big Ten,uclabruins.com,mens-tennis,2022,devalue,14
UCLA,Big Ten,uclabruins.com,mens-tennis,2023,devalue,10
UCLA,Big Ten,uclabruins.com,mens-tennis,2024,devalue,12
UCLA,Big Ten,uclabruins.com,mens-tennis,2025,devalue,11
UCLA,Big Ten,uclabruins.com,mens-tennis,2026,devalue,11
UCLA,Big Ten,uclabruins.com,womens-tennis,2022,devalue,9
UCLA,Big Ten,uclabruins.com,womens-tennis,2023,devalue,8
UCLA,Big Ten,uclabruins.com,womens-tennis,2024,devalue,9
UCLA,Big Ten,uclabruins.com,womens-tennis,2025,devalue,8
UCLA,Big Ten,uclabruins.com,womens-tennis,2026,devalue,9
USC,Big Ten,usctrojans.com,mens-tennis,2022,devalue,11
USC,Big Ten,usctrojans.com,mens-tennis,2023,devalue,9
USC,Big Ten,usctrojans.com,mens-tennis,2024,devalue,8
USC,Big Ten,usctrojans.com,mens-tennis,2025,devalue,9
USC,Big Ten,usctrojans.com,mens-tennis,2026,devalue,10
USC,Big Ten,usctrojans.com,womens-tennis,2022,devalue,11
USC,Big Ten,usctrojans.com,womens-tennis,2023,devalue,11
USC,Big Ten,usctrojans.com,womens-tennis,2024,devalue,10
USC,Big Ten,usctrojans.com,womens-tennis,2025,devalue,10
USC,Big Ten,usctrojans.com,womens-tennis,2026,devalue,8
Washington,Big Ten,gohuskies.com,mens-tennis,2022,devalue,14
Washington,Big Ten,gohuskies.com,mens-tennis,2023,devalue,7
Washington,Big Ten,gohuskies.com,mens-tennis,2024,devalue,8
Washington,Big Ten,gohuskies.com,mens-tennis,2025,devalue,9
Washington,Big Ten,gohuskies.com,mens-tennis,2026,devalue,8
Washington,Big Ten,gohuskies.com,womens-tennis,2022,devalue,11
Washington,Big Ten,gohuskies.com,womens-tennis,2023,devalue,9
Washington,Big Ten,gohuskies.com,womens-tennis,2024,devalue,9
Washington,Big Ten,gohuskies.com,womens-tennis,2025,devalue,8
Washington,Big Ten,gohuskies.com,womens-tennis,2026,devalue,10
Wisconsin,Big Ten,uwbadgers.com,mens-tennis,2022,devalue,9
Wisconsin,Big Ten,uwbadgers.com,mens-tennis,2023,devalue,8
Wisconsin,Big Ten,uwbadgers.com,mens-tennis,2024,devalue,8
Wisconsin,Big Ten,uwbadgers.com,mens-tennis,2025,devalue,9
Wisconsin,Big Ten,uwbadgers.com,mens-tennis,2026,devalue,9
Wisconsin,Big Ten,uwbadgers.com,womens-tennis,2022,devalue,10
Wisconsin,Big Ten,uwbadgers.com,womens-tennis,2023,devalue,8
Wisconsin,Big Ten,uwbadgers.com,womens-tennis,2024,devalue,9
Wisconsin,Big Ten,uwbadgers.com,womens-tennis,2025,devalue,9
Wisconsin,Big Ten,uwbadgers.com,womens-tennis,2026,devalue,9
Oregon,Big Ten,goducks.com,mens-tennis,2022,devalue,9
Oregon,Big Ten,goducks.com,mens-tennis,2023,devalue,9
Oregon,Big Ten,goducks.com,mens-tennis,2024,devalue,11
Oregon,Big Ten,goducks.com,mens-tennis,2025,devalue,10
Oregon,Big Ten,goducks.com,mens-tennis,2026,devalue,10
Oregon,Big Ten,goducks.com,womens-tennis,2022,devalue,10
Oregon,Big Ten,goducks.com,womens-tennis,2023,devalue,9
Oregon,Big Ten,goducks.com,womens-tennis,2024,devalue,8
Oregon,Big Ten,goducks.com,womens-tennis,2025,devalue,10
Oregon,Big Ten,goducks.com,womens-tennis,2026,devalue,9
Alabama,SEC,rolltide.com,mens-tennis,2022,devalue,8
Alabama,SEC,rolltide.com,mens-tennis,2023,devalue,8
Alabama,SEC,rolltide.com,mens-tennis,2024,devalue,8
Alabama,SEC,rolltide.com,mens-tennis,2025,devalue,10
Alabama,SEC,rolltide.com,mens-tennis,2026,devalue,10
Alabama,SEC,rolltide.com,womens-tennis,2022,devalue,8
Alabama,SEC,rolltide.com,womens-tennis,2023,devalue,10
Alabama,SEC,rolltide.com,womens-tennis,2024,devalue,10
Alabama,SEC,rolltide.com,womens-tennis,2025,devalue,9
Alabama,SEC,rolltide.com,womens-tennis,2026,devalue,7
Rutgers,Big Ten,scarletknights.com,mens-tennis,2022,none,0
Rutgers,Big Ten,scarletknights.com,mens-tennis,2023,none,0
Rutgers,Big Ten,scarletknights.com,mens-tennis,2024,none,0
Rutgers,Big Ten,scarletknights.com,mens-tennis,2025,none,0
Rutgers,Big Ten,scarletknights.com,mens-tennis,2026,none,0
Rutgers,Big Ten,scarletknights.com,womens-tennis,2022,devalue,8
Rutgers,Big Ten,scarletknights.com,womens-tennis,2023,devalue,8
Rutgers,Big Ten,scarletknights.com,womens-tennis,2024,devalue,10
Rutgers,Big Ten,scarletknights.com,womens-tennis,2025,devalue,8
Rutgers,Big Ten,scarletknights.com,womens-tennis,2026,devalue,10
Auburn,SEC,auburntigers.com,mens-tennis,2022,devalue,10
Auburn,SEC,auburntigers.com,mens-tennis,2023,devalue,9
Auburn,SEC,auburntigers.com,mens-tennis,2024,devalue,8
Auburn,SEC,auburntigers.com,mens-tennis,2025,devalue,9
Auburn,SEC,auburntigers.com,mens-tennis,2026,devalue,9
Auburn,SEC,auburntigers.com,womens-tennis,2022,devalue,8
Auburn,SEC,auburntigers.com,womens-tennis,2023,devalue,9
Auburn,SEC,auburntigers.com,womens-tennis,2024,devalue,9
Auburn,SEC,auburntigers.com,womens-tennis,2025,devalue,11
Auburn,SEC,auburntigers.com,womens-tennis,2026,devalue,11
Florida,SEC,floridagators.com,mens-tennis,2022,devalue,10
Florida,SEC,floridagators.com,mens-tennis,2023,devalue,9
Florida,SEC,floridagators.com,mens-tennis,2024,devalue,9
Florida,SEC,floridagators.com,mens-tennis,2025,devalue,11
Florida,SEC,floridagators.com,mens-tennis,2026,devalue,9
Florida,SEC,floridagators.com,womens-tennis,2022,devalue,9
Florida,SEC,floridagators.com,womens-tennis,2023,devalue,8
Florida,SEC,floridagators.com,womens-tennis,2024,devalue,9
Florida,SEC,floridagators.com,womens-tennis,2025,devalue,8
Florida,SEC,floridagators.com,womens-tennis,2026,devalue,8
Georgia,SEC,georgiadogs.com,mens-tennis,2022,devalue,11
Georgia,SEC,georgiadogs.com,mens-tennis,2023,devalue,9
Georgia,SEC,georgiadogs.com,mens-tennis,2024,devalue,10
Georgia,SEC,georgiadogs.com,mens-tennis,2025,devalue,14
Georgia,SEC,georgiadogs.com,mens-tennis,2026,devalue,10
Georgia,SEC,georgiadogs.com,womens-tennis,2022,devalue,9
Georgia,SEC,georgiadogs.com,womens-tennis,2023,devalue,10
Georgia,SEC,georgiadogs.com,womens-tennis,2024,devalue,10
Georgia,SEC,georgiadogs.com,womens-tennis,2025,devalue,12
Georgia,SEC,georgiadogs.com,womens-tennis,2026,devalue,11
Mississippi State,SEC,hailstate.com,mens-tennis,2022,devalue,8
Mississippi State,SEC,hailstate.com,mens-tennis,2023,devalue,9
Mississippi State,SEC,hailstate.com,mens-tennis,2024,devalue,9
Mississippi State,SEC,hailstate.com,mens-tennis,2025,devalue,10
Mississippi State,SEC,hailstate.com,mens-tennis,2026,devalue,9
Mississippi State,SEC,hailstate.com,womens-tennis,2022,devalue,8
Mississippi State,SEC,hailstate.com,womens-tennis,2023,devalue,11
Mississippi State,SEC,hailstate.com,womens-tennis,2024,devalue,8
Mississippi State,SEC,hailstate.com,womens-tennis,2025,devalue,9
Mississippi State,SEC,hailstate.com,womens-tennis,2026,devalue,9
Ole Miss,SEC,olemisssports.com,mens-tennis,2022,devalue,8
Ole Miss,SEC,olemisssports.com,mens-tennis,2023,devalue,8
Ole Miss,SEC,olemisssports.com,mens-tennis,2024,devalue,9
Ole Miss,SEC,olemisssports.com,mens-tennis,2025,devalue,8
Ole Miss,SEC,olemisssports.com,mens-tennis,2026,devalue,9
Ole Miss,SEC,olemisssports.com,womens-tennis,2022,devalue,9
Ole Miss,SEC,olemisssports.com,womens-tennis,2023,devalue,8
Ole Miss,SEC,olemisssports.com,womens-tennis,2024,devalue,10
Ole Miss,SEC,olemisssports.com,womens-tennis,2025,devalue,9
Ole Miss,SEC,olemisssports.com,womens-tennis,2026,devalue,8
Missouri,SEC,mutigers.com,mens-tennis,2022,none,0
Missouri,SEC,mutigers.com,mens-tennis,2023,none,0
Missouri,SEC,mutigers.com,mens-tennis,2024,none,0
Missouri,SEC,mutigers.com,mens-tennis,2025,none,0
Missouri,SEC,mutigers.com,mens-tennis,2026,none,0
Missouri,SEC,mutigers.com,womens-tennis,2022,devalue,10
Missouri,SEC,mutigers.com,womens-tennis,2023,devalue,9
Missouri,SEC,mutigers.com,womens-tennis,2024,devalue,7
Missouri,SEC,mutigers.com,womens-tennis,2025,devalue,9
Missouri,SEC,mutigers.com,womens-tennis,2026,devalue,9
Oklahoma,SEC,soonersports.com,mens-tennis,2022,devalue,9
Oklahoma,SEC,soonersports.com,mens-tennis,2023,devalue,9
Oklahoma,SEC,soonersports.com,mens-tennis,2024,devalue,10
Oklahoma,SEC,soonersports.com,mens-tennis,2025,devalue,10
Oklahoma,SEC,soonersports.com,mens-tennis,2026,devalue,6
Oklahoma,SEC,soonersports.com,womens-tennis,2022,devalue,9
Oklahoma,SEC,soonersports.com,womens-tennis,2023,devalue,9
Oklahoma,SEC,soonersports.com,womens-tennis,2024,devalue,11
Oklahoma,SEC,soonersports.com,womens-tennis,2025,devalue,11
Oklahoma,SEC,soonersports.com,womens-tennis,2026,devalue,9
Tennessee,SEC,utsports.com,mens-tennis,2022,devalue,10
Tennessee,SEC,utsports.com,mens-tennis,2023,devalue,9
Tennessee,SEC,utsports.com,mens-tennis,2024,devalue,9
Tennessee,SEC,utsports.com,mens-tennis,2025,devalue,11
Tennessee,SEC,utsports.com,mens-tennis,2026,devalue,10
Tennessee,SEC,utsports.com,womens-tennis,2022,devalue,9
Tennessee,SEC,utsports.com,womens-tennis,2023,devalue,10
Tennessee,SEC,utsports.com,womens-tennis,2024,devalue,8
Tennessee,SEC,utsports.com,womens-tennis,2025,devalue,10
Tennessee,SEC,utsports.com,womens-tennis,2026,devalue,10
LSU,SEC,lsusports.net,mens-tennis,2022,none,0
LSU,SEC,lsusports.net,mens-tennis,2023,none,0
LSU,SEC,lsusports.net,mens-tennis,2024,none,0
LSU,SEC,lsusports.net,mens-tennis,2025,none,0
LSU,SEC,lsusports.net,mens-tennis,2026,devalue,8
LSU,SEC,lsusports.net,womens-tennis,2022,none,0
LSU,SEC,lsusports.net,womens-tennis,2023,none,0
LSU,SEC,lsusports.net,womens-tennis,2024,none,0
LSU,SEC,lsusports.net,womens-tennis,2025,none,0
LSU,SEC,lsusports.net,womens-tennis,2026,devalue,12
Texas,SEC,texassports.com,mens-tennis,2022,devalue,10
Texas,SEC,texassports.com,mens-tennis,2023,devalue,10
Texas,SEC,texassports.com,mens-tennis,2024,devalue,14
Texas,SEC,texassports.com,mens-tennis,2025,devalue,9
Texas,SEC,texassports.com,mens-tennis,2026,devalue,11
Texas,SEC,texassports.com,womens-tennis,2022,devalue,11
Texas,SEC,texassports.com,womens-tennis,2023,devalue,12
Texas,SEC,texassports.com,womens-tennis,2024,devalue,11
Texas,SEC,texassports.com,womens-tennis,2025,devalue,12
Texas,SEC,texassports.com,womens-tennis,2026,devalue,11
Kentucky,SEC,ukathletics.com,mens-tennis,2022,none,0
Kentucky,SEC,ukathletics.com,mens-tennis,2023,none,0
Kentucky,SEC,ukathletics.com,mens-tennis,2024,none,0
Kentucky,SEC,ukathletics.com,mens-tennis,2025,none,0
Kentucky,SEC,ukathletics.com,mens-tennis,2026,none,0
Kentucky,SEC,ukathletics.com,womens-tennis,2022,none,0
Kentucky,SEC,ukathletics.com,womens-tennis,2023,none,0
Kentucky,SEC,ukathletics.com,womens-tennis,2024,none,0
Kentucky,SEC,ukathletics.com,womens-tennis,2025,none,0
Kentucky,SEC,ukathletics.com,womens-tennis,2026,none,0
Texas A&M,SEC,12thman.com,mens-tennis,2022,devalue,13
Texas A&M,SEC,12thman.com,mens-tennis,2023,devalue,13
Texas A&M,SEC,12thman.com,mens-tennis,2024,devalue,13
Texas A&M,SEC,12thman.com,mens-tennis,2025,devalue,16
Texas A&M,SEC,12thman.com,mens-tennis,2026,devalue,11
Texas A&M,SEC,12thman.com,womens-tennis,2022,devalue,12
Texas A&M,SEC,12thman.com,womens-tennis,2023,devalue,12
Texas A&M,SEC,12thman.com,womens-tennis,2024,devalue,13
Texas A&M,SEC,12thman.com,womens-tennis,2025,devalue,10
Texas A&M,SEC,12thman.com,womens-tennis,2026,none,0
Arkansas,SEC,arkansasrazorbacks.com,mens-tennis,2022,none,0
Arkansas,SEC,arkansasrazorbacks.com,mens-tennis,2023,none,0
Arkansas,SEC,arkansasrazorbacks.com,mens-tennis,2024,none,0
Arkansas,SEC,arkansasrazorbacks.com,mens-tennis,2025,none,0
Arkansas,SEC,arkansasrazorbacks.com,mens-tennis,2026,none,0
Arkansas,SEC,arkansasrazorbacks.com,womens-tennis,2022,none,0
Arkansas,SEC,arkansasrazorbacks.com,womens-tennis,2023,none,0
Arkansas,SEC,arkansasrazorbacks.com,womens-tennis,2024,none,0
Arkansas,SEC,arkansasrazorbacks.com,womens-tennis,2025,none,0
Arkansas,SEC,arkansasrazorbacks.com,womens-tennis,2026,none,0
Arizona State,Big 12,thesundevils.com,mens-tennis,2022,devalue,11
Arizona State,Big 12,thesundevils.com,mens-tennis,2023,devalue,7
Arizona State,Big 12,thesundevils.com,mens-tennis,2024,devalue,10
Arizona State,Big 12,thesundevils.com,mens-tennis,2025,devalue,11
Arizona State,Big 12,thesundevils.com,mens-tennis,2026,devalue,10
Arizona State,Big 12,thesundevils.com,womens-tennis,2022,devalue,8
Arizona State,Big 12,thesundevils.com,womens-tennis,2023,devalue,8
Arizona State,Big 12,thesundevils.com,womens-tennis,2024,devalue,9
Arizona State,Big 12,thesundevils.com,womens-tennis,2025,devalue,7
Arizona State,Big 12,thesundevils.com,womens-tennis,2026,devalue,8
Baylor,Big 12,baylorbears.com,mens-tennis,2022,devalue,12
Baylor,Big 12,baylorbears.com,mens-tennis,2023,devalue,11
Baylor,Big 12,baylorbears.com,mens-tennis,2024,devalue,12
Baylor,Big 12,baylorbears.com,mens-tennis,2025,devalue,12
Baylor,Big 12,baylorbears.com,mens-tennis,2026,devalue,10
Baylor,Big 12,baylorbears.com,womens-tennis,2022,devalue,10
Baylor,Big 12,baylorbears.com,womens-tennis,2023,devalue,10
Baylor,Big 12,baylorbears.com,womens-tennis,2024,devalue,11
Baylor,Big 12,baylorbears.com,womens-tennis,2025,devalue,11
Baylor,Big 12,baylorbears.com,womens-tennis,2026,devalue,9
Arizona,Big 12,arizonawildcats.com,mens-tennis,2022,devalue,11
Arizona,Big 12,arizonawildcats.com,mens-tennis,2023,devalue,12
Arizona,Big 12,arizonawildcats.com,mens-tennis,2024,devalue,10
Arizona,Big 12,arizonawildcats.com,mens-tennis,2025,devalue,13
Arizona,Big 12,arizonawildcats.com,mens-tennis,2026,devalue,10
Arizona,Big 12,arizonawildcats.com,womens-tennis,2022,devalue,10
Arizona,Big 12,arizonawildcats.com,womens-tennis,2023,devalue,10
Arizona,Big 12,arizonawildcats.com,womens-tennis,2024,devalue,10
Arizona,Big 12,arizonawildcats.com,womens-tennis,2025,devalue,11
Arizona,Big 12,arizonawildcats.com,womens-tennis,2026,devalue,9
Vanderbilt,SEC,vucommodores.com,mens-tennis,2022,devalue,10
Vanderbilt,SEC,vucommodores.com,mens-tennis,2023,devalue,10
Vanderbilt,SEC,vucommodores.com,mens-tennis,2024,devalue,10
Vanderbilt,SEC,vucommodores.com,mens-tennis,2025,devalue,10
Vanderbilt,SEC,vucommodores.com,mens-tennis,2026,devalue,10
Vanderbilt,SEC,vucommodores.com,womens-tennis,2022,devalue,9
Vanderbilt,SEC,vucommodores.com,womens-tennis,2023,devalue,9
Vanderbilt,SEC,vucommodores.com,womens-tennis,2024,devalue,9
Vanderbilt,SEC,vucommodores.com,womens-tennis,2025,devalue,9
Vanderbilt,SEC,vucommodores.com,womens-tennis,2026,devalue,9
BYU,Big 12,byucougars.com,mens-tennis,2022,devalue,11
BYU,Big 12,byucougars.com,mens-tennis,2023,devalue,11
BYU,Big 12,byucougars.com,mens-tennis,2024,devalue,11
BYU,Big 12,byucougars.com,mens-tennis,2025,devalue,11
BYU,Big 12,byucougars.com,mens-tennis,2026,devalue,11
BYU,Big 12,byucougars.com,womens-tennis,2022,devalue,9
BYU,Big 12,byucougars.com,womens-tennis,2023,devalue,9
BYU,Big 12,byucougars.com,womens-tennis,2024,devalue,9
BYU,Big 12,byucougars.com,womens-tennis,2025,devalue,9
BYU,Big 12,byucougars.com,womens-tennis,2026,devalue,9
Cincinnati,Big 12,gobearcats.com,mens-tennis,2022,none,0
Cincinnati,Big 12,gobearcats.com,mens-tennis,2023,none,0
Cincinnati,Big 12,gobearcats.com,mens-tennis,2024,none,0
Cincinnati,Big 12,gobearcats.com,mens-tennis,2025,none,0
Cincinnati,Big 12,gobearcats.com,mens-tennis,2026,none,0
Cincinnati,Big 12,gobearcats.com,womens-tennis,2022,devalue,10
Cincinnati,Big 12,gobearcats.com,womens-tennis,2023,devalue,12
Cincinnati,Big 12,gobearcats.com,womens-tennis,2024,devalue,9
Cincinnati,Big 12,gobearcats.com,womens-tennis,2025,devalue,8
Cincinnati,Big 12,gobearcats.com,womens-tennis,2026,devalue,10
Houston,Big 12,uhcougars.com,mens-tennis,2022,none,0
Houston,Big 12,uhcougars.com,mens-tennis,2023,none,0
Houston,Big 12,uhcougars.com,mens-tennis,2024,none,0
Houston,Big 12,uhcougars.com,mens-tennis,2025,none,0
Houston,Big 12,uhcougars.com,mens-tennis,2026,none,0
Houston,Big 12,uhcougars.com,womens-tennis,2022,devalue,9
Houston,Big 12,uhcougars.com,womens-tennis,2023,devalue,10
Houston,Big 12,uhcougars.com,womens-tennis,2024,devalue,8
Houston,Big 12,uhcougars.com,womens-tennis,2025,devalue,7
Houston,Big 12,uhcougars.com,womens-tennis,2026,devalue,8
Iowa State,Big 12,cyclones.com,mens-tennis,2022,none,0
Iowa State,Big 12,cyclones.com,mens-tennis,2023,none,0
Iowa State,Big 12,cyclones.com,mens-tennis,2024,none,0
Iowa State,Big 12,cyclones.com,mens-tennis,2025,none,0
Iowa State,Big 12,cyclones.com,mens-tennis,2026,none,0
Iowa State,Big 12,cyclones.com,womens-tennis,2022,devalue,7
Iowa State,Big 12,cyclones.com,womens-tennis,2023,devalue,8
Iowa State,Big 12,cyclones.com,womens-tennis,2024,devalue,6
Iowa State,Big 12,cyclones.com,womens-tennis,2025,devalue,8
Iowa State,Big 12,cyclones.com,womens-tennis,2026,devalue,10
Colorado,Big 12,cubuffs.com,mens-tennis,2022,none,0
Colorado,Big 12,cubuffs.com,mens-tennis,2023,none,0
Colorado,Big 12,cubuffs.com,mens-tennis,2024,none,0
Colorado,Big 12,cubuffs.com,mens-tennis,2025,none,0
Colorado,Big 12,cubuffs.com,mens-tennis,2026,none,0
Colorado,Big 12,cubuffs.com,womens-tennis,2022,devalue,9
Colorado,Big 12,cubuffs.com,womens-tennis,2023,devalue,8
Colorado,Big 12,cubuffs.com,womens-tennis,2024,devalue,11
Colorado,Big 12,cubuffs.com,womens-tennis,2025,devalue,9
Colorado,Big 12,cubuffs.com,womens-tennis,2026,devalue,8
South Carolina,SEC,gamecocksonline.com,mens-tennis,2022,none,0
South Carolina,SEC,gamecocksonline.com,mens-tennis,2023,none,0
South Carolina,SEC,gamecocksonline.com,mens-tennis,2024,none,0
South Carolina,SEC,gamecocksonline.com,mens-tennis,2025,none,0
South Carolina,SEC,gamecocksonline.com,mens-tennis,2026,none,0
South Carolina,SEC,gamecocksonline.com,womens-tennis,2022,none,0
South Carolina,SEC,gamecocksonline.com,womens-tennis,2023,none,0
South Carolina,SEC,gamecocksonline.com,womens-tennis,2024,none,0
South Carolina,SEC,gamecocksonline.com,womens-tennis,2025,none,0
South Carolina,SEC,gamecocksonline.com,womens-tennis,2026,none,0
Kansas,Big 12,kuathletics.com,mens-tennis,2022,none,0
Kansas,Big 12,kuathletics.com,mens-tennis,2023,none,0
Kansas,Big 12,kuathletics.com,mens-tennis,2024,none,0
Kansas,Big 12,kuathletics.com,mens-tennis,2025,none,0
Kansas,Big 12,kuathletics.com,mens-tennis,2026,none,0
Kansas,Big 12,kuathletics.com,womens-tennis,2022,devalue,9
Kansas,Big 12,kuathletics.com,womens-tennis,2023,devalue,9
Kansas,Big 12,kuathletics.com,womens-tennis,2024,devalue,9
Kansas,Big 12,kuathletics.com,womens-tennis,2025,devalue,10
Kansas,Big 12,kuathletics.com,womens-tennis,2026,devalue,9
Oklahoma State,Big 12,okstate.com,mens-tennis,2022,devalue,10
Oklahoma State,Big 12,okstate.com,mens-tennis,2023,devalue,9
Oklahoma State,Big 12,okstate.com,mens-tennis,2024,devalue,9
Oklahoma State,Big 12,okstate.com,mens-tennis,2025,devalue,11
Oklahoma State,Big 12,okstate.com,mens-tennis,2026,devalue,10
Oklahoma State,Big 12,okstate.com,womens-tennis,2022,devalue,9
Oklahoma State,Big 12,okstate.com,womens-tennis,2023,devalue,8
Oklahoma State,Big 12,okstate.com,womens-tennis,2024,devalue,9
Oklahoma State,Big 12,okstate.com,womens-tennis,2025,devalue,11
Oklahoma State,Big 12,okstate.com,womens-tennis,2026,devalue,6
TCU,Big 12,gofrogs.com,mens-tennis,2022,devalue,8
TCU,Big 12,gofrogs.com,mens-tennis,2023,devalue,9
TCU,Big 12,gofrogs.com,mens-tennis,2024,devalue,10
TCU,Big 12,gofrogs.com,mens-tennis,2025,devalue,11
TCU,Big 12,gofrogs.com,mens-tennis,2026,devalue,9
TCU,Big 12,gofrogs.com,womens-tennis,2022,devalue,9
TCU,Big 12,gofrogs.com,womens-tennis,2023,devalue,8
TCU,Big 12,gofrogs.com,womens-tennis,2024,devalue,8
TCU,Big 12,gofrogs.com,womens-tennis,2025,devalue,8
TCU,Big 12,gofrogs.com,womens-tennis,2026,devalue,12
Texas Tech,Big 12,texastech.com,mens-tennis,2022,devalue,10
Texas Tech,Big 12,texastech.com,mens-tennis,2023,devalue,10
Texas Tech,Big 12,texastech.com,mens-tennis,2024,devalue,9
Texas Tech,Big 12,texastech.com,mens-tennis,2025,devalue,9
Texas Tech,Big 12,texastech.com,mens-tennis,2026,devalue,9
Texas Tech,Big 12,texastech.com,womens-tennis,2022,devalue,8
Texas Tech,Big 12,texastech.com,womens-tennis,2023,devalue,8
Texas Tech,Big 12,texastech.com,womens-tennis,2024,devalue,9
Texas Tech,Big 12,texastech.com,womens-tennis,2025,devalue,8
Texas Tech,Big 12,texastech.com,womens-tennis,2026,devalue,9
UCF,Big 12,ucfknights.com,mens-tennis,2022,devalue,8
UCF,Big 12,ucfknights.com,mens-tennis,2023,devalue,8
UCF,Big 12,ucfknights.com,mens-tennis,2024,devalue,8
UCF,Big 12,ucfknights.com,mens-tennis,2025,devalue,8
UCF,Big 12,ucfknights.com,mens-tennis,2026,devalue,8
UCF,Big 12,ucfknights.com,womens-tennis,2022,devalue,10
UCF,Big 12,ucfknights.com,womens-tennis,2023,devalue,10
UCF,Big 12,ucfknights.com,womens-tennis,2024,devalue,10
UCF,Big 12,ucfknights.com,womens-tennis,2025,devalue,10
UCF,Big 12,ucfknights.com,womens-tennis,2026,devalue,10
Kansas State,Big 12,kstatesports.com,mens-tennis,2022,none,0
Kansas State,Big 12,kstatesports.com,mens-tennis,2023,none,0
Kansas State,Big 12,kstatesports.com,mens-tennis,2024,none,0
Kansas State,Big 12,kstatesports.com,mens-tennis,2025,none,0
Kansas State,Big 12,kstatesports.com,mens-tennis,2026,none,0
Kansas State,Big 12,kstatesports.com,womens-tennis,2022,devalue,8
Kansas State,Big 12,kstatesports.com,womens-tennis,2023,devalue,7
Kansas State,Big 12,kstatesports.com,womens-tennis,2024,devalue,9
Kansas State,Big 12,kstatesports.com,womens-tennis,2025,devalue,8
Kansas State,Big 12,kstatesports.com,womens-tennis,2026,devalue,10
Utah,Big 12,utahutes.com,mens-tennis,2022,devalue,11
Utah,Big 12,utahutes.com,mens-tennis,2023,devalue,14
Utah,Big 12,utahutes.com,mens-tennis,2024,devalue,8
Utah,Big 12,utahutes.com,mens-tennis,2025,devalue,10
Utah,Big 12,utahutes.com,mens-tennis,2026,devalue,9
Utah,Big 12,utahutes.com,womens-tennis,2022,devalue,9
Utah,Big 12,utahutes.com,womens-tennis,2023,devalue,8
Utah,Big 12,utahutes.com,womens-tennis,2024,devalue,9
Utah,Big 12,utahutes.com,womens-tennis,2025,devalue,7
Utah,Big 12,utahutes.com,womens-tennis,2026,devalue,10
Brown,Ivy League,brownbears.com,mens-tennis,2022,devalue,11
Brown,Ivy League,brownbears.com,mens-tennis,2023,devalue,14
Brown,Ivy League,brownbears.com,mens-tennis,2024,devalue,12
Brown,Ivy League,brownbears.com,mens-tennis,2025,devalue,11
Brown,Ivy League,brownbears.com,mens-tennis,2026,devalue,12
Brown,Ivy League,brownbears.com,womens-tennis,2022,devalue,13
Brown,Ivy League,brownbears.com,womens-tennis,2023,devalue,10
Brown,Ivy League,brownbears.com,womens-tennis,2024,devalue,11
Brown,Ivy League,brownbears.com,womens-tennis,2025,devalue,10
Brown,Ivy League,brownbears.com,womens-tennis,2026,devalue,13
Cornell,Ivy League,cornellbigred.com,mens-tennis,2022,legacy-html,16
Cornell,Ivy League,cornellbigred.com,mens-tennis,2023,legacy-html,13
Cornell,Ivy League,cornellbigred.com,mens-tennis,2024,legacy-html,14
Cornell,Ivy League,cornellbigred.com,mens-tennis,2025,legacy-html,12
Cornell,Ivy League,cornellbigred.com,mens-tennis,2026,legacy-html,8
Cornell,Ivy League,cornellbigred.com,womens-tennis,2022,legacy-html,12
Cornell,Ivy League,cornellbigred.com,womens-tennis,2023,legacy-html,10
Cornell,Ivy League,cornellbigred.com,womens-tennis,2024,legacy-html,10
Cornell,Ivy League,cornellbigred.com,womens-tennis,2025,legacy-html,11
Cornell,Ivy League,cornellbigred.com,womens-tennis,2026,legacy-html,6
Columbia,Ivy League,gocolumbialions.com,mens-tennis,2022,devalue,13
Columbia,Ivy League,gocolumbialions.com,mens-tennis,2023,devalue,12
Columbia,Ivy League,gocolumbialions.com,mens-tennis,2024,devalue,12
Columbia,Ivy League,gocolumbialions.com,mens-tennis,2025,devalue,12
Columbia,Ivy League,gocolumbialions.com,mens-tennis,2026,devalue,9
Columbia,Ivy League,gocolumbialions.com,womens-tennis,2022,devalue,17
Columbia,Ivy League,gocolumbialions.com,womens-tennis,2023,devalue,14
Columbia,Ivy League,gocolumbialions.com,womens-tennis,2024,devalue,14
Columbia,Ivy League,gocolumbialions.com,womens-tennis,2025,devalue,11
Columbia,Ivy League,gocolumbialions.com,womens-tennis,2026,devalue,8
Washington State,Pac-12,wsucougars.com,mens-tennis,2022,none,0
Washington State,Pac-12,wsucougars.com,mens-tennis,2023,none,0
Washington State,Pac-12,wsucougars.com,mens-tennis,2024,none,0
Washington State,Pac-12,wsucougars.com,mens-tennis,2025,none,0
Washington State,Pac-12,wsucougars.com,mens-tennis,2026,none,0
Washington State,Pac-12,wsucougars.com,womens-tennis,2022,devalue,8
Washington State,Pac-12,wsucougars.com,womens-tennis,2023,devalue,9
Washington State,Pac-12,wsucougars.com,womens-tennis,2024,devalue,8
Washington State,Pac-12,wsucougars.com,womens-tennis,2025,devalue,9
Washington State,Pac-12,wsucougars.com,womens-tennis,2026,devalue,8
Harvard,Ivy League,gocrimson.com,mens-tennis,2022,legacy-html,13
Harvard,Ivy League,gocrimson.com,mens-tennis,2023,legacy-html,13
Harvard,Ivy League,gocrimson.com,mens-tennis,2024,legacy-html,14
Harvard,Ivy League,gocrimson.com,mens-tennis,2025,legacy-html,13
Harvard,Ivy League,gocrimson.com,mens-tennis,2026,legacy-html,13
Harvard,Ivy League,gocrimson.com,womens-tennis,2022,legacy-html,15
Harvard,Ivy League,gocrimson.com,womens-tennis,2023,legacy-html,11
Harvard,Ivy League,gocrimson.com,womens-tennis,2024,legacy-html,12
Harvard,Ivy League,gocrimson.com,womens-tennis,2025,legacy-html,12
Harvard,Ivy League,gocrimson.com,womens-tennis,2026,legacy-html,10
Penn,Ivy League,pennathletics.com,mens-tennis,2022,legacy-html,11
Penn,Ivy League,pennathletics.com,mens-tennis,2023,legacy-html,12
Penn,Ivy League,pennathletics.com,mens-tennis,2024,legacy-html,10
Penn,Ivy League,pennathletics.com,mens-tennis,2025,legacy-html,11
Penn,Ivy League,pennathletics.com,mens-tennis,2026,legacy-html,10
Penn,Ivy League,pennathletics.com,womens-tennis,2022,legacy-html,11
Penn,Ivy League,pennathletics.com,womens-tennis,2023,legacy-html,8
Penn,Ivy League,pennathletics.com,womens-tennis,2024,legacy-html,9
Penn,Ivy League,pennathletics.com,womens-tennis,2025,legacy-html,10
Penn,Ivy League,pennathletics.com,womens-tennis,2026,legacy-html,10
Dartmouth,Ivy League,dartmouthsports.com,mens-tennis,2022,devalue,10
Dartmouth,Ivy League,dartmouthsports.com,mens-tennis,2023,devalue,8
Dartmouth,Ivy League,dartmouthsports.com,mens-tennis,2024,devalue,11
Dartmouth,Ivy League,dartmouthsports.com,mens-tennis,2025,devalue,10
Dartmouth,Ivy League,dartmouthsports.com,mens-tennis,2026,devalue,10
Dartmouth,Ivy League,dartmouthsports.com,womens-tennis,2022,devalue,10
Dartmouth,Ivy League,dartmouthsports.com,womens-tennis,2023,devalue,10
Dartmouth,Ivy League,dartmouthsports.com,womens-tennis,2024,devalue,10
Dartmouth,Ivy League,dartmouthsports.com,womens-tennis,2025,devalue,11
Dartmouth,Ivy League,dartmouthsports.com,womens-tennis,2026,devalue,11
West Virginia,Big 12,wvusports.com,mens-tennis,2022,none,0
West Virginia,Big 12,wvusports.com,mens-tennis,2023,none,0
West Virginia,Big 12,wvusports.com,mens-tennis,2024,none,0
West Virginia,Big 12,wvusports.com,mens-tennis,2025,none,0
West Virginia,Big 12,wvusports.com,mens-tennis,2026,none,0
West Virginia,Big 12,wvusports.com,womens-tennis,2022,devalue,9
West Virginia,Big 12,wvusports.com,womens-tennis,2023,devalue,9
West Virginia,Big 12,wvusports.com,womens-tennis,2024,devalue,9
West Virginia,Big 12,wvusports.com,womens-tennis,2025,devalue,9
West Virginia,Big 12,wvusports.com,womens-tennis,2026,devalue,4
Butler,Big East,butlersports.com,mens-tennis,2022,legacy-html,9
Butler,Big East,butlersports.com,mens-tennis,2023,legacy-html,9
Butler,Big East,butlersports.com,mens-tennis,2024,legacy-html,11
Butler,Big East,butlersports.com,mens-tennis,2025,legacy-html,10
Butler,Big East,butlersports.com,mens-tennis,2026,legacy-html,9
Butler,Big East,butlersports.com,womens-tennis,2022,legacy-html,13
Butler,Big East,butlersports.com,womens-tennis,2023,legacy-html,8
Butler,Big East,butlersports.com,womens-tennis,2024,legacy-html,9
Butler,Big East,butlersports.com,womens-tennis,2025,legacy-html,8
Butler,Big East,butlersports.com,womens-tennis,2026,legacy-html,9
Princeton,Ivy League,goprincetontigers.com,mens-tennis,2022,devalue,12
Princeton,Ivy League,goprincetontigers.com,mens-tennis,2023,devalue,10
Princeton,Ivy League,goprincetontigers.com,mens-tennis,2024,devalue,12
Princeton,Ivy League,goprincetontigers.com,mens-tennis,2025,devalue,13
Princeton,Ivy League,goprincetontigers.com,mens-tennis,2026,devalue,11
Princeton,Ivy League,goprincetontigers.com,womens-tennis,2022,devalue,13
Princeton,Ivy League,goprincetontigers.com,womens-tennis,2023,devalue,10
Princeton,Ivy League,goprincetontigers.com,womens-tennis,2024,devalue,9
Princeton,Ivy League,goprincetontigers.com,womens-tennis,2025,devalue,9
Princeton,Ivy League,goprincetontigers.com,womens-tennis,2026,devalue,10
Yale,Ivy League,yalebulldogs.com,mens-tennis,2022,legacy-html,8
Yale,Ivy League,yalebulldogs.com,mens-tennis,2023,legacy-html,9
Yale,Ivy League,yalebulldogs.com,mens-tennis,2024,legacy-html,10
Yale,Ivy League,yalebulldogs.com,mens-tennis,2025,legacy-html,12
Yale,Ivy League,yalebulldogs.com,mens-tennis,2026,legacy-html,11
Yale,Ivy League,yalebulldogs.com,womens-tennis,2022,legacy-html,9
Yale,Ivy League,yalebulldogs.com,womens-tennis,2023,legacy-html,8
Yale,Ivy League,yalebulldogs.com,womens-tennis,2024,legacy-html,8
Yale,Ivy League,yalebulldogs.com,womens-tennis,2025,legacy-html,7
Yale,Ivy League,yalebulldogs.com,womens-tennis,2026,legacy-html,10
Creighton,Big East,gocreighton.com,mens-tennis,2022,devalue,8
Creighton,Big East,gocreighton.com,mens-tennis,2023,devalue,11
Creighton,Big East,gocreighton.com,mens-tennis,2024,devalue,10
Creighton,Big East,gocreighton.com,mens-tennis,2025,devalue,8
Creighton,Big East,gocreighton.com,mens-tennis,2026,devalue,8
Creighton,Big East,gocreighton.com,womens-tennis,2022,devalue,9
Creighton,Big East,gocreighton.com,womens-tennis,2023,devalue,11
Creighton,Big East,gocreighton.com,womens-tennis,2024,devalue,9
Creighton,Big East,gocreighton.com,womens-tennis,2025,devalue,10
Creighton,Big East,gocreighton.com,womens-tennis,2026,devalue,9
Georgetown,Big East,guhoyas.com,mens-tennis,2022,legacy-html,11
Georgetown,Big East,guhoyas.com,mens-tennis,2023,legacy-html,10
Georgetown,Big East,guhoyas.com,mens-tennis,2024,legacy-html,11
Georgetown,Big East,guhoyas.com,mens-tennis,2025,legacy-html,10
Georgetown,Big East,guhoyas.com,mens-tennis,2026,legacy-html,11
Georgetown,Big East,guhoyas.com,womens-tennis,2022,legacy-html,10
Georgetown,Big East,guhoyas.com,womens-tennis,2023,legacy-html,10
Georgetown,Big East,guhoyas.com,womens-tennis,2024,legacy-html,12
Georgetown,Big East,guhoyas.com,womens-tennis,2025,legacy-html,10
Georgetown,Big East,guhoyas.com,womens-tennis,2026,legacy-html,10
DePaul,Big East,depaulbluedemons.com,mens-tennis,2022,devalue,10
DePaul,Big East,depaulbluedemons.com,mens-tennis,2023,devalue,10
DePaul,Big East,depaulbluedemons.com,mens-tennis,2024,devalue,10
DePaul,Big East,depaulbluedemons.com,mens-tennis,2025,devalue,10
DePaul,Big East,depaulbluedemons.com,mens-tennis,2026,devalue,9
DePaul,Big East,depaulbluedemons.com,womens-tennis,2022,devalue,9
DePaul,Big East,depaulbluedemons.com,womens-tennis,2023,devalue,8
DePaul,Big East,depaulbluedemons.com,womens-tennis,2024,devalue,8
DePaul,Big East,depaulbluedemons.com,womens-tennis,2025,devalue,8
DePaul,Big East,depaulbluedemons.com,womens-tennis,2026,devalue,6
Oregon State,Pac-12,osubeavers.com,mens-tennis,2022,none,0
Oregon State,Pac-12,osubeavers.com,mens-tennis,2023,none,0
Oregon State,Pac-12,osubeavers.com,mens-tennis,2024,none,0
Oregon State,Pac-12,osubeavers.com,mens-tennis,2025,none,0
Oregon State,Pac-12,osubeavers.com,mens-tennis,2026,none,0
Oregon State,Pac-12,osubeavers.com,womens-tennis,2022,none,0
Oregon State,Pac-12,osubeavers.com,womens-tennis,2023,none,0
Oregon State,Pac-12,osubeavers.com,womens-tennis,2024,none,0
Oregon State,Pac-12,osubeavers.com,womens-tennis,2025,none,0
Oregon State,Pac-12,osubeavers.com,womens-tennis,2026,none,0
Marquette,Big East,gomarquette.com,mens-tennis,2022,devalue,11
Marquette,Big East,gomarquette.com,mens-tennis,2023,devalue,13
Marquette,Big East,gomarquette.com,mens-tennis,2024,devalue,8
Marquette,Big East,gomarquette.com,mens-tennis,2025,devalue,10
Marquette,Big East,gomarquette.com,mens-tennis,2026,devalue,10
Marquette,Big East,gomarquette.com,womens-tennis,2022,devalue,10
Marquette,Big East,gomarquette.com,womens-tennis,2023,devalue,11
Marquette,Big East,gomarquette.com,womens-tennis,2024,devalue,8
Marquette,Big East,gomarquette.com,womens-tennis,2025,devalue,7
Marquette,Big East,gomarquette.com,womens-tennis,2026,devalue,8
St. John's,Big East,redstormsports.com,mens-tennis,2022,devalue,13
St. John's,Big East,redstormsports.com,mens-tennis,2023,devalue,14
St. John's,Big East,redstormsports.com,mens-tennis,2024,devalue,11
St. John's,Big East,redstormsports.com,mens-tennis,2025,devalue,11
St. John's,Big East,redstormsports.com,mens-tennis,2026,devalue,13
St. John's,Big East,redstormsports.com,womens-tennis,2022,devalue,8
St. John's,Big East,redstormsports.com,womens-tennis,2023,devalue,8
St. John's,Big East,redstormsports.com,womens-tennis,2024,devalue,8
St. John's,Big East,redstormsports.com,womens-tennis,2025,devalue,8
St. John's,Big East,redstormsports.com,womens-tennis,2026,devalue,8
Villanova,Big East,villanova.com,mens-tennis,2022,legacy-html,13
Villanova,Big East,villanova.com,mens-tennis,2023,legacy-html,10
Villanova,Big East,villanova.com,mens-tennis,2024,legacy-html,11
Villanova,Big East,villanova.com,mens-tennis,2025,legacy-html,11
Villanova,Big East,villanova.com,mens-tennis,2026,legacy-html,12
Villanova,Big East,villanova.com,womens-tennis,2022,legacy-html,12
Villanova,Big East,villanova.com,womens-tennis,2023,legacy-html,10
Villanova,Big East,villanova.com,womens-tennis,2024,legacy-html,13
Villanova,Big East,villanova.com,womens-tennis,2025,legacy-html,12
Villanova,Big East,villanova.com,womens-tennis,2026,legacy-html,9
Xavier,Big East,goxavier.com,mens-tennis,2022,devalue,13
Xavier,Big East,goxavier.com,mens-tennis,2023,devalue,11
Xavier,Big East,goxavier.com,mens-tennis,2024,devalue,8
Xavier,Big East,goxavier.com,mens-tennis,2025,devalue,8
Xavier,Big East,goxavier.com,mens-tennis,2026,devalue,8
Xavier,Big East,goxavier.com,womens-tennis,2022,devalue,10
Xavier,Big East,goxavier.com,womens-tennis,2023,devalue,8
Xavier,Big East,goxavier.com,womens-tennis,2024,devalue,9
Xavier,Big East,goxavier.com,womens-tennis,2025,devalue,9
Xavier,Big East,goxavier.com,womens-tennis,2026,devalue,9
UConn,Big East,uconnhuskies.com,mens-tennis,2022,devalue,8
UConn,Big East,uconnhuskies.com,mens-tennis,2023,devalue,8
UConn,Big East,uconnhuskies.com,mens-tennis,2024,devalue,8
UConn,Big East,uconnhuskies.com,mens-tennis,2025,devalue,8
UConn,Big East,uconnhuskies.com,mens-tennis,2026,devalue,8
UConn,Big East,uconnhuskies.com,womens-tennis,2022,devalue,8
UConn,Big East,uconnhuskies.com,womens-tennis,2023,devalue,10
UConn,Big East,uconnhuskies.com,womens-tennis,2024,devalue,9
UConn,Big East,uconnhuskies.com,womens-tennis,2025,devalue,8
UConn,Big East,uconnhuskies.com,womens-tennis,2026,devalue,8
Providence,Big East,friars.com,mens-tennis,2022,none,0
Providence,Big East,friars.com,mens-tennis,2023,none,0
Providence,Big East,friars.com,mens-tennis,2024,none,0
Providence,Big East,friars.com,mens-tennis,2025,none,0
Providence,Big East,friars.com,mens-tennis,2026,none,0
Providence,Big East,friars.com,womens-tennis,2022,devalue,9
Providence,Big East,friars.com,womens-tennis,2023,devalue,8
Providence,Big East,friars.com,womens-tennis,2024,devalue,8
Providence,Big East,friars.com,womens-tennis,2025,devalue,11
Providence,Big East,friars.com,womens-tennis,2026,devalue,11
Charlotte,American,charlotte49ers.com,mens-tennis,2022,devalue,9
Charlotte,American,charlotte49ers.com,mens-tennis,2023,devalue,11
Charlotte,American,charlotte49ers.com,mens-tennis,2024,devalue,10
Charlotte,American,charlotte49ers.com,mens-tennis,2025,devalue,8
Charlotte,American,charlotte49ers.com,mens-tennis,2026,devalue,10
Charlotte,American,charlotte49ers.com,womens-tennis,2022,devalue,9
Charlotte,American,charlotte49ers.com,womens-tennis,2023,devalue,10
Charlotte,American,charlotte49ers.com,womens-tennis,2024,devalue,8
Charlotte,American,charlotte49ers.com,womens-tennis,2025,devalue,8
Charlotte,American,charlotte49ers.com,womens-tennis,2026,devalue,7
East Carolina,American,ecupirates.com,mens-tennis,2022,devalue,8
East Carolina,American,ecupirates.com,mens-tennis,2023,devalue,8
East Carolina,American,ecupirates.com,mens-tennis,2024,devalue,8
East Carolina,American,ecupirates.com,mens-tennis,2025,devalue,8
East Carolina,American,ecupirates.com,mens-tennis,2026,devalue,8
East Carolina,American,ecupirates.com,womens-tennis,2022,devalue,8
East Carolina,American,ecupirates.com,womens-tennis,2023,devalue,8
East Carolina,American,ecupirates.com,womens-tennis,2024,devalue,9
East Carolina,American,ecupirates.com,womens-tennis,2025,devalue,9
East Carolina,American,ecupirates.com,womens-tennis,2026,devalue,8
Florida Atlantic,American,fausports.com,mens-tennis,2022,devalue,9
Florida Atlantic,American,fausports.com,mens-tennis,2023,devalue,11
Florida Atlantic,American,fausports.com,mens-tennis,2024,devalue,10
Florida Atlantic,American,fausports.com,mens-tennis,2025,devalue,9
Florida Atlantic,American,fausports.com,mens-tennis,2026,devalue,10
Florida Atlantic,American,fausports.com,womens-tennis,2022,devalue,8
Florida Atlantic,American,fausports.com,womens-tennis,2023,devalue,8
Florida Atlantic,American,fausports.com,womens-tennis,2024,devalue,7
Florida Atlantic,American,fausports.com,womens-tennis,2025,devalue,8
Florida Atlantic,American,fausports.com,womens-tennis,2026,devalue,8
Memphis,American,gotigersgo.com,mens-tennis,2022,devalue,8
Memphis,American,gotigersgo.com,mens-tennis,2023,devalue,10
Memphis,American,gotigersgo.com,mens-tennis,2024,devalue,10
Memphis,American,gotigersgo.com,mens-tennis,2025,devalue,10
Memphis,American,gotigersgo.com,mens-tennis,2026,devalue,10
Memphis,American,gotigersgo.com,womens-tennis,2022,devalue,9
Memphis,American,gotigersgo.com,womens-tennis,2023,devalue,8
Memphis,American,gotigersgo.com,womens-tennis,2024,devalue,8
Memphis,American,gotigersgo.com,womens-tennis,2025,devalue,9
Memphis,American,gotigersgo.com,womens-tennis,2026,devalue,8
Seton Hall,Big East,shupirates.com,mens-tennis,2022,none,0
Seton Hall,Big East,shupirates.com,mens-tennis,2023,none,0
Seton Hall,Big East,shupirates.com,mens-tennis,2024,none,0
Seton Hall,Big East,shupirates.com,mens-tennis,2025,none,0
Seton Hall,Big East,shupirates.com,mens-tennis,2026,none,0
Seton Hall,Big East,shupirates.com,womens-tennis,2022,devalue,9
Seton Hall,Big East,shupirates.com,womens-tennis,2023,devalue,8
Seton Hall,Big East,shupirates.com,womens-tennis,2024,devalue,10
Seton Hall,Big East,shupirates.com,womens-tennis,2025,devalue,11
Seton Hall,Big East,shupirates.com,womens-tennis,2026,devalue,9
Rice,American,riceowls.com,mens-tennis,2022,devalue,11
Rice,American,riceowls.com,mens-tennis,2023,devalue,10
Rice,American,riceowls.com,mens-tennis,2024,devalue,9
Rice,American,riceowls.com,mens-tennis,2025,devalue,11
Rice,American,riceowls.com,mens-tennis,2026,devalue,9
Rice,American,riceowls.com,womens-tennis,2022,devalue,8
Rice,American,riceowls.com,womens-tennis,2023,devalue,8
Rice,American,riceowls.com,womens-tennis,2024,devalue,8
Rice,American,riceowls.com,womens-tennis,2025,devalue,9
Rice,American,riceowls.com,womens-tennis,2026,devalue,9
South Florida,American,gousfbulls.com,mens-tennis,2022,devalue,11
South Florida,American,gousfbulls.com,mens-tennis,2023,devalue,8
South Florida,American,gousfbulls.com,mens-tennis,2024,devalue,10
South Florida,American,gousfbulls.com,mens-tennis,2025,devalue,10
South Florida,American,gousfbulls.com,mens-tennis,2026,devalue,10
South Florida,American,gousfbulls.com,womens-tennis,2022,devalue,7
South Florida,American,gousfbulls.com,womens-tennis,2023,devalue,9
South Florida,American,gousfbulls.com,womens-tennis,2024,devalue,8
South Florida,American,gousfbulls.com,womens-tennis,2025,devalue,9
South Florida,American,gousfbulls.com,womens-tennis,2026,devalue,7
Temple,American,owlsports.com,mens-tennis,2022,devalue,9
Temple,American,owlsports.com,mens-tennis,2023,devalue,8
Temple,American,owlsports.com,mens-tennis,2024,devalue,11
Temple,American,owlsports.com,mens-tennis,2025,devalue,9
Temple,American,owlsports.com,mens-tennis,2026,devalue,10
Temple,American,owlsports.com,womens-tennis,2022,devalue,9
Temple,American,owlsports.com,womens-tennis,2023,devalue,10
Temple,American,owlsports.com,womens-tennis,2024,devalue,10
Temple,American,owlsports.com,womens-tennis,2025,devalue,8
Temple,American,owlsports.com,womens-tennis,2026,devalue,9
Tulane,American,tulanegreenwave.com,mens-tennis,2022,devalue,8
Tulane,American,tulanegreenwave.com,mens-tennis,2023,devalue,10
Tulane,American,tulanegreenwave.com,mens-tennis,2024,devalue,10
Tulane,American,tulanegreenwave.com,mens-tennis,2025,devalue,10
Tulane,American,tulanegreenwave.com,mens-tennis,2026,devalue,8
Tulane,American,tulanegreenwave.com,womens-tennis,2022,devalue,10
Tulane,American,tulanegreenwave.com,womens-tennis,2023,devalue,10
Tulane,American,tulanegreenwave.com,womens-tennis,2024,devalue,9
Tulane,American,tulanegreenwave.com,womens-tennis,2025,devalue,8
Tulane,American,tulanegreenwave.com,womens-tennis,2026,devalue,8
Tulsa,American,tulsahurricane.com,mens-tennis,2022,devalue,9
Tulsa,American,tulsahurricane.com,mens-tennis,2023,devalue,10
Tulsa,American,tulsahurricane.com,mens-tennis,2024,devalue,10
Tulsa,American,tulsahurricane.com,mens-tennis,2025,devalue,11
Tulsa,American,tulsahurricane.com,mens-tennis,2026,devalue,9
Tulsa,American,tulsahurricane.com,womens-tennis,2022,devalue,8
Tulsa,American,tulsahurricane.com,womens-tennis,2023,devalue,8
Tulsa,American,tulsahurricane.com,womens-tennis,2024,devalue,9
Tulsa,American,tulsahurricane.com,womens-tennis,2025,devalue,9
Tulsa,American,tulsahurricane.com,womens-tennis,2026,devalue,10
North Texas,American,meangreensports.com,mens-tennis,2022,none,0
North Texas,American,meangreensports.com,mens-tennis,2023,none,0
North Texas,American,meangreensports.com,mens-tennis,2024,none,0
North Texas,American,meangreensports.com,mens-tennis,2025,none,0
North Texas,American,meangreensports.com,mens-tennis,2026,none,0
North Texas,American,meangreensports.com,womens-tennis,2022,devalue,8
North Texas,American,meangreensports.com,womens-tennis,2023,devalue,8
North Texas,American,meangreensports.com,womens-tennis,2024,devalue,8
North Texas,American,meangreensports.com,womens-tennis,2025,devalue,8
North Texas,American,meangreensports.com,womens-tennis,2026,devalue,9
UAB,American,uabsports.com,mens-tennis,2022,devalue,10
UAB,American,uabsports.com,mens-tennis,2023,devalue,13
UAB,American,uabsports.com,mens-tennis,2024,devalue,11
UAB,American,uabsports.com,mens-tennis,2025,devalue,7
UAB,American,uabsports.com,mens-tennis,2026,devalue,8
UAB,American,uabsports.com,womens-tennis,2022,devalue,9
UAB,American,uabsports.com,womens-tennis,2023,devalue,8
UAB,American,uabsports.com,womens-tennis,2024,devalue,9
UAB,American,uabsports.com,womens-tennis,2025,devalue,9
UAB,American,uabsports.com,womens-tennis,2026,devalue,9
Wichita State,American,goshockers.com,mens-tennis,2022,legacy-html,10
Wichita State,American,goshockers.com,mens-tennis,2023,legacy-html,9
Wichita State,American,goshockers.com,mens-tennis,2024,legacy-html,8
Wichita State,American,goshockers.com,mens-tennis,2025,legacy-html,9
Wichita State,American,goshockers.com,mens-tennis,2026,legacy-html,8
Wichita State,American,goshockers.com,womens-tennis,2022,legacy-html,7
Wichita State,American,goshockers.com,womens-tennis,2023,legacy-html,8
Wichita State,American,goshockers.com,womens-tennis,2024,legacy-html,8
Wichita State,American,goshockers.com,womens-tennis,2025,legacy-html,10
Wichita State,American,goshockers.com,womens-tennis,2026,legacy-html,8
UTSA,American,goutsa.com,mens-tennis,2022,devalue,8
UTSA,American,goutsa.com,mens-tennis,2023,devalue,8
UTSA,American,goutsa.com,mens-tennis,2024,devalue,8
UTSA,American,goutsa.com,mens-tennis,2025,devalue,8
UTSA,American,goutsa.com,mens-tennis,2026,devalue,8
UTSA,American,goutsa.com,womens-tennis,2022,devalue,9
UTSA,American,goutsa.com,womens-tennis,2023,devalue,9
UTSA,American,goutsa.com,womens-tennis,2024,devalue,9
UTSA,American,goutsa.com,womens-tennis,2025,devalue,9
UTSA,American,goutsa.com,womens-tennis,2026,devalue,9
Dayton,Atlantic 10,daytonflyers.com,mens-tennis,2022,legacy-html,12
Dayton,Atlantic 10,daytonflyers.com,mens-tennis,2023,legacy-html,11
Dayton,Atlantic 10,daytonflyers.com,mens-tennis,2024,legacy-html,12
Dayton,Atlantic 10,daytonflyers.com,mens-tennis,2025,legacy-html,11
Dayton,Atlantic 10,daytonflyers.com,mens-tennis,2026,legacy-html,9
Dayton,Atlantic 10,daytonflyers.com,womens-tennis,2022,legacy-html,9
Dayton,Atlantic 10,daytonflyers.com,womens-tennis,2023,legacy-html,9
Dayton,Atlantic 10,daytonflyers.com,womens-tennis,2024,legacy-html,8
Dayton,Atlantic 10,daytonflyers.com,womens-tennis,2025,legacy-html,8
Dayton,Atlantic 10,daytonflyers.com,womens-tennis,2026,legacy-html,8
Davidson,Atlantic 10,davidsonwildcats.com,mens-tennis,2022,devalue,10
Davidson,Atlantic 10,davidsonwildcats.com,mens-tennis,2023,devalue,9
Davidson,Atlantic 10,davidsonwildcats.com,mens-tennis,2024,devalue,9
Davidson,Atlantic 10,davidsonwildcats.com,mens-tennis,2025,devalue,11
Davidson,Atlantic 10,davidsonwildcats.com,mens-tennis,2026,devalue,10
Davidson,Atlantic 10,davidsonwildcats.com,womens-tennis,2022,devalue,8
Davidson,Atlantic 10,davidsonwildcats.com,womens-tennis,2023,devalue,8
Davidson,Atlantic 10,davidsonwildcats.com,womens-tennis,2024,devalue,11
Davidson,Atlantic 10,davidsonwildcats.com,womens-tennis,2025,devalue,12
Davidson,Atlantic 10,davidsonwildcats.com,womens-tennis,2026,devalue,11
Duquesne,Atlantic 10,goduquesne.com,mens-tennis,2022,legacy-html,9
Duquesne,Atlantic 10,goduquesne.com,mens-tennis,2023,legacy-html,9
Duquesne,Atlantic 10,goduquesne.com,mens-tennis,2024,legacy-html,8
Duquesne,Atlantic 10,goduquesne.com,mens-tennis,2025,legacy-html,10
Duquesne,Atlantic 10,goduquesne.com,mens-tennis,2026,legacy-html,10
Duquesne,Atlantic 10,goduquesne.com,womens-tennis,2022,legacy-html,8
Duquesne,Atlantic 10,goduquesne.com,womens-tennis,2023,legacy-html,7
Duquesne,Atlantic 10,goduquesne.com,womens-tennis,2024,legacy-html,8
Duquesne,Atlantic 10,goduquesne.com,womens-tennis,2025,legacy-html,8
Duquesne,Atlantic 10,goduquesne.com,womens-tennis,2026,legacy-html,8
Fordham,Atlantic 10,fordhamsports.com,mens-tennis,2022,legacy-html,8
Fordham,Atlantic 10,fordhamsports.com,mens-tennis,2023,legacy-html,9
Fordham,Atlantic 10,fordhamsports.com,mens-tennis,2024,legacy-html,8
Fordham,Atlantic 10,fordhamsports.com,mens-tennis,2025,legacy-html,12
Fordham,Atlantic 10,fordhamsports.com,mens-tennis,2026,legacy-html,9
Fordham,Atlantic 10,fordhamsports.com,womens-tennis,2022,legacy-html,9
Fordham,Atlantic 10,fordhamsports.com,womens-tennis,2023,legacy-html,8
Fordham,Atlantic 10,fordhamsports.com,womens-tennis,2024,legacy-html,11
Fordham,Atlantic 10,fordhamsports.com,womens-tennis,2025,legacy-html,8
Fordham,Atlantic 10,fordhamsports.com,womens-tennis,2026,legacy-html,8
La Salle,Atlantic 10,goexplorers.com,mens-tennis,2022,legacy-html,7
La Salle,Atlantic 10,goexplorers.com,mens-tennis,2023,legacy-html,7
La Salle,Atlantic 10,goexplorers.com,mens-tennis,2024,legacy-html,7
La Salle,Atlantic 10,goexplorers.com,mens-tennis,2025,legacy-html,7
La Salle,Atlantic 10,goexplorers.com,mens-tennis,2026,legacy-html,7
La Salle,Atlantic 10,goexplorers.com,womens-tennis,2022,legacy-html,5
La Salle,Atlantic 10,goexplorers.com,womens-tennis,2023,legacy-html,5
La Salle,Atlantic 10,goexplorers.com,womens-tennis,2024,legacy-html,5
La Salle,Atlantic 10,goexplorers.com,womens-tennis,2025,legacy-html,5
La Salle,Atlantic 10,goexplorers.com,womens-tennis,2026,legacy-html,5
Richmond,Atlantic 10,richmondspiders.com,mens-tennis,2022,devalue,9
Richmond,Atlantic 10,richmondspiders.com,mens-tennis,2023,devalue,8
Richmond,Atlantic 10,richmondspiders.com,mens-tennis,2024,devalue,9
Richmond,Atlantic 10,richmondspiders.com,mens-tennis,2025,devalue,9
Richmond,Atlantic 10,richmondspiders.com,mens-tennis,2026,devalue,10
Richmond,Atlantic 10,richmondspiders.com,womens-tennis,2022,devalue,8
Richmond,Atlantic 10,richmondspiders.com,womens-tennis,2023,devalue,8
Richmond,Atlantic 10,richmondspiders.com,womens-tennis,2024,devalue,9
Richmond,Atlantic 10,richmondspiders.com,womens-tennis,2025,devalue,10
Richmond,Atlantic 10,richmondspiders.com,womens-tennis,2026,devalue,9
Saint Joseph's,Atlantic 10,sjuhawks.com,mens-tennis,2022,legacy-html,8
Saint Joseph's,Atlantic 10,sjuhawks.com,mens-tennis,2023,legacy-html,9
Saint Joseph's,Atlantic 10,sjuhawks.com,mens-tennis,2024,legacy-html,8
Saint Joseph's,Atlantic 10,sjuhawks.com,mens-tennis,2025,legacy-html,10
Saint Joseph's,Atlantic 10,sjuhawks.com,mens-tennis,2026,legacy-html,10
Saint Joseph's,Atlantic 10,sjuhawks.com,womens-tennis,2022,legacy-html,10
Saint Joseph's,Atlantic 10,sjuhawks.com,womens-tennis,2023,legacy-html,10
Saint Joseph's,Atlantic 10,sjuhawks.com,womens-tennis,2024,legacy-html,8
Saint Joseph's,Atlantic 10,sjuhawks.com,womens-tennis,2025,legacy-html,8
Saint Joseph's,Atlantic 10,sjuhawks.com,womens-tennis,2026,legacy-html,10
George Washington,Atlantic 10,gwsports.com,mens-tennis,2022,none,0
George Washington,Atlantic 10,gwsports.com,mens-tennis,2023,none,0
George Washington,Atlantic 10,gwsports.com,mens-tennis,2024,none,0
George Washington,Atlantic 10,gwsports.com,mens-tennis,2025,none,0
George Washington,Atlantic 10,gwsports.com,mens-tennis,2026,none,0
George Washington,Atlantic 10,gwsports.com,womens-tennis,2022,devalue,8
George Washington,Atlantic 10,gwsports.com,womens-tennis,2023,devalue,7
George Washington,Atlantic 10,gwsports.com,womens-tennis,2024,devalue,10
George Washington,Atlantic 10,gwsports.com,womens-tennis,2025,devalue,8
George Washington,Atlantic 10,gwsports.com,womens-tennis,2026,devalue,9
UMass,Atlantic 10,umassathletics.com,mens-tennis,2022,none,0
UMass,Atlantic 10,umassathletics.com,mens-tennis,2023,none,0
UMass,Atlantic 10,umassathletics.com,mens-tennis,2024,none,0
UMass,Atlantic 10,umassathletics.com,mens-tennis,2025,none,0
UMass,Atlantic 10,umassathletics.com,mens-tennis,2026,none,0
UMass,Atlantic 10,umassathletics.com,womens-tennis,2022,devalue,7
UMass,Atlantic 10,umassathletics.com,womens-tennis,2023,devalue,8
UMass,Atlantic 10,umassathletics.com,womens-tennis,2024,devalue,10
UMass,Atlantic 10,umassathletics.com,womens-tennis,2025,devalue,8
UMass,Atlantic 10,umassathletics.com,womens-tennis,2026,devalue,10
Saint Louis,Atlantic 10,slubillikens.com,mens-tennis,2022,legacy-html,10
Saint Louis,Atlantic 10,slubillikens.com,mens-tennis,2023,legacy-html,11
Saint Louis,Atlantic 10,slubillikens.com,mens-tennis,2024,legacy-html,10
Saint Louis,Atlantic 10,slubillikens.com,mens-tennis,2025,legacy-html,8
Saint Louis,Atlantic 10,slubillikens.com,mens-tennis,2026,legacy-html,9
Saint Louis,Atlantic 10,slubillikens.com,womens-tennis,2022,legacy-html,11
Saint Louis,Atlantic 10,slubillikens.com,womens-tennis,2023,legacy-html,9
Saint Louis,Atlantic 10,slubillikens.com,womens-tennis,2024,legacy-html,10
Saint Louis,Atlantic 10,slubillikens.com,womens-tennis,2025,legacy-html,8
Saint Louis,Atlantic 10,slubillikens.com,womens-tennis,2026,legacy-html,9
Rhode Island,Atlantic 10,gorhody.com,mens-tennis,2022,none,0
Rhode Island,Atlantic 10,gorhody.com,mens-tennis,2023,none,0
Rhode Island,Atlantic 10,gorhody.com,mens-tennis,2024,none,0
Rhode Island,Atlantic 10,gorhody.com,mens-tennis,2025,none,0
Rhode Island,Atlantic 10,gorhody.com,mens-tennis,2026,none,0
Rhode Island,Atlantic 10,gorhody.com,womens-tennis,2022,legacy-html,8
Rhode Island,Atlantic 10,gorhody.com,womens-tennis,2023,legacy-html,9
Rhode Island,Atlantic 10,gorhody.com,womens-tennis,2024,legacy-html,9
Rhode Island,Atlantic 10,gorhody.com,womens-tennis,2025,legacy-html,9
Rhode Island,Atlantic 10,gorhody.com,womens-tennis,2026,legacy-html,9
St. Bonaventure,Atlantic 10,gobonnies.com,mens-tennis,2022,legacy-html,9
St. Bonaventure,Atlantic 10,gobonnies.com,mens-tennis,2023,legacy-html,10
St. Bonaventure,Atlantic 10,gobonnies.com,mens-tennis,2024,legacy-html,8
St. Bonaventure,Atlantic 10,gobonnies.com,mens-tennis,2025,legacy-html,8
St. Bonaventure,Atlantic 10,gobonnies.com,mens-tennis,2026,legacy-html,7
St. Bonaventure,Atlantic 10,gobonnies.com,womens-tennis,2022,legacy-html,8
St. Bonaventure,Atlantic 10,gobonnies.com,womens-tennis,2023,legacy-html,8
St. Bonaventure,Atlantic 10,gobonnies.com,womens-tennis,2024,legacy-html,7
St. Bonaventure,Atlantic 10,gobonnies.com,womens-tennis,2025,legacy-html,7
St. Bonaventure,Atlantic 10,gobonnies.com,womens-tennis,2026,legacy-html,7
VCU,Atlantic 10,vcuathletics.com,mens-tennis,2022,legacy-html,8
VCU,Atlantic 10,vcuathletics.com,mens-tennis,2023,legacy-html,9
VCU,Atlantic 10,vcuathletics.com,mens-tennis,2024,none,0
VCU,Atlantic 10,vcuathletics.com,mens-tennis,2025,legacy-html,7
VCU,Atlantic 10,vcuathletics.com,mens-tennis,2026,legacy-html,8
VCU,Atlantic 10,vcuathletics.com,womens-tennis,2022,legacy-html,7
VCU,Atlantic 10,vcuathletics.com,womens-tennis,2023,legacy-html,7
VCU,Atlantic 10,vcuathletics.com,womens-tennis,2024,legacy-html,7
VCU,Atlantic 10,vcuathletics.com,womens-tennis,2025,legacy-html,8
VCU,Atlantic 10,vcuathletics.com,womens-tennis,2026,legacy-html,8
Air Force,Mountain West,goairforcefalcons.com,mens-tennis,2022,devalue,10
Air Force,Mountain West,goairforcefalcons.com,mens-tennis,2023,devalue,9
Air Force,Mountain West,goairforcefalcons.com,mens-tennis,2024,devalue,9
Air Force,Mountain West,goairforcefalcons.com,mens-tennis,2025,devalue,10
Air Force,Mountain West,goairforcefalcons.com,mens-tennis,2026,devalue,12
Air Force,Mountain West,goairforcefalcons.com,womens-tennis,2022,devalue,9
Air Force,Mountain West,goairforcefalcons.com,womens-tennis,2023,devalue,8
Air Force,Mountain West,goairforcefalcons.com,womens-tennis,2024,devalue,8
Air Force,Mountain West,goairforcefalcons.com,womens-tennis,2025,devalue,9
Air Force,Mountain West,goairforcefalcons.com,womens-tennis,2026,devalue,5
Loyola Chicago,Atlantic 10,loyolaramblers.com,mens-tennis,2022,none,0
Loyola Chicago,Atlantic 10,loyolaramblers.com,mens-tennis,2023,none,0
Loyola Chicago,Atlantic 10,loyolaramblers.com,mens-tennis,2024,none,0
Loyola Chicago,Atlantic 10,loyolaramblers.com,mens-tennis,2025,none,0
Loyola Chicago,Atlantic 10,loyolaramblers.com,mens-tennis,2026,none,0
Loyola Chicago,Atlantic 10,loyolaramblers.com,womens-tennis,2022,none,0
Loyola Chicago,Atlantic 10,loyolaramblers.com,womens-tennis,2023,none,0
Loyola Chicago,Atlantic 10,loyolaramblers.com,womens-tennis,2024,none,0
Loyola Chicago,Atlantic 10,loyolaramblers.com,womens-tennis,2025,none,0
Loyola Chicago,Atlantic 10,loyolaramblers.com,womens-tennis,2026,none,0
George Mason,Atlantic 10,gomason.com,mens-tennis,2022,none,0
George Mason,Atlantic 10,gomason.com,mens-tennis,2023,none,0
George Mason,Atlantic 10,gomason.com,mens-tennis,2024,none,0
George Mason,Atlantic 10,gomason.com,mens-tennis,2025,none,0
George Mason,Atlantic 10,gomason.com,mens-tennis,2026,none,0
George Mason,Atlantic 10,gomason.com,womens-tennis,2022,none,0
George Mason,Atlantic 10,gomason.com,womens-tennis,2023,none,0
George Mason,Atlantic 10,gomason.com,womens-tennis,2024,none,0
George Mason,Atlantic 10,gomason.com,womens-tennis,2025,none,0
George Mason,Atlantic 10,gomason.com,womens-tennis,2026,none,0
Boise State,Mountain West,broncosports.com,mens-tennis,2022,devalue,9
Boise State,Mountain West,broncosports.com,mens-tennis,2023,devalue,11
Boise State,Mountain West,broncosports.com,mens-tennis,2024,devalue,11
Boise State,Mountain West,broncosports.com,mens-tennis,2025,devalue,11
Boise State,Mountain West,broncosports.com,mens-tennis,2026,devalue,9
Boise State,Mountain West,broncosports.com,womens-tennis,2022,devalue,9
Boise State,Mountain West,broncosports.com,womens-tennis,2023,devalue,9
Boise State,Mountain West,broncosports.com,womens-tennis,2024,devalue,11
Boise State,Mountain West,broncosports.com,womens-tennis,2025,devalue,9
Boise State,Mountain West,broncosports.com,womens-tennis,2026,devalue,9
Nevada,Mountain West,nevadawolfpack.com,mens-tennis,2022,legacy-html,10
Nevada,Mountain West,nevadawolfpack.com,mens-tennis,2023,legacy-html,10
Nevada,Mountain West,nevadawolfpack.com,mens-tennis,2024,legacy-html,6
Nevada,Mountain West,nevadawolfpack.com,mens-tennis,2025,legacy-html,10
Nevada,Mountain West,nevadawolfpack.com,mens-tennis,2026,legacy-html,6
Nevada,Mountain West,nevadawolfpack.com,womens-tennis,2022,legacy-html,8
Nevada,Mountain West,nevadawolfpack.com,womens-tennis,2023,legacy-html,9
Nevada,Mountain West,nevadawolfpack.com,womens-tennis,2024,legacy-html,11
Nevada,Mountain West,nevadawolfpack.com,womens-tennis,2025,legacy-html,8
Nevada,Mountain West,nevadawolfpack.com,womens-tennis,2026,legacy-html,8
San Diego State,Mountain West,goaztecs.com,mens-tennis,2022,devalue,9
San Diego State,Mountain West,goaztecs.com,mens-tennis,2023,devalue,9
San Diego State,Mountain West,goaztecs.com,mens-tennis,2024,devalue,10
San Diego State,Mountain West,goaztecs.com,mens-tennis,2025,devalue,8
San Diego State,Mountain West,goaztecs.com,mens-tennis,2026,devalue,8
San Diego State,Mountain West,goaztecs.com,womens-tennis,2022,devalue,9
San Diego State,Mountain West,goaztecs.com,womens-tennis,2023,devalue,9
San Diego State,Mountain West,goaztecs.com,womens-tennis,2024,devalue,6
San Diego State,Mountain West,goaztecs.com,womens-tennis,2025,devalue,8
San Diego State,Mountain West,goaztecs.com,womens-tennis,2026,devalue,8
Colorado State,Mountain West,csurams.com,mens-tennis,2022,none,0
Colorado State,Mountain West,csurams.com,mens-tennis,2023,none,0
Colorado State,Mountain West,csurams.com,mens-tennis,2024,none,0
Colorado State,Mountain West,csurams.com,mens-tennis,2025,none,0
Colorado State,Mountain West,csurams.com,mens-tennis,2026,none,0
Colorado State,Mountain West,csurams.com,womens-tennis,2022,devalue,8
Colorado State,Mountain West,csurams.com,womens-tennis,2023,devalue,8
Colorado State,Mountain West,csurams.com,womens-tennis,2024,devalue,8
Colorado State,Mountain West,csurams.com,womens-tennis,2025,devalue,8
Colorado State,Mountain West,csurams.com,womens-tennis,2026,devalue,8
UNLV,Mountain West,unlvrebels.com,mens-tennis,2022,legacy-html,10
UNLV,Mountain West,unlvrebels.com,mens-tennis,2023,none,0
UNLV,Mountain West,unlvrebels.com,mens-tennis,2024,legacy-html,10
UNLV,Mountain West,unlvrebels.com,mens-tennis,2025,legacy-html,9
UNLV,Mountain West,unlvrebels.com,mens-tennis,2026,legacy-html,9
UNLV,Mountain West,unlvrebels.com,womens-tennis,2022,none,0
UNLV,Mountain West,unlvrebels.com,womens-tennis,2023,legacy-html,9
UNLV,Mountain West,unlvrebels.com,womens-tennis,2024,legacy-html,9
UNLV,Mountain West,unlvrebels.com,womens-tennis,2025,legacy-html,9
UNLV,Mountain West,unlvrebels.com,womens-tennis,2026,legacy-html,9
San Jose State,Mountain West,sjsuspartans.com,mens-tennis,2022,none,0
San Jose State,Mountain West,sjsuspartans.com,mens-tennis,2023,none,0
San Jose State,Mountain West,sjsuspartans.com,mens-tennis,2024,none,0
San Jose State,Mountain West,sjsuspartans.com,mens-tennis,2025,none,0
San Jose State,Mountain West,sjsuspartans.com,mens-tennis,2026,none,0
San Jose State,Mountain West,sjsuspartans.com,womens-tennis,2022,devalue,8
San Jose State,Mountain West,sjsuspartans.com,womens-tennis,2023,devalue,8
San Jose State,Mountain West,sjsuspartans.com,womens-tennis,2024,devalue,8
San Jose State,Mountain West,sjsuspartans.com,womens-tennis,2025,devalue,8
San Jose State,Mountain West,sjsuspartans.com,womens-tennis,2026,devalue,8
New Mexico,Mountain West,golobos.com,mens-tennis,2022,devalue,10
New Mexico,Mountain West,golobos.com,mens-tennis,2023,devalue,10
New Mexico,Mountain West,golobos.com,mens-tennis,2024,devalue,10
New Mexico,Mountain West,golobos.com,mens-tennis,2025,devalue,10
New Mexico,Mountain West,golobos.com,mens-tennis,2026,devalue,10
New Mexico,Mountain West,golobos.com,womens-tennis,2022,none,0
New Mexico,Mountain West,golobos.com,womens-tennis,2023,none,0
New Mexico,Mountain West,golobos.com,womens-tennis,2024,none,0
New Mexico,Mountain West,golobos.com,womens-tennis,2025,none,0
New Mexico,Mountain West,golobos.com,womens-tennis,2026,none,0
Fresno State,Mountain West,gobulldogs.com,mens-tennis,2022,none,0
Fresno State,Mountain West,gobulldogs.com,mens-tennis,2023,none,0
Fresno State,Mountain West,gobulldogs.com,mens-tennis,2024,none,0
Fresno State,Mountain West,gobulldogs.com,mens-tennis,2025,none,0
Fresno State,Mountain West,gobulldogs.com,mens-tennis,2026,none,0
Fresno State,Mountain West,gobulldogs.com,womens-tennis,2022,devalue,8
Fresno State,Mountain West,gobulldogs.com,womens-tennis,2023,devalue,9
Fresno State,Mountain West,gobulldogs.com,womens-tennis,2024,devalue,10
Fresno State,Mountain West,gobulldogs.com,womens-tennis,2025,devalue,9
Fresno State,Mountain West,gobulldogs.com,womens-tennis,2026,devalue,7
Loyola Marymount,WCC,lmulions.com,mens-tennis,2022,legacy-html,9
Loyola Marymount,WCC,lmulions.com,mens-tennis,2023,legacy-html,10
Loyola Marymount,WCC,lmulions.com,mens-tennis,2024,legacy-html,10
Loyola Marymount,WCC,lmulions.com,mens-tennis,2025,legacy-html,12
Loyola Marymount,WCC,lmulions.com,mens-tennis,2026,legacy-html,9
Loyola Marymount,WCC,lmulions.com,womens-tennis,2022,legacy-html,9
Loyola Marymount,WCC,lmulions.com,womens-tennis,2023,legacy-html,9
Loyola Marymount,WCC,lmulions.com,womens-tennis,2024,legacy-html,7
Loyola Marymount,WCC,lmulions.com,womens-tennis,2025,legacy-html,8
Loyola Marymount,WCC,lmulions.com,womens-tennis,2026,legacy-html,9
Pacific,WCC,pacifictigers.com,mens-tennis,2022,legacy-html,8
Pacific,WCC,pacifictigers.com,mens-tennis,2023,legacy-html,9
Pacific,WCC,pacifictigers.com,mens-tennis,2024,legacy-html,10
Pacific,WCC,pacifictigers.com,mens-tennis,2025,legacy-html,10
Pacific,WCC,pacifictigers.com,mens-tennis,2026,legacy-html,8
Pacific,WCC,pacifictigers.com,womens-tennis,2022,legacy-html,10
Pacific,WCC,pacifictigers.com,womens-tennis,2023,legacy-html,10
Pacific,WCC,pacifictigers.com,womens-tennis,2024,legacy-html,10
Pacific,WCC,pacifictigers.com,womens-tennis,2025,legacy-html,12
Pacific,WCC,pacifictigers.com,womens-tennis,2026,legacy-html,12
Gonzaga,WCC,gozags.com,mens-tennis,2022,devalue,9
Gonzaga,WCC,gozags.com,mens-tennis,2023,devalue,9
Gonzaga,WCC,gozags.com,mens-tennis,2024,devalue,8
Gonzaga,WCC,gozags.com,mens-tennis,2025,devalue,8
Gonzaga,WCC,gozags.com,mens-tennis,2026,devalue,9
Gonzaga,WCC,gozags.com,womens-tennis,2022,devalue,9
Gonzaga,WCC,gozags.com,womens-tennis,2023,devalue,9
Gonzaga,WCC,gozags.com,womens-tennis,2024,devalue,9
Gonzaga,WCC,gozags.com,womens-tennis,2025,devalue,8
Gonzaga,WCC,gozags.com,womens-tennis,2026,devalue,11
Portland,WCC,portlandpilots.com,mens-tennis,2022,legacy-html,9
Portland,WCC,portlandpilots.com,mens-tennis,2023,legacy-html,9
Portland,WCC,portlandpilots.com,mens-tennis,2024,legacy-html,10
Portland,WCC,portlandpilots.com,mens-tennis,2025,legacy-html,7
Portland,WCC,portlandpilots.com,mens-tennis,2026,legacy-html,9
Portland,WCC,portlandpilots.com,womens-tennis,2022,legacy-html,9
Portland,WCC,portlandpilots.com,womens-tennis,2023,legacy-html,10
Portland,WCC,portlandpilots.com,womens-tennis,2024,legacy-html,11
Portland,WCC,portlandpilots.com,womens-tennis,2025,legacy-html,9
Portland,WCC,portlandpilots.com,womens-tennis,2026,legacy-html,8
San Diego,WCC,usdtoreros.com,mens-tennis,2022,legacy-html,11
San Diego,WCC,usdtoreros.com,mens-tennis,2023,legacy-html,10
San Diego,WCC,usdtoreros.com,mens-tennis,2024,legacy-html,10
San Diego,WCC,usdtoreros.com,mens-tennis,2025,legacy-html,9
San Diego,WCC,usdtoreros.com,mens-tennis,2026,legacy-html,9
San Diego,WCC,usdtoreros.com,womens-tennis,2022,legacy-html,8
San Diego,WCC,usdtoreros.com,womens-tennis,2023,legacy-html,8
San Diego,WCC,usdtoreros.com,womens-tennis,2024,legacy-html,8
San Diego,WCC,usdtoreros.com,womens-tennis,2025,legacy-html,7
San Diego,WCC,usdtoreros.com,womens-tennis,2026,legacy-html,8
Saint Mary's,WCC,smcgaels.com,mens-tennis,2022,devalue,12
Saint Mary's,WCC,smcgaels.com,mens-tennis,2023,devalue,12
Saint Mary's,WCC,smcgaels.com,mens-tennis,2024,devalue,12
Saint Mary's,WCC,smcgaels.com,mens-tennis,2025,devalue,13
Saint Mary's,WCC,smcgaels.com,mens-tennis,2026,devalue,10
Saint Mary's,WCC,smcgaels.com,womens-tennis,2022,devalue,10
Saint Mary's,WCC,smcgaels.com,womens-tennis,2023,devalue,9
Saint Mary's,WCC,smcgaels.com,womens-tennis,2024,devalue,9
Saint Mary's,WCC,smcgaels.com,womens-tennis,2025,devalue,8
Saint Mary's,WCC,smcgaels.com,womens-tennis,2026,devalue,8
Santa Clara,WCC,santaclarabroncos.com,mens-tennis,2022,legacy-html,8
Santa Clara,WCC,santaclarabroncos.com,mens-tennis,2023,legacy-html,8
Santa Clara,WCC,santaclarabroncos.com,mens-tennis,2024,legacy-html,9
Santa Clara,WCC,santaclarabroncos.com,mens-tennis,2025,legacy-html,9
Santa Clara,WCC,santaclarabroncos.com,mens-tennis,2026,legacy-html,9
Santa Clara,WCC,santaclarabroncos.com,womens-tennis,2022,legacy-html,9
Santa Clara,WCC,santaclarabroncos.com,womens-tennis,2023,legacy-html,8
Santa Clara,WCC,santaclarabroncos.com,womens-tennis,2024,legacy-html,9
Santa Clara,WCC,santaclarabroncos.com,womens-tennis,2025,legacy-html,10
Santa Clara,WCC,santaclarabroncos.com,womens-tennis,2026,legacy-html,9
San Francisco,WCC,usfdons.com,mens-tennis,2022,devalue,8
San Francisco,WCC,usfdons.com,mens-tennis,2023,devalue,7
San Francisco,WCC,usfdons.com,mens-tennis,2024,devalue,7
San Francisco,WCC,usfdons.com,mens-tennis,2025,devalue,7
San Francisco,WCC,usfdons.com,mens-tennis,2026,devalue,7
San Francisco,WCC,usfdons.com,womens-tennis,2022,devalue,11
San Francisco,WCC,usfdons.com,womens-tennis,2023,devalue,10
San Francisco,WCC,usfdons.com,womens-tennis,2024,devalue,9
San Francisco,WCC,usfdons.com,womens-tennis,2025,devalue,9
San Francisco,WCC,usfdons.com,womens-tennis,2026,devalue,9
Utah State,Mountain West,utahstateaggies.com,mens-tennis,2022,none,0
Utah State,Mountain West,utahstateaggies.com,mens-tennis,2023,none,0
Utah State,Mountain West,utahstateaggies.com,mens-tennis,2024,none,0
Utah State,Mountain West,utahstateaggies.com,mens-tennis,2025,none,0
Utah State,Mountain West,utahstateaggies.com,mens-tennis,2026,none,0
Utah State,Mountain West,utahstateaggies.com,womens-tennis,2022,none,0
Utah State,Mountain West,utahstateaggies.com,womens-tennis,2023,none,0
Utah State,Mountain West,utahstateaggies.com,womens-tennis,2024,none,0
Utah State,Mountain West,utahstateaggies.com,womens-tennis,2025,none,0
Utah State,Mountain West,utahstateaggies.com,womens-tennis,2026,none,0
Pepperdine,WCC,pepperdinewaves.com,mens-tennis,2022,devalue,10
Pepperdine,WCC,pepperdinewaves.com,mens-tennis,2023,devalue,9
Pepperdine,WCC,pepperdinewaves.com,mens-tennis,2024,devalue,10
Pepperdine,WCC,pepperdinewaves.com,mens-tennis,2025,devalue,11
Pepperdine,WCC,pepperdinewaves.com,mens-tennis,2026,devalue,7
Pepperdine,WCC,pepperdinewaves.com,womens-tennis,2022,devalue,8
Pepperdine,WCC,pepperdinewaves.com,womens-tennis,2023,devalue,7
Pepperdine,WCC,pepperdinewaves.com,womens-tennis,2024,devalue,7
Pepperdine,WCC,pepperdinewaves.com,womens-tennis,2025,devalue,8
Pepperdine,WCC,pepperdinewaves.com,womens-tennis,2026,devalue,7
Cal Poly,Big West,gopoly.com,mens-tennis,2022,devalue,10
Cal Poly,Big West,gopoly.com,mens-tennis,2023,devalue,9
Cal Poly,Big West,gopoly.com,mens-tennis,2024,devalue,12
Cal Poly,Big West,gopoly.com,mens-tennis,2025,devalue,11
Cal Poly,Big West,gopoly.com,mens-tennis,2026,devalue,10
Cal Poly,Big West,gopoly.com,womens-tennis,2022,devalue,9
Cal Poly,Big West,gopoly.com,womens-tennis,2023,devalue,9
Cal Poly,Big West,gopoly.com,womens-tennis,2024,devalue,10
Cal Poly,Big West,gopoly.com,womens-tennis,2025,devalue,10
Cal Poly,Big West,gopoly.com,womens-tennis,2026,devalue,8
Hawai'i,Big West,hawaiiathletics.com,mens-tennis,2022,legacy-html,9
Hawai'i,Big West,hawaiiathletics.com,mens-tennis,2023,legacy-html,9
Hawai'i,Big West,hawaiiathletics.com,mens-tennis,2024,legacy-html,9
Hawai'i,Big West,hawaiiathletics.com,mens-tennis,2025,legacy-html,9
Hawai'i,Big West,hawaiiathletics.com,mens-tennis,2026,legacy-html,9
Hawai'i,Big West,hawaiiathletics.com,womens-tennis,2022,legacy-html,7
Hawai'i,Big West,hawaiiathletics.com,womens-tennis,2023,legacy-html,7
Hawai'i,Big West,hawaiiathletics.com,womens-tennis,2024,legacy-html,7
Hawai'i,Big West,hawaiiathletics.com,womens-tennis,2025,legacy-html,7
Hawai'i,Big West,hawaiiathletics.com,womens-tennis,2026,legacy-html,7
UC Davis,Big West,ucdavisaggies.com,mens-tennis,2022,legacy-html,9
UC Davis,Big West,ucdavisaggies.com,mens-tennis,2023,legacy-html,10
UC Davis,Big West,ucdavisaggies.com,mens-tennis,2024,legacy-html,10
UC Davis,Big West,ucdavisaggies.com,mens-tennis,2025,legacy-html,9
UC Davis,Big West,ucdavisaggies.com,mens-tennis,2026,legacy-html,10
UC Davis,Big West,ucdavisaggies.com,womens-tennis,2022,legacy-html,11
UC Davis,Big West,ucdavisaggies.com,womens-tennis,2023,legacy-html,11
UC Davis,Big West,ucdavisaggies.com,womens-tennis,2024,legacy-html,10
UC Davis,Big West,ucdavisaggies.com,womens-tennis,2025,legacy-html,10
UC Davis,Big West,ucdavisaggies.com,womens-tennis,2026,legacy-html,9
Wyoming,Mountain West,gowyo.com,mens-tennis,2022,none,0
Wyoming,Mountain West,gowyo.com,mens-tennis,2023,none,0
Wyoming,Mountain West,gowyo.com,mens-tennis,2024,none,0
Wyoming,Mountain West,gowyo.com,mens-tennis,2025,none,0
Wyoming,Mountain West,gowyo.com,mens-tennis,2026,none,0
Wyoming,Mountain West,gowyo.com,womens-tennis,2022,none,0
Wyoming,Mountain West,gowyo.com,womens-tennis,2023,none,0
Wyoming,Mountain West,gowyo.com,womens-tennis,2024,none,0
Wyoming,Mountain West,gowyo.com,womens-tennis,2025,none,0
Wyoming,Mountain West,gowyo.com,womens-tennis,2026,none,0
UC San Diego,Big West,ucsdtritons.com,mens-tennis,2022,legacy-html,12
UC San Diego,Big West,ucsdtritons.com,mens-tennis,2023,legacy-html,12
UC San Diego,Big West,ucsdtritons.com,mens-tennis,2024,legacy-html,14
UC San Diego,Big West,ucsdtritons.com,mens-tennis,2025,legacy-html,10
UC San Diego,Big West,ucsdtritons.com,mens-tennis,2026,legacy-html,10
UC San Diego,Big West,ucsdtritons.com,womens-tennis,2022,legacy-html,15
UC San Diego,Big West,ucsdtritons.com,womens-tennis,2023,legacy-html,15
UC San Diego,Big West,ucsdtritons.com,womens-tennis,2024,legacy-html,11
UC San Diego,Big West,ucsdtritons.com,womens-tennis,2025,legacy-html,11
UC San Diego,Big West,ucsdtritons.com,womens-tennis,2026,legacy-html,8
UC Irvine,Big West,ucirvinesports.com,mens-tennis,2022,devalue,9
UC Irvine,Big West,ucirvinesports.com,mens-tennis,2023,devalue,8
UC Irvine,Big West,ucirvinesports.com,mens-tennis,2024,devalue,10
UC Irvine,Big West,ucirvinesports.com,mens-tennis,2025,devalue,9
UC Irvine,Big West,ucirvinesports.com,mens-tennis,2026,devalue,10
UC Irvine,Big West,ucirvinesports.com,womens-tennis,2022,devalue,10
UC Irvine,Big West,ucirvinesports.com,womens-tennis,2023,devalue,13
UC Irvine,Big West,ucirvinesports.com,womens-tennis,2024,devalue,12
UC Irvine,Big West,ucirvinesports.com,womens-tennis,2025,devalue,11
UC Irvine,Big West,ucirvinesports.com,womens-tennis,2026,devalue,10
UC Riverside,Big West,gohighlanders.com,mens-tennis,2022,devalue,8
UC Riverside,Big West,gohighlanders.com,mens-tennis,2023,devalue,7
UC Riverside,Big West,gohighlanders.com,mens-tennis,2024,devalue,8
UC Riverside,Big West,gohighlanders.com,mens-tennis,2025,devalue,10
UC Riverside,Big West,gohighlanders.com,mens-tennis,2026,devalue,9
UC Riverside,Big West,gohighlanders.com,womens-tennis,2022,devalue,7
UC Riverside,Big West,gohighlanders.com,womens-tennis,2023,devalue,8
UC Riverside,Big West,gohighlanders.com,womens-tennis,2024,devalue,9
UC Riverside,Big West,gohighlanders.com,womens-tennis,2025,devalue,7
UC Riverside,Big West,gohighlanders.com,womens-tennis,2026,devalue,9
CSUN,Big West,gomatadors.com,mens-tennis,2022,none,0
CSUN,Big West,gomatadors.com,mens-tennis,2023,none,0
CSUN,Big West,gomatadors.com,mens-tennis,2024,none,0
CSUN,Big West,gomatadors.com,mens-tennis,2025,none,0
CSUN,Big West,gomatadors.com,mens-tennis,2026,none,0
CSUN,Big West,gomatadors.com,womens-tennis,2022,devalue,11
CSUN,Big West,gomatadors.com,womens-tennis,2023,devalue,12
CSUN,Big West,gomatadors.com,womens-tennis,2024,devalue,15
CSUN,Big West,gomatadors.com,womens-tennis,2025,devalue,14
CSUN,Big West,gomatadors.com,womens-tennis,2026,devalue,11
CSU Fullerton,Big West,fullertontitans.com,mens-tennis,2022,none,0
CSU Fullerton,Big West,fullertontitans.com,mens-tennis,2023,none,0
CSU Fullerton,Big West,fullertontitans.com,mens-tennis,2024,none,0
CSU Fullerton,Big West,fullertontitans.com,mens-tennis,2025,none,0
CSU Fullerton,Big West,fullertontitans.com,mens-tennis,2026,none,0
CSU Fullerton,Big West,fullertontitans.com,womens-tennis,2022,legacy-html,8
CSU Fullerton,Big West,fullertontitans.com,womens-tennis,2023,legacy-html,9
CSU Fullerton,Big West,fullertontitans.com,womens-tennis,2024,legacy-html,9
CSU Fullerton,Big West,fullertontitans.com,womens-tennis,2025,legacy-html,9
CSU Fullerton,Big West,fullertontitans.com,womens-tennis,2026,legacy-html,8
Long Beach State,Big West,longbeachstate.com,mens-tennis,2022,none,0
Long Beach State,Big West,longbeachstate.com,mens-tennis,2023,none,0
Long Beach State,Big West,longbeachstate.com,mens-tennis,2024,none,0
Long Beach State,Big West,longbeachstate.com,mens-tennis,2025,none,0
Long Beach State,Big West,longbeachstate.com,mens-tennis,2026,none,0
Long Beach State,Big West,longbeachstate.com,womens-tennis,2022,devalue,7
Long Beach State,Big West,longbeachstate.com,womens-tennis,2023,devalue,7
Long Beach State,Big West,longbeachstate.com,womens-tennis,2024,devalue,8
Long Beach State,Big West,longbeachstate.com,womens-tennis,2025,devalue,8
Long Beach State,Big West,longbeachstate.com,womens-tennis,2026,devalue,8
UC Santa Barbara,Big West,ucsbgauchos.com,mens-tennis,2022,legacy-html,10
UC Santa Barbara,Big West,ucsbgauchos.com,mens-tennis,2023,legacy-html,10
UC Santa Barbara,Big West,ucsbgauchos.com,mens-tennis,2024,legacy-html,10
UC Santa Barbara,Big West,ucsbgauchos.com,mens-tennis,2025,legacy-html,10
UC Santa Barbara,Big West,ucsbgauchos.com,mens-tennis,2026,legacy-html,12
UC Santa Barbara,Big West,ucsbgauchos.com,womens-tennis,2022,legacy-html,8
UC Santa Barbara,Big West,ucsbgauchos.com,womens-tennis,2023,legacy-html,8
UC Santa Barbara,Big West,ucsbgauchos.com,womens-tennis,2024,legacy-html,8
UC Santa Barbara,Big West,ucsbgauchos.com,womens-tennis,2025,legacy-html,10
UC Santa Barbara,Big West,ucsbgauchos.com,womens-tennis,2026,legacy-html,9
Jacksonville State,Conference USA,jaxstatesports.com,mens-tennis,2022,devalue,12
Jacksonville State,Conference USA,jaxstatesports.com,mens-tennis,2023,devalue,11
Jacksonville State,Conference USA,jaxstatesports.com,mens-tennis,2024,devalue,12
Jacksonville State,Conference USA,jaxstatesports.com,mens-tennis,2025,devalue,10
Jacksonville State,Conference USA,jaxstatesports.com,mens-tennis,2026,devalue,8
Jacksonville State,Conference USA,jaxstatesports.com,womens-tennis,2022,devalue,9
Jacksonville State,Conference USA,jaxstatesports.com,womens-tennis,2023,devalue,9
Jacksonville State,Conference USA,jaxstatesports.com,womens-tennis,2024,devalue,7
Jacksonville State,Conference USA,jaxstatesports.com,womens-tennis,2025,devalue,9
Jacksonville State,Conference USA,jaxstatesports.com,womens-tennis,2026,devalue,7
New Mexico State,Conference USA,nmstatesports.com,mens-tennis,2022,legacy-html,9
New Mexico State,Conference USA,nmstatesports.com,mens-tennis,2023,legacy-html,10
New Mexico State,Conference USA,nmstatesports.com,mens-tennis,2024,legacy-html,9
New Mexico State,Conference USA,nmstatesports.com,mens-tennis,2025,legacy-html,11
New Mexico State,Conference USA,nmstatesports.com,mens-tennis,2026,legacy-html,8
New Mexico State,Conference USA,nmstatesports.com,womens-tennis,2022,legacy-html,9
New Mexico State,Conference USA,nmstatesports.com,womens-tennis,2023,legacy-html,9
New Mexico State,Conference USA,nmstatesports.com,womens-tennis,2024,legacy-html,7
New Mexico State,Conference USA,nmstatesports.com,womens-tennis,2025,legacy-html,7
New Mexico State,Conference USA,nmstatesports.com,womens-tennis,2026,legacy-html,7
Liberty,Conference USA,libertyflames.com,mens-tennis,2022,devalue,9
Liberty,Conference USA,libertyflames.com,mens-tennis,2023,devalue,11
Liberty,Conference USA,libertyflames.com,mens-tennis,2024,devalue,9
Liberty,Conference USA,libertyflames.com,mens-tennis,2025,devalue,10
Liberty,Conference USA,libertyflames.com,mens-tennis,2026,devalue,9
Liberty,Conference USA,libertyflames.com,womens-tennis,2022,devalue,12
Liberty,Conference USA,libertyflames.com,womens-tennis,2023,devalue,11
Liberty,Conference USA,libertyflames.com,womens-tennis,2024,devalue,10
Liberty,Conference USA,libertyflames.com,womens-tennis,2025,devalue,7
Liberty,Conference USA,libertyflames.com,womens-tennis,2026,devalue,9
Middle Tennessee,Conference USA,goblueraiders.com,mens-tennis,2022,devalue,9
Middle Tennessee,Conference USA,goblueraiders.com,mens-tennis,2023,devalue,7
Middle Tennessee,Conference USA,goblueraiders.com,mens-tennis,2024,devalue,10
Middle Tennessee,Conference USA,goblueraiders.com,mens-tennis,2025,devalue,8
Middle Tennessee,Conference USA,goblueraiders.com,mens-tennis,2026,devalue,11
Middle Tennessee,Conference USA,goblueraiders.com,womens-tennis,2022,devalue,8
Middle Tennessee,Conference USA,goblueraiders.com,womens-tennis,2023,devalue,10
Middle Tennessee,Conference USA,goblueraiders.com,womens-tennis,2024,devalue,11
Middle Tennessee,Conference USA,goblueraiders.com,womens-tennis,2025,devalue,11
Middle Tennessee,Conference USA,goblueraiders.com,womens-tennis,2026,devalue,9
FIU,Conference USA,fiusports.com,mens-tennis,2022,none,0
FIU,Conference USA,fiusports.com,mens-tennis,2023,none,0
FIU,Conference USA,fiusports.com,mens-tennis,2024,none,0
FIU,Conference USA,fiusports.com,mens-tennis,2025,none,0
FIU,Conference USA,fiusports.com,mens-tennis,2026,none,0
FIU,Conference USA,fiusports.com,womens-tennis,2022,legacy-html,5
FIU,Conference USA,fiusports.com,womens-tennis,2023,legacy-html,7
FIU,Conference USA,fiusports.com,womens-tennis,2024,legacy-html,8
FIU,Conference USA,fiusports.com,womens-tennis,2025,legacy-html,8
FIU,Conference USA,fiusports.com,womens-tennis,2026,legacy-html,9
Coastal Carolina,Sun Belt,goccusports.com,mens-tennis,2022,devalue,9
Coastal Carolina,Sun Belt,goccusports.com,mens-tennis,2023,devalue,9
Coastal Carolina,Sun Belt,goccusports.com,mens-tennis,2024,devalue,9
Coastal Carolina,Sun Belt,goccusports.com,mens-tennis,2025,devalue,8
Coastal Carolina,Sun Belt,goccusports.com,mens-tennis,2026,devalue,8
Coastal Carolina,Sun Belt,goccusports.com,womens-tennis,2022,devalue,8
Coastal Carolina,Sun Belt,goccusports.com,womens-tennis,2023,devalue,8
Coastal Carolina,Sun Belt,goccusports.com,womens-tennis,2024,devalue,9
Coastal Carolina,Sun Belt,goccusports.com,womens-tennis,2025,devalue,8
Coastal Carolina,Sun Belt,goccusports.com,womens-tennis,2026,devalue,8
Louisiana Tech,Conference USA,latechsports.com,mens-tennis,2022,none,0
Louisiana Tech,Conference USA,latechsports.com,mens-tennis,2023,none,0
Louisiana Tech,Conference USA,latechsports.com,mens-tennis,2024,none,0
Louisiana Tech,Conference USA,latechsports.com,mens-tennis,2025,none,0
Louisiana Tech,Conference USA,latechsports.com,mens-tennis,2026,none,0
Louisiana Tech,Conference USA,latechsports.com,womens-tennis,2022,devalue,10
Louisiana Tech,Conference USA,latechsports.com,womens-tennis,2023,devalue,10
Louisiana Tech,Conference USA,latechsports.com,womens-tennis,2024,devalue,7
Louisiana Tech,Conference USA,latechsports.com,womens-tennis,2025,devalue,7
Louisiana Tech,Conference USA,latechsports.com,womens-tennis,2026,devalue,8
Georgia State,Sun Belt,georgiastatesports.com,mens-tennis,2022,legacy-html,9
Georgia State,Sun Belt,georgiastatesports.com,mens-tennis,2023,legacy-html,7
Georgia State,Sun Belt,georgiastatesports.com,mens-tennis,2024,legacy-html,8
Georgia State,Sun Belt,georgiastatesports.com,mens-tennis,2025,legacy-html,7
Georgia State,Sun Belt,georgiastatesports.com,mens-tennis,2026,legacy-html,9
Georgia State,Sun Belt,georgiastatesports.com,womens-tennis,2022,legacy-html,8
Georgia State,Sun Belt,georgiastatesports.com,womens-tennis,2023,legacy-html,7
Georgia State,Sun Belt,georgiastatesports.com,womens-tennis,2024,legacy-html,10
Georgia State,Sun Belt,georgiastatesports.com,womens-tennis,2025,legacy-html,9
Georgia State,Sun Belt,georgiastatesports.com,womens-tennis,2026,legacy-html,7
Georgia Southern,Sun Belt,gseagles.com,mens-tennis,2022,devalue,10
Georgia Southern,Sun Belt,gseagles.com,mens-tennis,2023,devalue,13
Georgia Southern,Sun Belt,gseagles.com,mens-tennis,2024,devalue,11
Georgia Southern,Sun Belt,gseagles.com,mens-tennis,2025,devalue,9
Georgia Southern,Sun Belt,gseagles.com,mens-tennis,2026,devalue,8
Georgia Southern,Sun Belt,gseagles.com,womens-tennis,2022,devalue,7
Georgia Southern,Sun Belt,gseagles.com,womens-tennis,2023,devalue,9
Georgia Southern,Sun Belt,gseagles.com,womens-tennis,2024,devalue,9
Georgia Southern,Sun Belt,gseagles.com,womens-tennis,2025,devalue,8
Georgia Southern,Sun Belt,gseagles.com,womens-tennis,2026,devalue,9
Sam Houston,Conference USA,gobearkats.com,mens-tennis,2022,none,0
Sam Houston,Conference USA,gobearkats.com,mens-tennis,2023,none,0
Sam Houston,Conference USA,gobearkats.com,mens-tennis,2024,none,0
Sam Houston,Conference USA,gobearkats.com,mens-tennis,2025,none,0
Sam Houston,Conference USA,gobearkats.com,mens-tennis,2026,none,0
Sam Houston,Conference USA,gobearkats.com,womens-tennis,2022,devalue,8
Sam Houston,Conference USA,gobearkats.com,womens-tennis,2023,devalue,10
Sam Houston,Conference USA,gobearkats.com,womens-tennis,2024,devalue,9
Sam Houston,Conference USA,gobearkats.com,womens-tennis,2025,devalue,7
Sam Houston,Conference USA,gobearkats.com,womens-tennis,2026,devalue,9
Western Kentucky,Conference USA,wkusports.com,mens-tennis,2022,none,0
Western Kentucky,Conference USA,wkusports.com,mens-tennis,2023,none,0
Western Kentucky,Conference USA,wkusports.com,mens-tennis,2024,none,0
Western Kentucky,Conference USA,wkusports.com,mens-tennis,2025,none,0
Western Kentucky,Conference USA,wkusports.com,mens-tennis,2026,none,0
Western Kentucky,Conference USA,wkusports.com,womens-tennis,2022,devalue,8
Western Kentucky,Conference USA,wkusports.com,womens-tennis,2023,devalue,7
Western Kentucky,Conference USA,wkusports.com,womens-tennis,2024,devalue,8
Western Kentucky,Conference USA,wkusports.com,womens-tennis,2025,devalue,8
Western Kentucky,Conference USA,wkusports.com,womens-tennis,2026,devalue,8
Louisiana,Sun Belt,ragincajuns.com,mens-tennis,2022,devalue,8
Louisiana,Sun Belt,ragincajuns.com,mens-tennis,2023,devalue,11
Louisiana,Sun Belt,ragincajuns.com,mens-tennis,2024,devalue,13
Louisiana,Sun Belt,ragincajuns.com,mens-tennis,2025,devalue,9
Louisiana,Sun Belt,ragincajuns.com,mens-tennis,2026,devalue,7
Louisiana,Sun Belt,ragincajuns.com,womens-tennis,2022,devalue,6
Louisiana,Sun Belt,ragincajuns.com,womens-tennis,2023,devalue,8
Louisiana,Sun Belt,ragincajuns.com,womens-tennis,2024,devalue,8
Louisiana,Sun Belt,ragincajuns.com,womens-tennis,2025,devalue,8
Louisiana,Sun Belt,ragincajuns.com,womens-tennis,2026,devalue,9
Old Dominion,Sun Belt,odusports.com,mens-tennis,2022,devalue,8
Old Dominion,Sun Belt,odusports.com,mens-tennis,2023,devalue,10
Old Dominion,Sun Belt,odusports.com,mens-tennis,2024,devalue,9
Old Dominion,Sun Belt,odusports.com,mens-tennis,2025,devalue,8
Old Dominion,Sun Belt,odusports.com,mens-tennis,2026,devalue,8
Old Dominion,Sun Belt,odusports.com,womens-tennis,2022,devalue,8
Old Dominion,Sun Belt,odusports.com,womens-tennis,2023,devalue,7
Old Dominion,Sun Belt,odusports.com,womens-tennis,2024,devalue,8
Old Dominion,Sun Belt,odusports.com,womens-tennis,2025,devalue,4
Old Dominion,Sun Belt,odusports.com,womens-tennis,2026,devalue,4
James Madison,Sun Belt,jmusports.com,mens-tennis,2022,devalue,8
James Madison,Sun Belt,jmusports.com,mens-tennis,2023,devalue,8
James Madison,Sun Belt,jmusports.com,mens-tennis,2024,devalue,9
James Madison,Sun Belt,jmusports.com,mens-tennis,2025,devalue,8
James Madison,Sun Belt,jmusports.com,mens-tennis,2026,devalue,10
James Madison,Sun Belt,jmusports.com,womens-tennis,2022,devalue,10
James Madison,Sun Belt,jmusports.com,womens-tennis,2023,devalue,9
James Madison,Sun Belt,jmusports.com,womens-tennis,2024,devalue,8
James Madison,Sun Belt,jmusports.com,womens-tennis,2025,devalue,10
James Madison,Sun Belt,jmusports.com,womens-tennis,2026,devalue,8
South Alabama,Sun Belt,usajaguars.com,mens-tennis,2022,legacy-html,7
South Alabama,Sun Belt,usajaguars.com,mens-tennis,2023,legacy-html,9
South Alabama,Sun Belt,usajaguars.com,mens-tennis,2024,legacy-html,7
South Alabama,Sun Belt,usajaguars.com,mens-tennis,2025,legacy-html,7
South Alabama,Sun Belt,usajaguars.com,mens-tennis,2026,legacy-html,7
South Alabama,Sun Belt,usajaguars.com,womens-tennis,2022,legacy-html,9
South Alabama,Sun Belt,usajaguars.com,womens-tennis,2023,legacy-html,8
South Alabama,Sun Belt,usajaguars.com,womens-tennis,2024,legacy-html,9
South Alabama,Sun Belt,usajaguars.com,womens-tennis,2025,legacy-html,8
South Alabama,Sun Belt,usajaguars.com,womens-tennis,2026,legacy-html,7
Drake,Missouri Valley,godrakebulldogs.com,mens-tennis,2022,legacy-html,12
Drake,Missouri Valley,godrakebulldogs.com,mens-tennis,2023,legacy-html,10
Drake,Missouri Valley,godrakebulldogs.com,mens-tennis,2024,legacy-html,11
Drake,Missouri Valley,godrakebulldogs.com,mens-tennis,2025,legacy-html,8
Drake,Missouri Valley,godrakebulldogs.com,mens-tennis,2026,legacy-html,11
Drake,Missouri Valley,godrakebulldogs.com,womens-tennis,2022,legacy-html,10
Drake,Missouri Valley,godrakebulldogs.com,womens-tennis,2023,legacy-html,9
Drake,Missouri Valley,godrakebulldogs.com,womens-tennis,2024,legacy-html,7
Drake,Missouri Valley,godrakebulldogs.com,womens-tennis,2025,legacy-html,7
Drake,Missouri Valley,godrakebulldogs.com,womens-tennis,2026,legacy-html,7
Troy,Sun Belt,troytrojans.com,mens-tennis,2022,devalue,10
Troy,Sun Belt,troytrojans.com,mens-tennis,2023,devalue,8
Troy,Sun Belt,troytrojans.com,mens-tennis,2024,devalue,8
Troy,Sun Belt,troytrojans.com,mens-tennis,2025,devalue,9
Troy,Sun Belt,troytrojans.com,mens-tennis,2026,devalue,10
Troy,Sun Belt,troytrojans.com,womens-tennis,2022,devalue,8
Troy,Sun Belt,troytrojans.com,womens-tennis,2023,devalue,8
Troy,Sun Belt,troytrojans.com,womens-tennis,2024,devalue,8
Troy,Sun Belt,troytrojans.com,womens-tennis,2025,devalue,7
Troy,Sun Belt,troytrojans.com,womens-tennis,2026,devalue,7
UTEP,Conference USA,utepathletics.com,mens-tennis,2022,none,0
UTEP,Conference USA,utepathletics.com,mens-tennis,2023,none,0
UTEP,Conference USA,utepathletics.com,mens-tennis,2024,none,0
UTEP,Conference USA,utepathletics.com,mens-tennis,2025,none,0
UTEP,Conference USA,utepathletics.com,mens-tennis,2026,none,0
UTEP,Conference USA,utepathletics.com,womens-tennis,2022,legacy-html,8
UTEP,Conference USA,utepathletics.com,womens-tennis,2023,legacy-html,8
UTEP,Conference USA,utepathletics.com,womens-tennis,2024,legacy-html,9
UTEP,Conference USA,utepathletics.com,womens-tennis,2025,legacy-html,7
UTEP,Conference USA,utepathletics.com,womens-tennis,2026,legacy-html,7
Illinois State,Missouri Valley,goredbirds.com,mens-tennis,2022,legacy-html,11
Illinois State,Missouri Valley,goredbirds.com,mens-tennis,2023,legacy-html,11
Illinois State,Missouri Valley,goredbirds.com,mens-tennis,2024,legacy-html,9
Illinois State,Missouri Valley,goredbirds.com,mens-tennis,2025,legacy-html,8
Illinois State,Missouri Valley,goredbirds.com,mens-tennis,2026,legacy-html,8
Illinois State,Missouri Valley,goredbirds.com,womens-tennis,2022,legacy-html,8
Illinois State,Missouri Valley,goredbirds.com,womens-tennis,2023,legacy-html,9
Illinois State,Missouri Valley,goredbirds.com,womens-tennis,2024,legacy-html,7
Illinois State,Missouri Valley,goredbirds.com,womens-tennis,2025,legacy-html,8
Illinois State,Missouri Valley,goredbirds.com,womens-tennis,2026,legacy-html,7
Evansville,Missouri Valley,gopurpleaces.com,mens-tennis,2022,none,0
Evansville,Missouri Valley,gopurpleaces.com,mens-tennis,2023,none,0
Evansville,Missouri Valley,gopurpleaces.com,mens-tennis,2024,none,0
Evansville,Missouri Valley,gopurpleaces.com,mens-tennis,2025,none,0
Evansville,Missouri Valley,gopurpleaces.com,mens-tennis,2026,none,0
Evansville,Missouri Valley,gopurpleaces.com,womens-tennis,2022,legacy-html,8
Evansville,Missouri Valley,gopurpleaces.com,womens-tennis,2023,legacy-html,8
Evansville,Missouri Valley,gopurpleaces.com,womens-tennis,2024,legacy-html,8
Evansville,Missouri Valley,gopurpleaces.com,womens-tennis,2025,legacy-html,8
Evansville,Missouri Valley,gopurpleaces.com,womens-tennis,2026,legacy-html,8
UNI,Missouri Valley,unipanthers.com,mens-tennis,2022,none,0
UNI,Missouri Valley,unipanthers.com,mens-tennis,2023,none,0
UNI,Missouri Valley,unipanthers.com,mens-tennis,2024,none,0
UNI,Missouri Valley,unipanthers.com,mens-tennis,2025,none,0
UNI,Missouri Valley,unipanthers.com,mens-tennis,2026,none,0
UNI,Missouri Valley,unipanthers.com,womens-tennis,2022,devalue,7
UNI,Missouri Valley,unipanthers.com,womens-tennis,2023,devalue,8
UNI,Missouri Valley,unipanthers.com,womens-tennis,2024,devalue,8
UNI,Missouri Valley,unipanthers.com,womens-tennis,2025,devalue,7
UNI,Missouri Valley,unipanthers.com,womens-tennis,2026,devalue,9
Campbell,CAA,gocamels.com,mens-tennis,2022,legacy-html,9
Campbell,CAA,gocamels.com,mens-tennis,2023,legacy-html,10
Campbell,CAA,gocamels.com,mens-tennis,2024,legacy-html,10
Campbell,CAA,gocamels.com,mens-tennis,2025,legacy-html,6
Campbell,CAA,gocamels.com,mens-tennis,2026,legacy-html,9
Campbell,CAA,gocamels.com,womens-tennis,2022,legacy-html,8
Campbell,CAA,gocamels.com,womens-tennis,2023,legacy-html,9
Campbell,CAA,gocamels.com,womens-tennis,2024,legacy-html,7
Campbell,CAA,gocamels.com,womens-tennis,2025,legacy-html,8
Campbell,CAA,gocamels.com,womens-tennis,2026,legacy-html,10
Bradley,Missouri Valley,bradleybraves.com,mens-tennis,2022,none,0
Bradley,Missouri Valley,bradleybraves.com,mens-tennis,2023,none,0
Bradley,Missouri Valley,bradleybraves.com,mens-tennis,2024,none,0
Bradley,Missouri Valley,bradleybraves.com,mens-tennis,2025,none,0
Bradley,Missouri Valley,bradleybraves.com,mens-tennis,2026,none,0
Bradley,Missouri Valley,bradleybraves.com,womens-tennis,2022,none,0
Bradley,Missouri Valley,bradleybraves.com,womens-tennis,2023,none,0
Bradley,Missouri Valley,bradleybraves.com,womens-tennis,2024,none,0
Bradley,Missouri Valley,bradleybraves.com,womens-tennis,2025,none,0
Bradley,Missouri Valley,bradleybraves.com,womens-tennis,2026,none,0
Charleston,CAA,cofcsports.com,mens-tennis,2022,devalue,11
Charleston,CAA,cofcsports.com,mens-tennis,2023,devalue,11
Charleston,CAA,cofcsports.com,mens-tennis,2024,devalue,9
Charleston,CAA,cofcsports.com,mens-tennis,2025,devalue,11
Charleston,CAA,cofcsports.com,mens-tennis,2026,devalue,10
Charleston,CAA,cofcsports.com,womens-tennis,2022,devalue,11
Charleston,CAA,cofcsports.com,womens-tennis,2023,devalue,13
Charleston,CAA,cofcsports.com,womens-tennis,2024,devalue,12
Charleston,CAA,cofcsports.com,womens-tennis,2025,devalue,11
Charleston,CAA,cofcsports.com,womens-tennis,2026,devalue,11
Drexel,CAA,drexeldragons.com,mens-tennis,2022,devalue,9
Drexel,CAA,drexeldragons.com,mens-tennis,2023,devalue,10
Drexel,CAA,drexeldragons.com,mens-tennis,2024,devalue,8
Drexel,CAA,drexeldragons.com,mens-tennis,2025,devalue,8
Drexel,CAA,drexeldragons.com,mens-tennis,2026,devalue,8
Drexel,CAA,drexeldragons.com,womens-tennis,2022,devalue,8
Drexel,CAA,drexeldragons.com,womens-tennis,2023,devalue,8
Drexel,CAA,drexeldragons.com,womens-tennis,2024,devalue,8
Drexel,CAA,drexeldragons.com,womens-tennis,2025,devalue,8
Drexel,CAA,drexeldragons.com,womens-tennis,2026,devalue,9
Valparaiso,Missouri Valley,valpoathletics.com,mens-tennis,2022,none,0
Valparaiso,Missouri Valley,valpoathletics.com,mens-tennis,2023,none,0
Valparaiso,Missouri Valley,valpoathletics.com,mens-tennis,2024,none,0
Valparaiso,Missouri Valley,valpoathletics.com,mens-tennis,2025,none,0
Valparaiso,Missouri Valley,valpoathletics.com,mens-tennis,2026,none,0
Valparaiso,Missouri Valley,valpoathletics.com,womens-tennis,2022,legacy-html,7
Valparaiso,Missouri Valley,valpoathletics.com,womens-tennis,2023,legacy-html,7
Valparaiso,Missouri Valley,valpoathletics.com,womens-tennis,2024,legacy-html,7
Valparaiso,Missouri Valley,valpoathletics.com,womens-tennis,2025,legacy-html,6
Valparaiso,Missouri Valley,valpoathletics.com,womens-tennis,2026,legacy-html,7
Elon,CAA,elonphoenix.com,mens-tennis,2022,legacy-html,10
Elon,CAA,elonphoenix.com,mens-tennis,2023,legacy-html,8
Elon,CAA,elonphoenix.com,mens-tennis,2024,legacy-html,9
Elon,CAA,elonphoenix.com,mens-tennis,2025,legacy-html,8
Elon,CAA,elonphoenix.com,mens-tennis,2026,legacy-html,8
Elon,CAA,elonphoenix.com,womens-tennis,2022,legacy-html,8
Elon,CAA,elonphoenix.com,womens-tennis,2023,legacy-html,9
Elon,CAA,elonphoenix.com,womens-tennis,2024,legacy-html,8
Elon,CAA,elonphoenix.com,womens-tennis,2025,legacy-html,8
Elon,CAA,elonphoenix.com,womens-tennis,2026,legacy-html,9
Texas State,Sun Belt,txstatebobcats.com,mens-tennis,2022,none,0
Texas State,Sun Belt,txstatebobcats.com,mens-tennis,2023,none,0
Texas State,Sun Belt,txstatebobcats.com,mens-tennis,2024,none,0
Texas State,Sun Belt,txstatebobcats.com,mens-tennis,2025,none,0
Texas State,Sun Belt,txstatebobcats.com,mens-tennis,2026,none,0
Texas State,Sun Belt,txstatebobcats.com,womens-tennis,2022,legacy-html,9
Texas State,Sun Belt,txstatebobcats.com,womens-tennis,2023,legacy-html,9
Texas State,Sun Belt,txstatebobcats.com,womens-tennis,2024,legacy-html,9
Texas State,Sun Belt,txstatebobcats.com,womens-tennis,2025,legacy-html,9
Texas State,Sun Belt,txstatebobcats.com,womens-tennis,2026,legacy-html,9
Southern Illinois,Missouri Valley,siusalukis.com,mens-tennis,2022,devalue,7
Southern Illinois,Missouri Valley,siusalukis.com,mens-tennis,2023,devalue,7
Southern Illinois,Missouri Valley,siusalukis.com,mens-tennis,2024,devalue,7
Southern Illinois,Missouri Valley,siusalukis.com,mens-tennis,2025,devalue,7
Southern Illinois,Missouri Valley,siusalukis.com,mens-tennis,2026,devalue,7
Southern Illinois,Missouri Valley,siusalukis.com,womens-tennis,2022,devalue,9
Southern Illinois,Missouri Valley,siusalukis.com,womens-tennis,2023,devalue,9
Southern Illinois,Missouri Valley,siusalukis.com,womens-tennis,2024,devalue,9
Southern Illinois,Missouri Valley,siusalukis.com,womens-tennis,2025,devalue,9
Southern Illinois,Missouri Valley,siusalukis.com,womens-tennis,2026,devalue,9
Hofstra,CAA,gohofstra.com,mens-tennis,2022,legacy-html,15
Hofstra,CAA,gohofstra.com,mens-tennis,2023,legacy-html,9
Hofstra,CAA,gohofstra.com,mens-tennis,2024,legacy-html,9
Hofstra,CAA,gohofstra.com,mens-tennis,2025,legacy-html,8
Hofstra,CAA,gohofstra.com,mens-tennis,2026,legacy-html,7
Hofstra,CAA,gohofstra.com,womens-tennis,2022,legacy-html,17
Hofstra,CAA,gohofstra.com,womens-tennis,2023,legacy-html,12
Hofstra,CAA,gohofstra.com,womens-tennis,2024,legacy-html,11
Hofstra,CAA,gohofstra.com,womens-tennis,2025,legacy-html,11
Hofstra,CAA,gohofstra.com,womens-tennis,2026,legacy-html,8
NC A&T,CAA,ncataggies.com,mens-tennis,2022,legacy-html,9
NC A&T,CAA,ncataggies.com,mens-tennis,2023,legacy-html,9
NC A&T,CAA,ncataggies.com,mens-tennis,2024,legacy-html,7
NC A&T,CAA,ncataggies.com,mens-tennis,2025,legacy-html,7
NC A&T,CAA,ncataggies.com,mens-tennis,2026,legacy-html,7
NC A&T,CAA,ncataggies.com,womens-tennis,2022,legacy-html,5
NC A&T,CAA,ncataggies.com,womens-tennis,2023,legacy-html,6
NC A&T,CAA,ncataggies.com,womens-tennis,2024,legacy-html,7
NC A&T,CAA,ncataggies.com,womens-tennis,2025,legacy-html,7
NC A&T,CAA,ncataggies.com,womens-tennis,2026,legacy-html,7
Monmouth,CAA,monmouthhawks.com,mens-tennis,2022,legacy-html,12
Monmouth,CAA,monmouthhawks.com,mens-tennis,2023,legacy-html,10
Monmouth,CAA,monmouthhawks.com,mens-tennis,2024,legacy-html,9
Monmouth,CAA,monmouthhawks.com,mens-tennis,2025,legacy-html,8
Monmouth,CAA,monmouthhawks.com,mens-tennis,2026,legacy-html,8
Monmouth,CAA,monmouthhawks.com,womens-tennis,2022,legacy-html,8
Monmouth,CAA,monmouthhawks.com,womens-tennis,2023,legacy-html,8
Monmouth,CAA,monmouthhawks.com,womens-tennis,2024,legacy-html,7
Monmouth,CAA,monmouthhawks.com,womens-tennis,2025,legacy-html,7
Monmouth,CAA,monmouthhawks.com,womens-tennis,2026,legacy-html,6
Hampton,CAA,hamptonpirates.com,mens-tennis,2022,devalue,7
Hampton,CAA,hamptonpirates.com,mens-tennis,2023,devalue,6
Hampton,CAA,hamptonpirates.com,mens-tennis,2024,devalue,8
Hampton,CAA,hamptonpirates.com,mens-tennis,2025,devalue,9
Hampton,CAA,hamptonpirates.com,mens-tennis,2026,devalue,7
Hampton,CAA,hamptonpirates.com,womens-tennis,2022,devalue,8
Hampton,CAA,hamptonpirates.com,womens-tennis,2023,devalue,8
Hampton,CAA,hamptonpirates.com,womens-tennis,2024,devalue,7
Hampton,CAA,hamptonpirates.com,womens-tennis,2025,devalue,7
Hampton,CAA,hamptonpirates.com,womens-tennis,2026,devalue,8
William & Mary,CAA,tribeathletics.com,mens-tennis,2022,legacy-html,9
William & Mary,CAA,tribeathletics.com,mens-tennis,2023,legacy-html,9
William & Mary,CAA,tribeathletics.com,mens-tennis,2024,legacy-html,9
William & Mary,CAA,tribeathletics.com,mens-tennis,2025,legacy-html,9
William & Mary,CAA,tribeathletics.com,mens-tennis,2026,legacy-html,10
William & Mary,CAA,tribeathletics.com,womens-tennis,2022,legacy-html,11
William & Mary,CAA,tribeathletics.com,womens-tennis,2023,legacy-html,12
William & Mary,CAA,tribeathletics.com,womens-tennis,2024,legacy-html,12
William & Mary,CAA,tribeathletics.com,womens-tennis,2025,legacy-html,10
William & Mary,CAA,tribeathletics.com,womens-tennis,2026,legacy-html,9
UNC Wilmington,CAA,uncwsports.com,mens-tennis,2022,legacy-html,13
UNC Wilmington,CAA,uncwsports.com,mens-tennis,2023,legacy-html,14
UNC Wilmington,CAA,uncwsports.com,mens-tennis,2024,legacy-html,10
UNC Wilmington,CAA,uncwsports.com,mens-tennis,2025,legacy-html,12
UNC Wilmington,CAA,uncwsports.com,mens-tennis,2026,legacy-html,12
UNC Wilmington,CAA,uncwsports.com,womens-tennis,2022,legacy-html,11
UNC Wilmington,CAA,uncwsports.com,womens-tennis,2023,legacy-html,11
UNC Wilmington,CAA,uncwsports.com,womens-tennis,2024,legacy-html,10
UNC Wilmington,CAA,uncwsports.com,womens-tennis,2025,legacy-html,10
UNC Wilmington,CAA,uncwsports.com,womens-tennis,2026,legacy-html,6
Gardner-Webb,Big South,gwusports.com,mens-tennis,2022,devalue,9
Gardner-Webb,Big South,gwusports.com,mens-tennis,2023,devalue,10
Gardner-Webb,Big South,gwusports.com,mens-tennis,2024,devalue,11
Gardner-Webb,Big South,gwusports.com,mens-tennis,2025,devalue,11
Gardner-Webb,Big South,gwusports.com,mens-tennis,2026,devalue,9
Gardner-Webb,Big South,gwusports.com,womens-tennis,2022,devalue,8
Gardner-Webb,Big South,gwusports.com,womens-tennis,2023,devalue,8
Gardner-Webb,Big South,gwusports.com,womens-tennis,2024,devalue,7
Gardner-Webb,Big South,gwusports.com,womens-tennis,2025,devalue,8
Gardner-Webb,Big South,gwusports.com,womens-tennis,2026,devalue,6
Longwood,Big South,longwoodlancers.com,mens-tennis,2022,legacy-html,6
Longwood,Big South,longwoodlancers.com,mens-tennis,2023,legacy-html,8
Longwood,Big South,longwoodlancers.com,mens-tennis,2024,legacy-html,9
Longwood,Big South,longwoodlancers.com,mens-tennis,2025,legacy-html,10
Longwood,Big South,longwoodlancers.com,mens-tennis,2026,legacy-html,7
Longwood,Big South,longwoodlancers.com,womens-tennis,2022,legacy-html,9
Longwood,Big South,longwoodlancers.com,womens-tennis,2023,legacy-html,6
Longwood,Big South,longwoodlancers.com,womens-tennis,2024,legacy-html,8
Longwood,Big South,longwoodlancers.com,womens-tennis,2025,legacy-html,9
Longwood,Big South,longwoodlancers.com,womens-tennis,2026,legacy-html,9
Towson,CAA,towsontigers.com,mens-tennis,2022,none,0
Towson,CAA,towsontigers.com,mens-tennis,2023,none,0
Towson,CAA,towsontigers.com,mens-tennis,2024,none,0
Towson,CAA,towsontigers.com,mens-tennis,2025,none,0
Towson,CAA,towsontigers.com,mens-tennis,2026,none,0
Towson,CAA,towsontigers.com,womens-tennis,2022,legacy-html,13
Towson,CAA,towsontigers.com,womens-tennis,2023,legacy-html,7
Towson,CAA,towsontigers.com,womens-tennis,2024,legacy-html,8
Towson,CAA,towsontigers.com,womens-tennis,2025,legacy-html,11
Towson,CAA,towsontigers.com,womens-tennis,2026,legacy-html,9
Presbyterian,Big South,gobluehose.com,mens-tennis,2022,legacy-html,10
Presbyterian,Big South,gobluehose.com,mens-tennis,2023,legacy-html,11
Presbyterian,Big South,gobluehose.com,mens-tennis,2024,legacy-html,8
Presbyterian,Big South,gobluehose.com,mens-tennis,2025,legacy-html,7
Presbyterian,Big South,gobluehose.com,mens-tennis,2026,legacy-html,10
Presbyterian,Big South,gobluehose.com,womens-tennis,2022,legacy-html,8
Presbyterian,Big South,gobluehose.com,womens-tennis,2023,legacy-html,7
Presbyterian,Big South,gobluehose.com,womens-tennis,2024,legacy-html,9
Presbyterian,Big South,gobluehose.com,womens-tennis,2025,legacy-html,8
Presbyterian,Big South,gobluehose.com,womens-tennis,2026,legacy-html,6
Radford,Big South,radfordathletics.com,mens-tennis,2022,devalue,11
Radford,Big South,radfordathletics.com,mens-tennis,2023,devalue,9
Radford,Big South,radfordathletics.com,mens-tennis,2024,devalue,8
Radford,Big South,radfordathletics.com,mens-tennis,2025,devalue,6
Radford,Big South,radfordathletics.com,mens-tennis,2026,devalue,6
Radford,Big South,radfordathletics.com,womens-tennis,2022,devalue,9
Radford,Big South,radfordathletics.com,womens-tennis,2023,devalue,8
Radford,Big South,radfordathletics.com,womens-tennis,2024,devalue,7
Radford,Big South,radfordathletics.com,womens-tennis,2025,devalue,6
Radford,Big South,radfordathletics.com,womens-tennis,2026,devalue,6
Winthrop,Big South,winthropeagles.com,mens-tennis,2022,legacy-html,10
Winthrop,Big South,winthropeagles.com,mens-tennis,2023,legacy-html,10
Winthrop,Big South,winthropeagles.com,mens-tennis,2024,legacy-html,10
Winthrop,Big South,winthropeagles.com,mens-tennis,2025,legacy-html,10
Winthrop,Big South,winthropeagles.com,mens-tennis,2026,legacy-html,10
Winthrop,Big South,winthropeagles.com,womens-tennis,2022,legacy-html,7
Winthrop,Big South,winthropeagles.com,womens-tennis,2023,legacy-html,7
Winthrop,Big South,winthropeagles.com,womens-tennis,2024,legacy-html,7
Winthrop,Big South,winthropeagles.com,womens-tennis,2025,legacy-html,7
Winthrop,Big South,winthropeagles.com,womens-tennis,2026,legacy-html,7
UNC Asheville,Big South,uncabulldogs.com,mens-tennis,2022,devalue,7
UNC Asheville,Big South,uncabulldogs.com,mens-tennis,2023,devalue,8
UNC Asheville,Big South,uncabulldogs.com,mens-tennis,2024,devalue,8
UNC Asheville,Big South,uncabulldogs.com,mens-tennis,2025,devalue,10
UNC Asheville,Big South,uncabulldogs.com,mens-tennis,2026,devalue,9
UNC Asheville,Big South,uncabulldogs.com,womens-tennis,2022,devalue,8
UNC Asheville,Big South,uncabulldogs.com,womens-tennis,2023,devalue,9
UNC Asheville,Big South,uncabulldogs.com,womens-tennis,2024,devalue,11
UNC Asheville,Big South,uncabulldogs.com,womens-tennis,2025,devalue,10
UNC Asheville,Big South,uncabulldogs.com,womens-tennis,2026,devalue,9
Chattanooga,Southern,gomocs.com,mens-tennis,2022,legacy-html,11
Chattanooga,Southern,gomocs.com,mens-tennis,2023,legacy-html,10
Chattanooga,Southern,gomocs.com,mens-tennis,2024,legacy-html,13
Chattanooga,Southern,gomocs.com,mens-tennis,2025,legacy-html,12
Chattanooga,Southern,gomocs.com,mens-tennis,2026,legacy-html,9
Chattanooga,Southern,gomocs.com,womens-tennis,2022,legacy-html,10
Chattanooga,Southern,gomocs.com,womens-tennis,2023,legacy-html,8
Chattanooga,Southern,gomocs.com,womens-tennis,2024,legacy-html,7
Chattanooga,Southern,gomocs.com,womens-tennis,2025,legacy-html,8
Chattanooga,Southern,gomocs.com,womens-tennis,2026,legacy-html,10
Charleston Southern,Big South,csusports.com,mens-tennis,2022,none,0
Charleston Southern,Big South,csusports.com,mens-tennis,2023,none,0
Charleston Southern,Big South,csusports.com,mens-tennis,2024,none,0
Charleston Southern,Big South,csusports.com,mens-tennis,2025,none,0
Charleston Southern,Big South,csusports.com,mens-tennis,2026,none,0
Charleston Southern,Big South,csusports.com,womens-tennis,2022,legacy-html,9
Charleston Southern,Big South,csusports.com,womens-tennis,2023,legacy-html,8
Charleston Southern,Big South,csusports.com,womens-tennis,2024,legacy-html,8
Charleston Southern,Big South,csusports.com,womens-tennis,2025,legacy-html,8
Charleston Southern,Big South,csusports.com,womens-tennis,2026,legacy-html,7
Furman,Southern,furmanpaladins.com,mens-tennis,2022,legacy-html,13
Furman,Southern,furmanpaladins.com,mens-tennis,2023,legacy-html,12
Furman,Southern,furmanpaladins.com,mens-tennis,2024,legacy-html,11
Furman,Southern,furmanpaladins.com,mens-tennis,2025,legacy-html,12
Furman,Southern,furmanpaladins.com,mens-tennis,2026,legacy-html,12
Furman,Southern,furmanpaladins.com,womens-tennis,2022,legacy-html,10
Furman,Southern,furmanpaladins.com,womens-tennis,2023,legacy-html,7
Furman,Southern,furmanpaladins.com,womens-tennis,2024,legacy-html,8
Furman,Southern,furmanpaladins.com,womens-tennis,2025,legacy-html,7
Furman,Southern,furmanpaladins.com,womens-tennis,2026,legacy-html,8
Northeastern,CAA,nuhuskies.com,mens-tennis,2022,none,0
Northeastern,CAA,nuhuskies.com,mens-tennis,2023,none,0
Northeastern,CAA,nuhuskies.com,mens-tennis,2024,none,0
Northeastern,CAA,nuhuskies.com,mens-tennis,2025,none,0
Northeastern,CAA,nuhuskies.com,mens-tennis,2026,none,0
Northeastern,CAA,nuhuskies.com,womens-tennis,2022,none,0
Northeastern,CAA,nuhuskies.com,womens-tennis,2023,none,0
Northeastern,CAA,nuhuskies.com,womens-tennis,2024,none,0
Northeastern,CAA,nuhuskies.com,womens-tennis,2025,none,0
Northeastern,CAA,nuhuskies.com,womens-tennis,2026,none,0
East Tennessee State,Southern,etsubucs.com,mens-tennis,2022,legacy-html,2
East Tennessee State,Southern,etsubucs.com,mens-tennis,2023,legacy-html,7
East Tennessee State,Southern,etsubucs.com,mens-tennis,2024,legacy-html,9
East Tennessee State,Southern,etsubucs.com,mens-tennis,2025,legacy-html,8
East Tennessee State,Southern,etsubucs.com,mens-tennis,2026,legacy-html,8
East Tennessee State,Southern,etsubucs.com,womens-tennis,2022,none,0
East Tennessee State,Southern,etsubucs.com,womens-tennis,2023,none,0
East Tennessee State,Southern,etsubucs.com,womens-tennis,2024,legacy-html,7
East Tennessee State,Southern,etsubucs.com,womens-tennis,2025,legacy-html,6
East Tennessee State,Southern,etsubucs.com,womens-tennis,2026,legacy-html,6
Mercer,Southern,mercerbears.com,mens-tennis,2022,devalue,9
Mercer,Southern,mercerbears.com,mens-tennis,2023,devalue,8
Mercer,Southern,mercerbears.com,mens-tennis,2024,devalue,8
Mercer,Southern,mercerbears.com,mens-tennis,2025,devalue,9
Mercer,Southern,mercerbears.com,mens-tennis,2026,devalue,9
Mercer,Southern,mercerbears.com,womens-tennis,2022,devalue,8
Mercer,Southern,mercerbears.com,womens-tennis,2023,devalue,8
Mercer,Southern,mercerbears.com,womens-tennis,2024,devalue,9
Mercer,Southern,mercerbears.com,womens-tennis,2025,devalue,9
Mercer,Southern,mercerbears.com,womens-tennis,2026,devalue,8
Samford,Southern,samfordsports.com,mens-tennis,2022,legacy-html,10
Samford,Southern,samfordsports.com,mens-tennis,2023,legacy-html,10
Samford,Southern,samfordsports.com,mens-tennis,2024,legacy-html,14
Samford,Southern,samfordsports.com,mens-tennis,2025,legacy-html,12
Samford,Southern,samfordsports.com,mens-tennis,2026,legacy-html,10
Samford,Southern,samfordsports.com,womens-tennis,2022,legacy-html,11
Samford,Southern,samfordsports.com,womens-tennis,2023,legacy-html,11
Samford,Southern,samfordsports.com,womens-tennis,2024,legacy-html,11
Samford,Southern,samfordsports.com,womens-tennis,2025,legacy-html,10
Samford,Southern,samfordsports.com,womens-tennis,2026,legacy-html,11
UNC Greensboro,Southern,uncgspartans.com,mens-tennis,2022,legacy-html,9
UNC Greensboro,Southern,uncgspartans.com,mens-tennis,2023,legacy-html,10
UNC Greensboro,Southern,uncgspartans.com,mens-tennis,2024,legacy-html,11
UNC Greensboro,Southern,uncgspartans.com,mens-tennis,2025,legacy-html,8
UNC Greensboro,Southern,uncgspartans.com,mens-tennis,2026,legacy-html,8
UNC Greensboro,Southern,uncgspartans.com,womens-tennis,2022,legacy-html,6
UNC Greensboro,Southern,uncgspartans.com,womens-tennis,2023,legacy-html,10
UNC Greensboro,Southern,uncgspartans.com,womens-tennis,2024,legacy-html,10
UNC Greensboro,Southern,uncgspartans.com,womens-tennis,2025,legacy-html,9
UNC Greensboro,Southern,uncgspartans.com,womens-tennis,2026,legacy-html,9
Wofford,Southern,woffordterriers.com,mens-tennis,2022,legacy-html,8
Wofford,Southern,woffordterriers.com,mens-tennis,2023,legacy-html,8
Wofford,Southern,woffordterriers.com,mens-tennis,2024,legacy-html,11
Wofford,Southern,woffordterriers.com,mens-tennis,2025,legacy-html,12
Wofford,Southern,woffordterriers.com,mens-tennis,2026,legacy-html,10
Wofford,Southern,woffordterriers.com,womens-tennis,2022,legacy-html,9
Wofford,Southern,woffordterriers.com,womens-tennis,2023,legacy-html,8
Wofford,Southern,woffordterriers.com,womens-tennis,2024,legacy-html,9
Wofford,Southern,woffordterriers.com,womens-tennis,2025,legacy-html,9
Wofford,Southern,woffordterriers.com,womens-tennis,2026,legacy-html,8
Austin Peay,ASUN,letsgopeay.com,mens-tennis,2022,legacy-html,7
Austin Peay,ASUN,letsgopeay.com,mens-tennis,2023,legacy-html,8
Austin Peay,ASUN,letsgopeay.com,mens-tennis,2024,legacy-html,8
Austin Peay,ASUN,letsgopeay.com,mens-tennis,2025,legacy-html,10
Austin Peay,ASUN,letsgopeay.com,mens-tennis,2026,legacy-html,8
Austin Peay,ASUN,letsgopeay.com,womens-tennis,2022,legacy-html,7
Austin Peay,ASUN,letsgopeay.com,womens-tennis,2023,legacy-html,8
Austin Peay,ASUN,letsgopeay.com,womens-tennis,2024,legacy-html,8
Austin Peay,ASUN,letsgopeay.com,womens-tennis,2025,legacy-html,9
Austin Peay,ASUN,letsgopeay.com,womens-tennis,2026,legacy-html,9
The Citadel,Southern,citadelsports.com,mens-tennis,2022,devalue,12
The Citadel,Southern,citadelsports.com,mens-tennis,2023,devalue,16
The Citadel,Southern,citadelsports.com,mens-tennis,2024,devalue,15
The Citadel,Southern,citadelsports.com,mens-tennis,2025,devalue,14
The Citadel,Southern,citadelsports.com,mens-tennis,2026,devalue,15
The Citadel,Southern,citadelsports.com,womens-tennis,2022,none,0
The Citadel,Southern,citadelsports.com,womens-tennis,2023,none,0
The Citadel,Southern,citadelsports.com,womens-tennis,2024,none,0
The Citadel,Southern,citadelsports.com,womens-tennis,2025,none,0
The Citadel,Southern,citadelsports.com,womens-tennis,2026,none,0
Eastern Kentucky,ASUN,ekusports.com,mens-tennis,2022,legacy-html,4
Eastern Kentucky,ASUN,ekusports.com,mens-tennis,2023,legacy-html,11
Eastern Kentucky,ASUN,ekusports.com,mens-tennis,2024,legacy-html,11
Eastern Kentucky,ASUN,ekusports.com,mens-tennis,2025,legacy-html,9
Eastern Kentucky,ASUN,ekusports.com,mens-tennis,2026,legacy-html,4
Eastern Kentucky,ASUN,ekusports.com,womens-tennis,2022,legacy-html,5
Eastern Kentucky,ASUN,ekusports.com,womens-tennis,2023,legacy-html,11
Eastern Kentucky,ASUN,ekusports.com,womens-tennis,2024,legacy-html,10
Eastern Kentucky,ASUN,ekusports.com,womens-tennis,2025,legacy-html,10
Eastern Kentucky,ASUN,ekusports.com,womens-tennis,2026,legacy-html,5
Bellarmine,ASUN,athletics.bellarmine.edu,mens-tennis,2022,legacy-html,9
Bellarmine,ASUN,athletics.bellarmine.edu,mens-tennis,2023,legacy-html,9
Bellarmine,ASUN,athletics.bellarmine.edu,mens-tennis,2024,legacy-html,9
Bellarmine,ASUN,athletics.bellarmine.edu,mens-tennis,2025,legacy-html,8
Bellarmine,ASUN,athletics.bellarmine.edu,mens-tennis,2026,legacy-html,7
Bellarmine,ASUN,athletics.bellarmine.edu,womens-tennis,2022,legacy-html,8
Bellarmine,ASUN,athletics.bellarmine.edu,womens-tennis,2023,legacy-html,7
Bellarmine,ASUN,athletics.bellarmine.edu,womens-tennis,2024,legacy-html,9
Bellarmine,ASUN,athletics.bellarmine.edu,womens-tennis,2025,legacy-html,9
Bellarmine,ASUN,athletics.bellarmine.edu,womens-tennis,2026,legacy-html,7
High Point,Big South,highpointpanthers.com,mens-tennis,2022,none,0
High Point,Big South,highpointpanthers.com,mens-tennis,2023,none,0
High Point,Big South,highpointpanthers.com,mens-tennis,2024,none,0
High Point,Big South,highpointpanthers.com,mens-tennis,2025,none,0
High Point,Big South,highpointpanthers.com,mens-tennis,2026,none,0
High Point,Big South,highpointpanthers.com,womens-tennis,2022,none,0
High Point,Big South,highpointpanthers.com,womens-tennis,2023,none,0
High Point,Big South,highpointpanthers.com,womens-tennis,2024,none,0
High Point,Big South,highpointpanthers.com,womens-tennis,2025,none,0
High Point,Big South,highpointpanthers.com,womens-tennis,2026,none,0
Florida Gulf Coast,ASUN,fgcuathletics.com,mens-tennis,2022,legacy-html,10
Florida Gulf Coast,ASUN,fgcuathletics.com,mens-tennis,2023,legacy-html,8
Florida Gulf Coast,ASUN,fgcuathletics.com,mens-tennis,2024,legacy-html,10
Florida Gulf Coast,ASUN,fgcuathletics.com,mens-tennis,2025,legacy-html,10
Florida Gulf Coast,ASUN,fgcuathletics.com,mens-tennis,2026,legacy-html,10
Florida Gulf Coast,ASUN,fgcuathletics.com,womens-tennis,2022,legacy-html,8
Florida Gulf Coast,ASUN,fgcuathletics.com,womens-tennis,2023,legacy-html,9
Florida Gulf Coast,ASUN,fgcuathletics.com,womens-tennis,2024,legacy-html,9
Florida Gulf Coast,ASUN,fgcuathletics.com,womens-tennis,2025,legacy-html,8
Florida Gulf Coast,ASUN,fgcuathletics.com,womens-tennis,2026,legacy-html,9
Lipscomb,ASUN,lipscombsports.com,mens-tennis,2022,devalue,9
Lipscomb,ASUN,lipscombsports.com,mens-tennis,2023,devalue,7
Lipscomb,ASUN,lipscombsports.com,mens-tennis,2024,devalue,8
Lipscomb,ASUN,lipscombsports.com,mens-tennis,2025,devalue,9
Lipscomb,ASUN,lipscombsports.com,mens-tennis,2026,devalue,8
Lipscomb,ASUN,lipscombsports.com,womens-tennis,2022,devalue,9
Lipscomb,ASUN,lipscombsports.com,womens-tennis,2023,devalue,7
Lipscomb,ASUN,lipscombsports.com,womens-tennis,2024,devalue,8
Lipscomb,ASUN,lipscombsports.com,womens-tennis,2025,devalue,8
Lipscomb,ASUN,lipscombsports.com,womens-tennis,2026,devalue,9
North Alabama,ASUN,roarlions.com,mens-tennis,2022,legacy-html,7
North Alabama,ASUN,roarlions.com,mens-tennis,2023,legacy-html,7
North Alabama,ASUN,roarlions.com,mens-tennis,2024,legacy-html,7
North Alabama,ASUN,roarlions.com,mens-tennis,2025,legacy-html,8
North Alabama,ASUN,roarlions.com,mens-tennis,2026,legacy-html,10
North Alabama,ASUN,roarlions.com,womens-tennis,2022,legacy-html,8
North Alabama,ASUN,roarlions.com,womens-tennis,2023,legacy-html,8
North Alabama,ASUN,roarlions.com,womens-tennis,2024,legacy-html,8
North Alabama,ASUN,roarlions.com,womens-tennis,2025,legacy-html,9
North Alabama,ASUN,roarlions.com,womens-tennis,2026,legacy-html,8
Central Arkansas,ASUN,ucasports.com,mens-tennis,2022,none,0
Central Arkansas,ASUN,ucasports.com,mens-tennis,2023,none,0
Central Arkansas,ASUN,ucasports.com,mens-tennis,2024,none,0
Central Arkansas,ASUN,ucasports.com,mens-tennis,2025,none,0
Central Arkansas,ASUN,ucasports.com,mens-tennis,2026,none,0
Central Arkansas,ASUN,ucasports.com,womens-tennis,2022,legacy-html,9
Central Arkansas,ASUN,ucasports.com,womens-tennis,2023,legacy-html,8
Central Arkansas,ASUN,ucasports.com,womens-tennis,2024,legacy-html,8
Central Arkansas,ASUN,ucasports.com,womens-tennis,2025,legacy-html,8
Central Arkansas,ASUN,ucasports.com,womens-tennis,2026,legacy-html,8
Western Carolina,Southern,catamountsports.com,mens-tennis,2022,none,0
Western Carolina,Southern,catamountsports.com,mens-tennis,2023,none,0
Western Carolina,Southern,catamountsports.com,mens-tennis,2024,none,0
Western Carolina,Southern,catamountsports.com,mens-tennis,2025,none,0
Western Carolina,Southern,catamountsports.com,mens-tennis,2026,none,0
Western Carolina,Southern,catamountsports.com,womens-tennis,2022,legacy-html,9
Western Carolina,Southern,catamountsports.com,womens-tennis,2023,legacy-html,8
Western Carolina,Southern,catamountsports.com,womens-tennis,2024,legacy-html,7
Western Carolina,Southern,catamountsports.com,womens-tennis,2025,legacy-html,8
Western Carolina,Southern,catamountsports.com,womens-tennis,2026,legacy-html,7
VMI,Southern,vmikeydets.com,mens-tennis,2022,none,0
VMI,Southern,vmikeydets.com,mens-tennis,2023,none,0
VMI,Southern,vmikeydets.com,mens-tennis,2024,none,0
VMI,Southern,vmikeydets.com,mens-tennis,2025,none,0
VMI,Southern,vmikeydets.com,mens-tennis,2026,none,0
VMI,Southern,vmikeydets.com,womens-tennis,2022,none,0
VMI,Southern,vmikeydets.com,womens-tennis,2023,none,0
VMI,Southern,vmikeydets.com,womens-tennis,2024,none,0
VMI,Southern,vmikeydets.com,womens-tennis,2025,none,0
VMI,Southern,vmikeydets.com,womens-tennis,2026,none,0
Cleveland State,Horizon,csuvikings.com,mens-tennis,2022,legacy-html,9
Cleveland State,Horizon,csuvikings.com,mens-tennis,2023,legacy-html,12
Cleveland State,Horizon,csuvikings.com,mens-tennis,2024,legacy-html,12
Cleveland State,Horizon,csuvikings.com,mens-tennis,2025,legacy-html,9
Cleveland State,Horizon,csuvikings.com,mens-tennis,2026,legacy-html,8
Cleveland State,Horizon,csuvikings.com,womens-tennis,2022,legacy-html,7
Cleveland State,Horizon,csuvikings.com,womens-tennis,2023,legacy-html,8
Cleveland State,Horizon,csuvikings.com,womens-tennis,2024,legacy-html,8
Cleveland State,Horizon,csuvikings.com,womens-tennis,2025,legacy-html,7
Cleveland State,Horizon,csuvikings.com,womens-tennis,2026,legacy-html,8
Stetson,ASUN,gohatters.com,mens-tennis,2022,legacy-html,11
Stetson,ASUN,gohatters.com,mens-tennis,2023,legacy-html,8
Stetson,ASUN,gohatters.com,mens-tennis,2024,legacy-html,8
Stetson,ASUN,gohatters.com,mens-tennis,2025,legacy-html,9
Stetson,ASUN,gohatters.com,mens-tennis,2026,legacy-html,9
Stetson,ASUN,gohatters.com,womens-tennis,2022,legacy-html,7
Stetson,ASUN,gohatters.com,womens-tennis,2023,legacy-html,12
Stetson,ASUN,gohatters.com,womens-tennis,2024,legacy-html,7
Stetson,ASUN,gohatters.com,womens-tennis,2025,legacy-html,7
Stetson,ASUN,gohatters.com,womens-tennis,2026,legacy-html,7
Detroit Mercy,Horizon,detroittitans.com,mens-tennis,2022,legacy-html,7
Detroit Mercy,Horizon,detroittitans.com,mens-tennis,2023,legacy-html,7
Detroit Mercy,Horizon,detroittitans.com,mens-tennis,2024,legacy-html,7
Detroit Mercy,Horizon,detroittitans.com,mens-tennis,2025,legacy-html,7
Detroit Mercy,Horizon,detroittitans.com,mens-tennis,2026,legacy-html,7
Detroit Mercy,Horizon,detroittitans.com,womens-tennis,2022,legacy-html,8
Detroit Mercy,Horizon,detroittitans.com,womens-tennis,2023,legacy-html,8
Detroit Mercy,Horizon,detroittitans.com,womens-tennis,2024,legacy-html,8
Detroit Mercy,Horizon,detroittitans.com,womens-tennis,2025,legacy-html,8
Detroit Mercy,Horizon,detroittitans.com,womens-tennis,2026,legacy-html,8
Northern Kentucky,Horizon,nkunorse.com,mens-tennis,2022,legacy-html,7
Northern Kentucky,Horizon,nkunorse.com,mens-tennis,2023,legacy-html,9
Northern Kentucky,Horizon,nkunorse.com,mens-tennis,2024,legacy-html,7
Northern Kentucky,Horizon,nkunorse.com,mens-tennis,2025,legacy-html,8
Northern Kentucky,Horizon,nkunorse.com,mens-tennis,2026,legacy-html,6
Northern Kentucky,Horizon,nkunorse.com,womens-tennis,2022,legacy-html,7
Northern Kentucky,Horizon,nkunorse.com,womens-tennis,2023,legacy-html,7
Northern Kentucky,Horizon,nkunorse.com,womens-tennis,2024,legacy-html,7
Northern Kentucky,Horizon,nkunorse.com,womens-tennis,2025,legacy-html,7
Northern Kentucky,Horizon,nkunorse.com,womens-tennis,2026,legacy-html,4
Queens,ASUN,queensathletics.com,mens-tennis,2022,legacy-html,9
Queens,ASUN,queensathletics.com,mens-tennis,2023,legacy-html,9
Queens,ASUN,queensathletics.com,mens-tennis,2024,legacy-html,9
Queens,ASUN,queensathletics.com,mens-tennis,2025,legacy-html,9
Queens,ASUN,queensathletics.com,mens-tennis,2026,legacy-html,9
Queens,ASUN,queensathletics.com,womens-tennis,2022,legacy-html,9
Queens,ASUN,queensathletics.com,womens-tennis,2023,legacy-html,9
Queens,ASUN,queensathletics.com,womens-tennis,2024,legacy-html,9
Queens,ASUN,queensathletics.com,womens-tennis,2025,legacy-html,9
Queens,ASUN,queensathletics.com,womens-tennis,2026,legacy-html,9
Robert Morris,Horizon,rmucolonials.com,mens-tennis,2022,legacy-html,8
Robert Morris,Horizon,rmucolonials.com,mens-tennis,2023,legacy-html,8
Robert Morris,Horizon,rmucolonials.com,mens-tennis,2024,legacy-html,8
Robert Morris,Horizon,rmucolonials.com,mens-tennis,2025,legacy-html,8
Robert Morris,Horizon,rmucolonials.com,mens-tennis,2026,legacy-html,8
Robert Morris,Horizon,rmucolonials.com,womens-tennis,2022,legacy-html,7
Robert Morris,Horizon,rmucolonials.com,womens-tennis,2023,legacy-html,7
Robert Morris,Horizon,rmucolonials.com,womens-tennis,2024,legacy-html,7
Robert Morris,Horizon,rmucolonials.com,womens-tennis,2025,legacy-html,7
Robert Morris,Horizon,rmucolonials.com,womens-tennis,2026,legacy-html,7
Wright State,Horizon,wsuraiders.com,mens-tennis,2022,devalue,8
Wright State,Horizon,wsuraiders.com,mens-tennis,2023,devalue,8
Wright State,Horizon,wsuraiders.com,mens-tennis,2024,devalue,8
Wright State,Horizon,wsuraiders.com,mens-tennis,2025,devalue,8
Wright State,Horizon,wsuraiders.com,mens-tennis,2026,devalue,8
Wright State,Horizon,wsuraiders.com,womens-tennis,2022,devalue,7
Wright State,Horizon,wsuraiders.com,womens-tennis,2023,devalue,7
Wright State,Horizon,wsuraiders.com,womens-tennis,2024,devalue,7
Wright State,Horizon,wsuraiders.com,womens-tennis,2025,devalue,7
Wright State,Horizon,wsuraiders.com,womens-tennis,2026,devalue,7
Milwaukee,Horizon,mkepanthers.com,mens-tennis,2022,none,0
Milwaukee,Horizon,mkepanthers.com,mens-tennis,2023,none,0
Milwaukee,Horizon,mkepanthers.com,mens-tennis,2024,none,0
Milwaukee,Horizon,mkepanthers.com,mens-tennis,2025,none,0
Milwaukee,Horizon,mkepanthers.com,mens-tennis,2026,none,0
Milwaukee,Horizon,mkepanthers.com,womens-tennis,2022,legacy-html,8
Milwaukee,Horizon,mkepanthers.com,womens-tennis,2023,legacy-html,8
Milwaukee,Horizon,mkepanthers.com,womens-tennis,2024,legacy-html,8
Milwaukee,Horizon,mkepanthers.com,womens-tennis,2025,legacy-html,8
Milwaukee,Horizon,mkepanthers.com,womens-tennis,2026,legacy-html,9
Youngstown State,Horizon,ysusports.com,mens-tennis,2022,devalue,9
Youngstown State,Horizon,ysusports.com,mens-tennis,2023,devalue,9
Youngstown State,Horizon,ysusports.com,mens-tennis,2024,devalue,8
Youngstown State,Horizon,ysusports.com,mens-tennis,2025,devalue,9
Youngstown State,Horizon,ysusports.com,mens-tennis,2026,devalue,9
Youngstown State,Horizon,ysusports.com,womens-tennis,2022,devalue,8
Youngstown State,Horizon,ysusports.com,womens-tennis,2023,devalue,9
Youngstown State,Horizon,ysusports.com,womens-tennis,2024,devalue,9
Youngstown State,Horizon,ysusports.com,womens-tennis,2025,devalue,10
Youngstown State,Horizon,ysusports.com,womens-tennis,2026,devalue,9
Jacksonville,ASUN,judolphins.com,mens-tennis,2022,none,0
Jacksonville,ASUN,judolphins.com,mens-tennis,2023,none,0
Jacksonville,ASUN,judolphins.com,mens-tennis,2024,none,0
Jacksonville,ASUN,judolphins.com,mens-tennis,2025,none,0
Jacksonville,ASUN,judolphins.com,mens-tennis,2026,none,0
Jacksonville,ASUN,judolphins.com,womens-tennis,2022,none,0
Jacksonville,ASUN,judolphins.com,womens-tennis,2023,none,0
Jacksonville,ASUN,judolphins.com,womens-tennis,2024,none,0
Jacksonville,ASUN,judolphins.com,womens-tennis,2025,none,0
Jacksonville,ASUN,judolphins.com,womens-tennis,2026,none,0
Ball State,MAC,ballstatesports.com,mens-tennis,2022,devalue,10
Ball State,MAC,ballstatesports.com,mens-tennis,2023,devalue,10
Ball State,MAC,ballstatesports.com,mens-tennis,2024,devalue,10
Ball State,MAC,ballstatesports.com,mens-tennis,2025,devalue,10
Ball State,MAC,ballstatesports.com,mens-tennis,2026,devalue,10
Ball State,MAC,ballstatesports.com,womens-tennis,2022,devalue,10
Ball State,MAC,ballstatesports.com,womens-tennis,2023,devalue,12
Ball State,MAC,ballstatesports.com,womens-tennis,2024,devalue,7
Ball State,MAC,ballstatesports.com,womens-tennis,2025,devalue,9
Ball State,MAC,ballstatesports.com,womens-tennis,2026,devalue,10
Oakland,Horizon,goldengrizzlies.com,mens-tennis,2022,none,0
Oakland,Horizon,goldengrizzlies.com,mens-tennis,2023,none,0
Oakland,Horizon,goldengrizzlies.com,mens-tennis,2024,none,0
Oakland,Horizon,goldengrizzlies.com,mens-tennis,2025,none,0
Oakland,Horizon,goldengrizzlies.com,mens-tennis,2026,none,0
Oakland,Horizon,goldengrizzlies.com,womens-tennis,2022,legacy-html,7
Oakland,Horizon,goldengrizzlies.com,womens-tennis,2023,legacy-html,7
Oakland,Horizon,goldengrizzlies.com,womens-tennis,2024,legacy-html,6
Oakland,Horizon,goldengrizzlies.com,womens-tennis,2025,legacy-html,6
Oakland,Horizon,goldengrizzlies.com,womens-tennis,2026,legacy-html,5
Buffalo,MAC,ubbulls.com,mens-tennis,2022,devalue,8
Buffalo,MAC,ubbulls.com,mens-tennis,2023,devalue,9
Buffalo,MAC,ubbulls.com,mens-tennis,2024,devalue,8
Buffalo,MAC,ubbulls.com,mens-tennis,2025,devalue,8
Buffalo,MAC,ubbulls.com,mens-tennis,2026,devalue,8
Buffalo,MAC,ubbulls.com,womens-tennis,2022,devalue,9
Buffalo,MAC,ubbulls.com,womens-tennis,2023,devalue,9
Buffalo,MAC,ubbulls.com,womens-tennis,2024,devalue,9
Buffalo,MAC,ubbulls.com,womens-tennis,2025,devalue,8
Buffalo,MAC,ubbulls.com,womens-tennis,2026,devalue,8
Purdue Fort Wayne,Horizon,gomastodons.com,mens-tennis,2022,none,0
Purdue Fort Wayne,Horizon,gomastodons.com,mens-tennis,2023,none,0
Purdue Fort Wayne,Horizon,gomastodons.com,mens-tennis,2024,none,0
Purdue Fort Wayne,Horizon,gomastodons.com,mens-tennis,2025,none,0
Purdue Fort Wayne,Horizon,gomastodons.com,mens-tennis,2026,none,0
Purdue Fort Wayne,Horizon,gomastodons.com,womens-tennis,2022,none,0
Purdue Fort Wayne,Horizon,gomastodons.com,womens-tennis,2023,none,0
Purdue Fort Wayne,Horizon,gomastodons.com,womens-tennis,2024,none,0
Purdue Fort Wayne,Horizon,gomastodons.com,womens-tennis,2025,none,0
Purdue Fort Wayne,Horizon,gomastodons.com,womens-tennis,2026,none,0
Akron,MAC,gozips.com,mens-tennis,2022,none,0
Akron,MAC,gozips.com,mens-tennis,2023,none,0
Akron,MAC,gozips.com,mens-tennis,2024,none,0
Akron,MAC,gozips.com,mens-tennis,2025,none,0
Akron,MAC,gozips.com,mens-tennis,2026,none,0
Akron,MAC,gozips.com,womens-tennis,2022,devalue,9
Akron,MAC,gozips.com,womens-tennis,2023,devalue,9
Akron,MAC,gozips.com,womens-tennis,2024,devalue,9
Akron,MAC,gozips.com,womens-tennis,2025,devalue,9
Akron,MAC,gozips.com,womens-tennis,2026,devalue,9
Bowling Green,MAC,bgsufalcons.com,mens-tennis,2022,none,0
Bowling Green,MAC,bgsufalcons.com,mens-tennis,2023,none,0
Bowling Green,MAC,bgsufalcons.com,mens-tennis,2024,none,0
Bowling Green,MAC,bgsufalcons.com,mens-tennis,2025,none,0
Bowling Green,MAC,bgsufalcons.com,mens-tennis,2026,none,0
Bowling Green,MAC,bgsufalcons.com,womens-tennis,2022,devalue,6
Bowling Green,MAC,bgsufalcons.com,womens-tennis,2023,devalue,7
Bowling Green,MAC,bgsufalcons.com,womens-tennis,2024,devalue,9
Bowling Green,MAC,bgsufalcons.com,womens-tennis,2025,devalue,10
Bowling Green,MAC,bgsufalcons.com,womens-tennis,2026,devalue,8
Northern Illinois,MAC,niuhuskies.com,mens-tennis,2022,legacy-html,8
Northern Illinois,MAC,niuhuskies.com,mens-tennis,2023,legacy-html,9
Northern Illinois,MAC,niuhuskies.com,mens-tennis,2024,legacy-html,9
Northern Illinois,MAC,niuhuskies.com,mens-tennis,2025,legacy-html,10
Northern Illinois,MAC,niuhuskies.com,mens-tennis,2026,legacy-html,10
Northern Illinois,MAC,niuhuskies.com,womens-tennis,2022,legacy-html,10
Northern Illinois,MAC,niuhuskies.com,womens-tennis,2023,legacy-html,10
Northern Illinois,MAC,niuhuskies.com,womens-tennis,2024,legacy-html,10
Northern Illinois,MAC,niuhuskies.com,womens-tennis,2025,legacy-html,10
Northern Illinois,MAC,niuhuskies.com,womens-tennis,2026,legacy-html,10
Western Michigan,MAC,wmubroncos.com,mens-tennis,2022,legacy-html,9
Western Michigan,MAC,wmubroncos.com,mens-tennis,2023,legacy-html,8
Western Michigan,MAC,wmubroncos.com,mens-tennis,2024,legacy-html,11
Western Michigan,MAC,wmubroncos.com,mens-tennis,2025,legacy-html,11
Western Michigan,MAC,wmubroncos.com,mens-tennis,2026,legacy-html,10
Western Michigan,MAC,wmubroncos.com,womens-tennis,2022,legacy-html,11
Western Michigan,MAC,wmubroncos.com,womens-tennis,2023,legacy-html,8
Western Michigan,MAC,wmubroncos.com,womens-tennis,2024,legacy-html,9
Western Michigan,MAC,wmubroncos.com,womens-tennis,2025,legacy-html,8
Western Michigan,MAC,wmubroncos.com,womens-tennis,2026,legacy-html,10
Eastern Michigan,MAC,emueagles.com,mens-tennis,2022,none,0
Eastern Michigan,MAC,emueagles.com,mens-tennis,2023,none,0
Eastern Michigan,MAC,emueagles.com,mens-tennis,2024,none,0
Eastern Michigan,MAC,emueagles.com,mens-tennis,2025,none,0
Eastern Michigan,MAC,emueagles.com,mens-tennis,2026,none,0
Eastern Michigan,MAC,emueagles.com,womens-tennis,2022,devalue,9
Eastern Michigan,MAC,emueagles.com,womens-tennis,2023,devalue,8
Eastern Michigan,MAC,emueagles.com,womens-tennis,2024,devalue,10
Eastern Michigan,MAC,emueagles.com,womens-tennis,2025,devalue,10
Eastern Michigan,MAC,emueagles.com,womens-tennis,2026,devalue,8
Toledo,MAC,utrockets.com,mens-tennis,2022,devalue,9
Toledo,MAC,utrockets.com,mens-tennis,2023,devalue,9
Toledo,MAC,utrockets.com,mens-tennis,2024,devalue,8
Toledo,MAC,utrockets.com,mens-tennis,2025,devalue,8
Toledo,MAC,utrockets.com,mens-tennis,2026,devalue,7
Toledo,MAC,utrockets.com,womens-tennis,2022,devalue,8
Toledo,MAC,utrockets.com,womens-tennis,2023,devalue,8
Toledo,MAC,utrockets.com,womens-tennis,2024,devalue,8
Toledo,MAC,utrockets.com,womens-tennis,2025,devalue,7
Toledo,MAC,utrockets.com,womens-tennis,2026,devalue,9
Miami (OH),MAC,miamiredhawks.com,mens-tennis,2022,none,0
Miami (OH),MAC,miamiredhawks.com,mens-tennis,2023,none,0
Miami (OH),MAC,miamiredhawks.com,mens-tennis,2024,none,0
Miami (OH),MAC,miamiredhawks.com,mens-tennis,2025,none,0
Miami (OH),MAC,miamiredhawks.com,mens-tennis,2026,none,0
Miami (OH),MAC,miamiredhawks.com,womens-tennis,2022,devalue,9
Miami (OH),MAC,miamiredhawks.com,womens-tennis,2023,devalue,10
Miami (OH),MAC,miamiredhawks.com,womens-tennis,2024,devalue,8
Miami (OH),MAC,miamiredhawks.com,womens-tennis,2025,devalue,9
Miami (OH),MAC,miamiredhawks.com,womens-tennis,2026,devalue,9
North Dakota,Summit / MAAC / NEC / OVC,fightinghawks.com,mens-tennis,2022,legacy-html,9
North Dakota,Summit / MAAC / NEC / OVC,fightinghawks.com,mens-tennis,2023,legacy-html,9
North Dakota,Summit / MAAC / NEC / OVC,fightinghawks.com,mens-tennis,2024,legacy-html,8
North Dakota,Summit / MAAC / NEC / OVC,fightinghawks.com,mens-tennis,2025,legacy-html,9
North Dakota,Summit / MAAC / NEC / OVC,fightinghawks.com,mens-tennis,2026,legacy-html,8
North Dakota,Summit / MAAC / NEC / OVC,fightinghawks.com,womens-tennis,2022,legacy-html,8
North Dakota,Summit / MAAC / NEC / OVC,fightinghawks.com,womens-tennis,2023,legacy-html,10
North Dakota,Summit / MAAC / NEC / OVC,fightinghawks.com,womens-tennis,2024,legacy-html,8
North Dakota,Summit / MAAC / NEC / OVC,fightinghawks.com,womens-tennis,2025,legacy-html,9
North Dakota,Summit / MAAC / NEC / OVC,fightinghawks.com,womens-tennis,2026,legacy-html,8
Denver,Summit / MAAC / NEC / OVC,denverpioneers.com,mens-tennis,2022,devalue,9
Denver,Summit / MAAC / NEC / OVC,denverpioneers.com,mens-tennis,2023,devalue,8
Denver,Summit / MAAC / NEC / OVC,denverpioneers.com,mens-tennis,2024,devalue,9
Denver,Summit / MAAC / NEC / OVC,denverpioneers.com,mens-tennis,2025,devalue,10
Denver,Summit / MAAC / NEC / OVC,denverpioneers.com,mens-tennis,2026,devalue,9
Denver,Summit / MAAC / NEC / OVC,denverpioneers.com,womens-tennis,2022,devalue,8
Denver,Summit / MAAC / NEC / OVC,denverpioneers.com,womens-tennis,2023,devalue,7
Denver,Summit / MAAC / NEC / OVC,denverpioneers.com,womens-tennis,2024,devalue,7
Denver,Summit / MAAC / NEC / OVC,denverpioneers.com,womens-tennis,2025,devalue,8
Denver,Summit / MAAC / NEC / OVC,denverpioneers.com,womens-tennis,2026,devalue,8
Kent State,MAC,kentstatesports.com,mens-tennis,2022,none,0
Kent State,MAC,kentstatesports.com,mens-tennis,2023,none,0
Kent State,MAC,kentstatesports.com,mens-tennis,2024,none,0
Kent State,MAC,kentstatesports.com,mens-tennis,2025,none,0
Kent State,MAC,kentstatesports.com,mens-tennis,2026,none,0
Kent State,MAC,kentstatesports.com,womens-tennis,2022,none,0
Kent State,MAC,kentstatesports.com,womens-tennis,2023,none,0
Kent State,MAC,kentstatesports.com,womens-tennis,2024,none,0
Kent State,MAC,kentstatesports.com,womens-tennis,2025,none,0
Kent State,MAC,kentstatesports.com,womens-tennis,2026,none,0
South Dakota State,Summit / MAAC / NEC / OVC,gojacks.com,mens-tennis,2022,devalue,11
South Dakota State,Summit / MAAC / NEC / OVC,gojacks.com,mens-tennis,2023,devalue,11
South Dakota State,Summit / MAAC / NEC / OVC,gojacks.com,mens-tennis,2024,devalue,11
South Dakota State,Summit / MAAC / NEC / OVC,gojacks.com,mens-tennis,2025,devalue,11
South Dakota State,Summit / MAAC / NEC / OVC,gojacks.com,mens-tennis,2026,devalue,11
South Dakota State,Summit / MAAC / NEC / OVC,gojacks.com,womens-tennis,2022,devalue,10
South Dakota State,Summit / MAAC / NEC / OVC,gojacks.com,womens-tennis,2023,devalue,10
South Dakota State,Summit / MAAC / NEC / OVC,gojacks.com,womens-tennis,2024,devalue,10
South Dakota State,Summit / MAAC / NEC / OVC,gojacks.com,womens-tennis,2025,devalue,10
South Dakota State,Summit / MAAC / NEC / OVC,gojacks.com,womens-tennis,2026,devalue,10
Omaha,Summit / MAAC / NEC / OVC,omavs.com,mens-tennis,2022,legacy-html,11
Omaha,Summit / MAAC / NEC / OVC,omavs.com,mens-tennis,2023,legacy-html,8
Omaha,Summit / MAAC / NEC / OVC,omavs.com,mens-tennis,2024,legacy-html,8
Omaha,Summit / MAAC / NEC / OVC,omavs.com,mens-tennis,2025,legacy-html,9
Omaha,Summit / MAAC / NEC / OVC,omavs.com,mens-tennis,2026,legacy-html,10
Omaha,Summit / MAAC / NEC / OVC,omavs.com,womens-tennis,2022,legacy-html,11
Omaha,Summit / MAAC / NEC / OVC,omavs.com,womens-tennis,2023,legacy-html,10
Omaha,Summit / MAAC / NEC / OVC,omavs.com,womens-tennis,2024,legacy-html,10
Omaha,Summit / MAAC / NEC / OVC,omavs.com,womens-tennis,2025,legacy-html,9
Omaha,Summit / MAAC / NEC / OVC,omavs.com,womens-tennis,2026,legacy-html,8
Fairfield,Summit / MAAC / NEC / OVC,fairfieldstags.com,mens-tennis,2022,legacy-html,9
Fairfield,Summit / MAAC / NEC / OVC,fairfieldstags.com,mens-tennis,2023,legacy-html,11
Fairfield,Summit / MAAC / NEC / OVC,fairfieldstags.com,mens-tennis,2024,legacy-html,12
Fairfield,Summit / MAAC / NEC / OVC,fairfieldstags.com,mens-tennis,2025,legacy-html,11
Fairfield,Summit / MAAC / NEC / OVC,fairfieldstags.com,mens-tennis,2026,legacy-html,9
Fairfield,Summit / MAAC / NEC / OVC,fairfieldstags.com,womens-tennis,2022,legacy-html,10
Fairfield,Summit / MAAC / NEC / OVC,fairfieldstags.com,womens-tennis,2023,legacy-html,10
Fairfield,Summit / MAAC / NEC / OVC,fairfieldstags.com,womens-tennis,2024,legacy-html,11
Fairfield,Summit / MAAC / NEC / OVC,fairfieldstags.com,womens-tennis,2025,legacy-html,10
Fairfield,Summit / MAAC / NEC / OVC,fairfieldstags.com,womens-tennis,2026,legacy-html,11
Rider,Summit / MAAC / NEC / OVC,gobroncs.com,mens-tennis,2022,legacy-html,8
Rider,Summit / MAAC / NEC / OVC,gobroncs.com,mens-tennis,2023,legacy-html,16
Rider,Summit / MAAC / NEC / OVC,gobroncs.com,mens-tennis,2024,legacy-html,18
Rider,Summit / MAAC / NEC / OVC,gobroncs.com,mens-tennis,2025,legacy-html,13
Rider,Summit / MAAC / NEC / OVC,gobroncs.com,mens-tennis,2026,legacy-html,10
Rider,Summit / MAAC / NEC / OVC,gobroncs.com,womens-tennis,2022,legacy-html,6
Rider,Summit / MAAC / NEC / OVC,gobroncs.com,womens-tennis,2023,legacy-html,11
Rider,Summit / MAAC / NEC / OVC,gobroncs.com,womens-tennis,2024,legacy-html,10
Rider,Summit / MAAC / NEC / OVC,gobroncs.com,womens-tennis,2025,legacy-html,9
Rider,Summit / MAAC / NEC / OVC,gobroncs.com,womens-tennis,2026,legacy-html,10
Siena,Summit / MAAC / NEC / OVC,sienasaints.com,mens-tennis,2022,legacy-html,12
Siena,Summit / MAAC / NEC / OVC,sienasaints.com,mens-tennis,2023,legacy-html,9
Siena,Summit / MAAC / NEC / OVC,sienasaints.com,mens-tennis,2024,legacy-html,8
Siena,Summit / MAAC / NEC / OVC,sienasaints.com,mens-tennis,2025,legacy-html,9
Siena,Summit / MAAC / NEC / OVC,sienasaints.com,mens-tennis,2026,legacy-html,7
Siena,Summit / MAAC / NEC / OVC,sienasaints.com,womens-tennis,2022,legacy-html,8
Siena,Summit / MAAC / NEC / OVC,sienasaints.com,womens-tennis,2023,legacy-html,9
Siena,Summit / MAAC / NEC / OVC,sienasaints.com,womens-tennis,2024,legacy-html,9
Siena,Summit / MAAC / NEC / OVC,sienasaints.com,womens-tennis,2025,legacy-html,7
Siena,Summit / MAAC / NEC / OVC,sienasaints.com,womens-tennis,2026,legacy-html,6
Ohio,MAC,ohiobobcats.com,mens-tennis,2022,none,0
Ohio,MAC,ohiobobcats.com,mens-tennis,2023,none,0
Ohio,MAC,ohiobobcats.com,mens-tennis,2024,none,0
Ohio,MAC,ohiobobcats.com,mens-tennis,2025,none,0
Ohio,MAC,ohiobobcats.com,mens-tennis,2026,none,0
Ohio,MAC,ohiobobcats.com,womens-tennis,2022,none,0
Ohio,MAC,ohiobobcats.com,womens-tennis,2023,none,0
Ohio,MAC,ohiobobcats.com,womens-tennis,2024,none,0
Ohio,MAC,ohiobobcats.com,womens-tennis,2025,none,0
Ohio,MAC,ohiobobcats.com,womens-tennis,2026,none,0
South Dakota,Summit / MAAC / NEC / OVC,goyotes.com,mens-tennis,2022,none,0
South Dakota,Summit / MAAC / NEC / OVC,goyotes.com,mens-tennis,2023,none,0
South Dakota,Summit / MAAC / NEC / OVC,goyotes.com,mens-tennis,2024,none,0
South Dakota,Summit / MAAC / NEC / OVC,goyotes.com,mens-tennis,2025,none,0
South Dakota,Summit / MAAC / NEC / OVC,goyotes.com,mens-tennis,2026,none,0
South Dakota,Summit / MAAC / NEC / OVC,goyotes.com,womens-tennis,2022,legacy-html,11
South Dakota,Summit / MAAC / NEC / OVC,goyotes.com,womens-tennis,2023,legacy-html,8
South Dakota,Summit / MAAC / NEC / OVC,goyotes.com,womens-tennis,2024,legacy-html,9
South Dakota,Summit / MAAC / NEC / OVC,goyotes.com,womens-tennis,2025,legacy-html,8
South Dakota,Summit / MAAC / NEC / OVC,goyotes.com,womens-tennis,2026,legacy-html,8
Marist,Summit / MAAC / NEC / OVC,gomarist.com,mens-tennis,2022,none,0
Marist,Summit / MAAC / NEC / OVC,gomarist.com,mens-tennis,2023,none,0
Marist,Summit / MAAC / NEC / OVC,gomarist.com,mens-tennis,2024,none,0
Marist,Summit / MAAC / NEC / OVC,gomarist.com,mens-tennis,2025,none,0
Marist,Summit / MAAC / NEC / OVC,gomarist.com,mens-tennis,2026,none,0
Marist,Summit / MAAC / NEC / OVC,gomarist.com,womens-tennis,2022,none,0
Marist,Summit / MAAC / NEC / OVC,gomarist.com,womens-tennis,2023,none,0
Marist,Summit / MAAC / NEC / OVC,gomarist.com,womens-tennis,2024,none,0
Marist,Summit / MAAC / NEC / OVC,gomarist.com,womens-tennis,2025,none,0
Marist,Summit / MAAC / NEC / OVC,gomarist.com,womens-tennis,2026,none,0
Iona,Summit / MAAC / NEC / OVC,icgaels.com,mens-tennis,2022,legacy-html,8
Iona,Summit / MAAC / NEC / OVC,icgaels.com,mens-tennis,2023,legacy-html,8
Iona,Summit / MAAC / NEC / OVC,icgaels.com,mens-tennis,2024,legacy-html,8
Iona,Summit / MAAC / NEC / OVC,icgaels.com,mens-tennis,2025,legacy-html,8
Iona,Summit / MAAC / NEC / OVC,icgaels.com,mens-tennis,2026,legacy-html,8
Iona,Summit / MAAC / NEC / OVC,icgaels.com,womens-tennis,2022,legacy-html,6
Iona,Summit / MAAC / NEC / OVC,icgaels.com,womens-tennis,2023,legacy-html,6
Iona,Summit / MAAC / NEC / OVC,icgaels.com,womens-tennis,2024,legacy-html,6
Iona,Summit / MAAC / NEC / OVC,icgaels.com,womens-tennis,2025,legacy-html,6
Iona,Summit / MAAC / NEC / OVC,icgaels.com,womens-tennis,2026,legacy-html,6
Niagara,Summit / MAAC / NEC / OVC,purpleeagles.com,mens-tennis,2022,legacy-html,10
Niagara,Summit / MAAC / NEC / OVC,purpleeagles.com,mens-tennis,2023,legacy-html,9
Niagara,Summit / MAAC / NEC / OVC,purpleeagles.com,mens-tennis,2024,legacy-html,10
Niagara,Summit / MAAC / NEC / OVC,purpleeagles.com,mens-tennis,2025,legacy-html,7
Niagara,Summit / MAAC / NEC / OVC,purpleeagles.com,mens-tennis,2026,legacy-html,7
Niagara,Summit / MAAC / NEC / OVC,purpleeagles.com,womens-tennis,2022,legacy-html,9
Niagara,Summit / MAAC / NEC / OVC,purpleeagles.com,womens-tennis,2023,legacy-html,8
Niagara,Summit / MAAC / NEC / OVC,purpleeagles.com,womens-tennis,2024,legacy-html,9
Niagara,Summit / MAAC / NEC / OVC,purpleeagles.com,womens-tennis,2025,legacy-html,7
Niagara,Summit / MAAC / NEC / OVC,purpleeagles.com,womens-tennis,2026,legacy-html,7
Wagner,Summit / MAAC / NEC / OVC,wagnerathletics.com,mens-tennis,2022,legacy-html,10
Wagner,Summit / MAAC / NEC / OVC,wagnerathletics.com,mens-tennis,2023,legacy-html,13
Wagner,Summit / MAAC / NEC / OVC,wagnerathletics.com,mens-tennis,2024,legacy-html,9
Wagner,Summit / MAAC / NEC / OVC,wagnerathletics.com,mens-tennis,2025,legacy-html,11
Wagner,Summit / MAAC / NEC / OVC,wagnerathletics.com,mens-tennis,2026,legacy-html,9
Wagner,Summit / MAAC / NEC / OVC,wagnerathletics.com,womens-tennis,2022,legacy-html,7
Wagner,Summit / MAAC / NEC / OVC,wagnerathletics.com,womens-tennis,2023,legacy-html,7
Wagner,Summit / MAAC / NEC / OVC,wagnerathletics.com,womens-tennis,2024,legacy-html,7
Wagner,Summit / MAAC / NEC / OVC,wagnerathletics.com,womens-tennis,2025,legacy-html,9
Wagner,Summit / MAAC / NEC / OVC,wagnerathletics.com,womens-tennis,2026,legacy-html,7
Quinnipiac,Summit / MAAC / NEC / OVC,quinnipiacbobcats.com,mens-tennis,2022,none,0
Quinnipiac,Summit / MAAC / NEC / OVC,quinnipiacbobcats.com,mens-tennis,2023,none,0
Quinnipiac,Summit / MAAC / NEC / OVC,quinnipiacbobcats.com,mens-tennis,2024,none,0
Quinnipiac,Summit / MAAC / NEC / OVC,quinnipiacbobcats.com,mens-tennis,2025,none,0
Quinnipiac,Summit / MAAC / NEC / OVC,quinnipiacbobcats.com,mens-tennis,2026,none,0
Quinnipiac,Summit / MAAC / NEC / OVC,quinnipiacbobcats.com,womens-tennis,2022,none,0
Quinnipiac,Summit / MAAC / NEC / OVC,quinnipiacbobcats.com,womens-tennis,2023,none,0
Quinnipiac,Summit / MAAC / NEC / OVC,quinnipiacbobcats.com,womens-tennis,2024,none,0
Quinnipiac,Summit / MAAC / NEC / OVC,quinnipiacbobcats.com,womens-tennis,2025,none,0
Quinnipiac,Summit / MAAC / NEC / OVC,quinnipiacbobcats.com,womens-tennis,2026,none,0
Fairleigh Dickinson,Summit / MAAC / NEC / OVC,fduknights.com,mens-tennis,2022,legacy-html,15
Fairleigh Dickinson,Summit / MAAC / NEC / OVC,fduknights.com,mens-tennis,2023,legacy-html,13
Fairleigh Dickinson,Summit / MAAC / NEC / OVC,fduknights.com,mens-tennis,2024,legacy-html,13
Fairleigh Dickinson,Summit / MAAC / NEC / OVC,fduknights.com,mens-tennis,2025,legacy-html,15
Fairleigh Dickinson,Summit / MAAC / NEC / OVC,fduknights.com,mens-tennis,2026,legacy-html,6
Fairleigh Dickinson,Summit / MAAC / NEC / OVC,fduknights.com,womens-tennis,2022,legacy-html,9
Fairleigh Dickinson,Summit / MAAC / NEC / OVC,fduknights.com,womens-tennis,2023,legacy-html,9
Fairleigh Dickinson,Summit / MAAC / NEC / OVC,fduknights.com,womens-tennis,2024,legacy-html,9
Fairleigh Dickinson,Summit / MAAC / NEC / OVC,fduknights.com,womens-tennis,2025,legacy-html,8
Fairleigh Dickinson,Summit / MAAC / NEC / OVC,fduknights.com,womens-tennis,2026,legacy-html,4
LIU,Summit / MAAC / NEC / OVC,liuathletics.com,mens-tennis,2022,legacy-html,8
LIU,Summit / MAAC / NEC / OVC,liuathletics.com,mens-tennis,2023,legacy-html,8
LIU,Summit / MAAC / NEC / OVC,liuathletics.com,mens-tennis,2024,legacy-html,8
LIU,Summit / MAAC / NEC / OVC,liuathletics.com,mens-tennis,2025,legacy-html,6
LIU,Summit / MAAC / NEC / OVC,liuathletics.com,mens-tennis,2026,none,0
LIU,Summit / MAAC / NEC / OVC,liuathletics.com,womens-tennis,2022,legacy-html,9
LIU,Summit / MAAC / NEC / OVC,liuathletics.com,womens-tennis,2023,legacy-html,9
LIU,Summit / MAAC / NEC / OVC,liuathletics.com,womens-tennis,2024,legacy-html,8
LIU,Summit / MAAC / NEC / OVC,liuathletics.com,womens-tennis,2025,legacy-html,7
LIU,Summit / MAAC / NEC / OVC,liuathletics.com,womens-tennis,2026,none,0
Belmont,Summit / MAAC / NEC / OVC,belmontbruins.com,mens-tennis,2022,legacy-html,9
Belmont,Summit / MAAC / NEC / OVC,belmontbruins.com,mens-tennis,2023,legacy-html,9
Belmont,Summit / MAAC / NEC / OVC,belmontbruins.com,mens-tennis,2024,legacy-html,9
Belmont,Summit / MAAC / NEC / OVC,belmontbruins.com,mens-tennis,2025,legacy-html,8
Belmont,Summit / MAAC / NEC / OVC,belmontbruins.com,mens-tennis,2026,legacy-html,8
Belmont,Summit / MAAC / NEC / OVC,belmontbruins.com,womens-tennis,2022,legacy-html,10
Belmont,Summit / MAAC / NEC / OVC,belmontbruins.com,womens-tennis,2023,legacy-html,8
Belmont,Summit / MAAC / NEC / OVC,belmontbruins.com,womens-tennis,2024,legacy-html,8
Belmont,Summit / MAAC / NEC / OVC,belmontbruins.com,womens-tennis,2025,legacy-html,6
Belmont,Summit / MAAC / NEC / OVC,belmontbruins.com,womens-tennis,2026,legacy-html,9
Sacred Heart,Summit / MAAC / NEC / OVC,sacredheartpioneers.com,mens-tennis,2022,devalue,11
Sacred Heart,Summit / MAAC / NEC / OVC,sacredheartpioneers.com,mens-tennis,2023,devalue,10
Sacred Heart,Summit / MAAC / NEC / OVC,sacredheartpioneers.com,mens-tennis,2024,devalue,12
Sacred Heart,Summit / MAAC / NEC / OVC,sacredheartpioneers.com,mens-tennis,2025,devalue,13
Sacred Heart,Summit / MAAC / NEC / OVC,sacredheartpioneers.com,mens-tennis,2026,devalue,11
Sacred Heart,Summit / MAAC / NEC / OVC,sacredheartpioneers.com,womens-tennis,2022,devalue,13
Sacred Heart,Summit / MAAC / NEC / OVC,sacredheartpioneers.com,womens-tennis,2023,devalue,11
Sacred Heart,Summit / MAAC / NEC / OVC,sacredheartpioneers.com,womens-tennis,2024,devalue,12
Sacred Heart,Summit / MAAC / NEC / OVC,sacredheartpioneers.com,womens-tennis,2025,devalue,12
Sacred Heart,Summit / MAAC / NEC / OVC,sacredheartpioneers.com,womens-tennis,2026,devalue,11
Lindenwood,Summit / MAAC / NEC / OVC,lindenwoodlions.com,mens-tennis,2022,legacy-html,10
Lindenwood,Summit / MAAC / NEC / OVC,lindenwoodlions.com,mens-tennis,2023,legacy-html,9
Lindenwood,Summit / MAAC / NEC / OVC,lindenwoodlions.com,mens-tennis,2024,legacy-html,8
Lindenwood,Summit / MAAC / NEC / OVC,lindenwoodlions.com,mens-tennis,2025,legacy-html,8
Lindenwood,Summit / MAAC / NEC / OVC,lindenwoodlions.com,mens-tennis,2026,legacy-html,8
Lindenwood,Summit / MAAC / NEC / OVC,lindenwoodlions.com,womens-tennis,2022,legacy-html,10
Lindenwood,Summit / MAAC / NEC / OVC,lindenwoodlions.com,womens-tennis,2023,legacy-html,7
Lindenwood,Summit / MAAC / NEC / OVC,lindenwoodlions.com,womens-tennis,2024,legacy-html,7
Lindenwood,Summit / MAAC / NEC / OVC,lindenwoodlions.com,womens-tennis,2025,legacy-html,7
Lindenwood,Summit / MAAC / NEC / OVC,lindenwoodlions.com,womens-tennis,2026,legacy-html,8
Central Connecticut,Summit / MAAC / NEC / OVC,ccsubluedevils.com,mens-tennis,2022,none,0
Central Connecticut,Summit / MAAC / NEC / OVC,ccsubluedevils.com,mens-tennis,2023,none,0
Central Connecticut,Summit / MAAC / NEC / OVC,ccsubluedevils.com,mens-tennis,2024,none,0
Central Connecticut,Summit / MAAC / NEC / OVC,ccsubluedevils.com,mens-tennis,2025,none,0
Central Connecticut,Summit / MAAC / NEC / OVC,ccsubluedevils.com,mens-tennis,2026,none,0
Central Connecticut,Summit / MAAC / NEC / OVC,ccsubluedevils.com,womens-tennis,2022,none,0
Central Connecticut,Summit / MAAC / NEC / OVC,ccsubluedevils.com,womens-tennis,2023,none,0
Central Connecticut,Summit / MAAC / NEC / OVC,ccsubluedevils.com,womens-tennis,2024,none,0
Central Connecticut,Summit / MAAC / NEC / OVC,ccsubluedevils.com,womens-tennis,2025,none,0
Central Connecticut,Summit / MAAC / NEC / OVC,ccsubluedevils.com,womens-tennis,2026,none,0
Morehead State,Summit / MAAC / NEC / OVC,msueagles.com,mens-tennis,2022,legacy-html,7
Morehead State,Summit / MAAC / NEC / OVC,msueagles.com,mens-tennis,2023,legacy-html,7
Morehead State,Summit / MAAC / NEC / OVC,msueagles.com,mens-tennis,2024,legacy-html,7
Morehead State,Summit / MAAC / NEC / OVC,msueagles.com,mens-tennis,2025,legacy-html,7
Morehead State,Summit / MAAC / NEC / OVC,msueagles.com,mens-tennis,2026,legacy-html,7
Morehead State,Summit / MAAC / NEC / OVC,msueagles.com,womens-tennis,2022,legacy-html,6
Morehead State,Summit / MAAC / NEC / OVC,msueagles.com,womens-tennis,2023,legacy-html,6
Morehead State,Summit / MAAC / NEC / OVC,msueagles.com,womens-tennis,2024,legacy-html,6
Morehead State,Summit / MAAC / NEC / OVC,msueagles.com,womens-tennis,2025,legacy-html,6
Morehead State,Summit / MAAC / NEC / OVC,msueagles.com,womens-tennis,2026,legacy-html,6
SIU Edwardsville,Summit / MAAC / NEC / OVC,siuecougars.com,mens-tennis,2022,legacy-html,8
SIU Edwardsville,Summit / MAAC / NEC / OVC,siuecougars.com,mens-tennis,2023,legacy-html,8
SIU Edwardsville,Summit / MAAC / NEC / OVC,siuecougars.com,mens-tennis,2024,legacy-html,8
SIU Edwardsville,Summit / MAAC / NEC / OVC,siuecougars.com,mens-tennis,2025,legacy-html,8
SIU Edwardsville,Summit / MAAC / NEC / OVC,siuecougars.com,mens-tennis,2026,legacy-html,8
SIU Edwardsville,Summit / MAAC / NEC / OVC,siuecougars.com,womens-tennis,2022,legacy-html,9
SIU Edwardsville,Summit / MAAC / NEC / OVC,siuecougars.com,womens-tennis,2023,legacy-html,8
SIU Edwardsville,Summit / MAAC / NEC / OVC,siuecougars.com,womens-tennis,2024,legacy-html,9
SIU Edwardsville,Summit / MAAC / NEC / OVC,siuecougars.com,womens-tennis,2025,legacy-html,8
SIU Edwardsville,Summit / MAAC / NEC / OVC,siuecougars.com,womens-tennis,2026,legacy-html,10
Manhattan,Summit / MAAC / NEC / OVC,gojaspers.com,mens-tennis,2022,none,0
Manhattan,Summit / MAAC / NEC / OVC,gojaspers.com,mens-tennis,2023,none,0
Manhattan,Summit / MAAC / NEC / OVC,gojaspers.com,mens-tennis,2024,none,0
Manhattan,Summit / MAAC / NEC / OVC,gojaspers.com,mens-tennis,2025,none,0
Manhattan,Summit / MAAC / NEC / OVC,gojaspers.com,mens-tennis,2026,none,0
Manhattan,Summit / MAAC / NEC / OVC,gojaspers.com,womens-tennis,2022,none,0
Manhattan,Summit / MAAC / NEC / OVC,gojaspers.com,womens-tennis,2023,none,0
Manhattan,Summit / MAAC / NEC / OVC,gojaspers.com,womens-tennis,2024,none,0
Manhattan,Summit / MAAC / NEC / OVC,gojaspers.com,womens-tennis,2025,none,0
Manhattan,Summit / MAAC / NEC / OVC,gojaspers.com,womens-tennis,2026,none,0
Tennessee State,Summit / MAAC / NEC / OVC,tsutigers.com,mens-tennis,2022,legacy-html,6
Tennessee State,Summit / MAAC / NEC / OVC,tsutigers.com,mens-tennis,2023,legacy-html,8
Tennessee State,Summit / MAAC / NEC / OVC,tsutigers.com,mens-tennis,2024,legacy-html,8
Tennessee State,Summit / MAAC / NEC / OVC,tsutigers.com,mens-tennis,2025,legacy-html,6
Tennessee State,Summit / MAAC / NEC / OVC,tsutigers.com,mens-tennis,2026,legacy-html,7
Tennessee State,Summit / MAAC / NEC / OVC,tsutigers.com,womens-tennis,2022,legacy-html,3
Tennessee State,Summit / MAAC / NEC / OVC,tsutigers.com,womens-tennis,2023,legacy-html,8
Tennessee State,Summit / MAAC / NEC / OVC,tsutigers.com,womens-tennis,2024,legacy-html,12
Tennessee State,Summit / MAAC / NEC / OVC,tsutigers.com,womens-tennis,2025,legacy-html,10
Tennessee State,Summit / MAAC / NEC / OVC,tsutigers.com,womens-tennis,2026,legacy-html,7
Incarnate Word,Southland / WAC / Patriot / Big Sky / MEAC / SWAC,uiwcardinals.com,mens-tennis,2022,legacy-html,6
Incarnate Word,Southland / WAC / Patriot / Big Sky / MEAC / SWAC,uiwcardinals.com,mens-tennis,2023,legacy-html,12
Incarnate Word,Southland / WAC / Patriot / Big Sky / MEAC / SWAC,uiwcardinals.com,mens-tennis,2024,legacy-html,10
Incarnate Word,Southland / WAC / Patriot / Big Sky / MEAC / SWAC,uiwcardinals.com,mens-tennis,2025,legacy-html,6
Incarnate Word,Southland / WAC / Patriot / Big Sky / MEAC / SWAC,uiwcardinals.com,mens-tennis,2026,legacy-html,6
Incarnate Word,Southland / WAC / Patriot / Big Sky / MEAC / SWAC,uiwcardinals.com,womens-tennis,2022,legacy-html,8
Incarnate Word,Southland / WAC / Patriot / Big Sky / MEAC / SWAC,uiwcardinals.com,womens-tennis,2023,legacy-html,10
Incarnate Word,Southland / WAC / Patriot / Big Sky / MEAC / SWAC,uiwcardinals.com,womens-tennis,2024,legacy-html,9
Incarnate Word,Southland / WAC / Patriot / Big Sky / MEAC / SWAC,uiwcardinals.com,womens-tennis,2025,legacy-html,8
Incarnate Word,Southland / WAC / Patriot / Big Sky / MEAC / SWAC,uiwcardinals.com,womens-tennis,2026,legacy-html,8
Tennessee Tech,Summit / MAAC / NEC / OVC,ttusports.com,mens-tennis,2022,none,0
Tennessee Tech,Summit / MAAC / NEC / OVC,ttusports.com,mens-tennis,2023,none,0
Tennessee Tech,Summit / MAAC / NEC / OVC,ttusports.com,mens-tennis,2024,none,0
Tennessee Tech,Summit / MAAC / NEC / OVC,ttusports.com,mens-tennis,2025,none,0
Tennessee Tech,Summit / MAAC / NEC / OVC,ttusports.com,mens-tennis,2026,none,0
Tennessee Tech,Summit / MAAC / NEC / OVC,ttusports.com,womens-tennis,2022,none,0
Tennessee Tech,Summit / MAAC / NEC / OVC,ttusports.com,womens-tennis,2023,none,0
Tennessee Tech,Summit / MAAC / NEC / OVC,ttusports.com,womens-tennis,2024,none,0
Tennessee Tech,Summit / MAAC / NEC / OVC,ttusports.com,womens-tennis,2025,none,0
Tennessee Tech,Summit / MAAC / NEC / OVC,ttusports.com,womens-tennis,2026,none,0
Little Rock,Summit / MAAC / NEC / OVC,lrtrojans.com,mens-tennis,2022,none,0
Little Rock,Summit / MAAC / NEC / OVC,lrtrojans.com,mens-tennis,2023,none,0
Little Rock,Summit / MAAC / NEC / OVC,lrtrojans.com,mens-tennis,2024,none,0
Little Rock,Summit / MAAC / NEC / OVC,lrtrojans.com,mens-tennis,2025,none,0
Little Rock,Summit / MAAC / NEC / OVC,lrtrojans.com,mens-tennis,2026,none,0
Little Rock,Summit / MAAC / NEC / OVC,lrtrojans.com,womens-tennis,2022,none,0
Little Rock,Summit / MAAC / NEC / OVC,lrtrojans.com,womens-tennis,2023,none,0
Little Rock,Summit / MAAC / NEC / OVC,lrtrojans.com,womens-tennis,2024,none,0
Little Rock,Summit / MAAC / NEC / OVC,lrtrojans.com,womens-tennis,2025,none,0
Little Rock,Summit / MAAC / NEC / OVC,lrtrojans.com,womens-tennis,2026,none,0
Saint Peter's,Summit / MAAC / NEC / OVC,saintpeterspeacocks.com,mens-tennis,2022,none,0
Saint Peter's,Summit / MAAC / NEC / OVC,saintpeterspeacocks.com,mens-tennis,2023,none,0
Saint Peter's,Summit / MAAC / NEC / OVC,saintpeterspeacocks.com,mens-tennis,2024,none,0
Saint Peter's,Summit / MAAC / NEC / OVC,saintpeterspeacocks.com,mens-tennis,2025,none,0
Saint Peter's,Summit / MAAC / NEC / OVC,saintpeterspeacocks.com,mens-tennis,2026,none,0
Saint Peter's,Summit / MAAC / NEC / OVC,saintpeterspeacocks.com,womens-tennis,2022,none,0
Saint Peter's,Summit / MAAC / NEC / OVC,saintpeterspeacocks.com,womens-tennis,2023,none,0
Saint Peter's,Summit / MAAC / NEC / OVC,saintpeterspeacocks.com,womens-tennis,2024,none,0
Saint Peter's,Summit / MAAC / NEC / OVC,saintpeterspeacocks.com,womens-tennis,2025,none,0
Saint Peter's,Summit / MAAC / NEC / OVC,saintpeterspeacocks.com,womens-tennis,2026,none,0
Lamar,Southland / WAC / Patriot / Big Sky / MEAC / SWAC,lamarcardinals.com,mens-tennis,2022,legacy-html,10
Lamar,Southland / WAC / Patriot / Big Sky / MEAC / SWAC,lamarcardinals.com,mens-tennis,2023,legacy-html,10
Lamar,Southland / WAC / Patriot / Big Sky / MEAC / SWAC,lamarcardinals.com,mens-tennis,2024,legacy-html,9
Lamar,Southland / WAC / Patriot / Big Sky / MEAC / SWAC,lamarcardinals.com,mens-tennis,2025,legacy-html,9
Lamar,Southland / WAC / Patriot / Big Sky / MEAC / SWAC,lamarcardinals.com,mens-tennis,2026,legacy-html,10
Lamar,Southland / WAC / Patriot / Big Sky / MEAC / SWAC,lamarcardinals.com,womens-tennis,2022,legacy-html,8
Lamar,Southland / WAC / Patriot / Big Sky / MEAC / SWAC,lamarcardinals.com,womens-tennis,2023,legacy-html,9
Lamar,Southland / WAC / Patriot / Big Sky / MEAC / SWAC,lamarcardinals.com,womens-tennis,2024,legacy-html,9
Lamar,Southland / WAC / Patriot / Big Sky / MEAC / SWAC,lamarcardinals.com,womens-tennis,2025,legacy-html,8
Lamar,Southland / WAC / Patriot / Big Sky / MEAC / SWAC,lamarcardinals.com,womens-tennis,2026,legacy-html,8
Southeast Missouri State,Summit / MAAC / NEC / OVC,gosoutheast.com,mens-tennis,2022,none,0
Southeast Missouri State,Summit / MAAC / NEC / OVC,gosoutheast.com,mens-tennis,2023,none,0
Southeast Missouri State,Summit / MAAC / NEC / OVC,gosoutheast.com,mens-tennis,2024,none,0
Southeast Missouri State,Summit / MAAC / NEC / OVC,gosoutheast.com,mens-tennis,2025,none,0
Southeast Missouri State,Summit / MAAC / NEC / OVC,gosoutheast.com,mens-tennis,2026,none,0
Southeast Missouri State,Summit / MAAC / NEC / OVC,gosoutheast.com,womens-tennis,2022,none,0
Southeast Missouri State,Summit / MAAC / NEC / OVC,gosoutheast.com,womens-tennis,2023,none,0
Southeast Missouri State,Summit / MAAC / NEC / OVC,gosoutheast.com,womens-tennis,2024,none,0
Southeast Missouri State,Summit / MAAC / NEC / OVC,gosoutheast.com,womens-tennis,2025,none,0
Southeast Missouri State,Summit / MAAC / NEC / OVC,gosoutheast.com,womens-tennis,2026,none,0
Nicholls,Southland / WAC / Patriot / Big Sky / MEAC / SWAC,geauxcolonels.com,mens-tennis,2022,legacy-html,10
Nicholls,Southland / WAC / Patriot / Big Sky / MEAC / SWAC,geauxcolonels.com,mens-tennis,2023,legacy-html,14
Nicholls,Southland / WAC / Patriot / Big Sky / MEAC / SWAC,geauxcolonels.com,mens-tennis,2024,legacy-html,9
Nicholls,Southland / WAC / Patriot / Big Sky / MEAC / SWAC,geauxcolonels.com,mens-tennis,2025,legacy-html,8
Nicholls,Southland / WAC / Patriot / Big Sky / MEAC / SWAC,geauxcolonels.com,mens-tennis,2026,legacy-html,10
Nicholls,Southland / WAC / Patriot / Big Sky / MEAC / SWAC,geauxcolonels.com,womens-tennis,2022,legacy-html,7
Nicholls,Southland / WAC / Patriot / Big Sky / MEAC / SWAC,geauxcolonels.com,womens-tennis,2023,legacy-html,8
Nicholls,Southland / WAC / Patriot / Big Sky / MEAC / SWAC,geauxcolonels.com,womens-tennis,2024,legacy-html,10
Nicholls,Southland / WAC / Patriot / Big Sky / MEAC / SWAC,geauxcolonels.com,womens-tennis,2025,legacy-html,8
Nicholls,Southland / WAC / Patriot / Big Sky / MEAC / SWAC,geauxcolonels.com,womens-tennis,2026,legacy-html,9
New Orleans,Southland / WAC / Patriot / Big Sky / MEAC / SWAC,unoprivateers.com,mens-tennis,2022,legacy-html,8
New Orleans,Southland / WAC / Patriot / Big Sky / MEAC / SWAC,unoprivateers.com,mens-tennis,2023,legacy-html,9
New Orleans,Southland / WAC / Patriot / Big Sky / MEAC / SWAC,unoprivateers.com,mens-tennis,2024,legacy-html,9
New Orleans,Southland / WAC / Patriot / Big Sky / MEAC / SWAC,unoprivateers.com,mens-tennis,2025,legacy-html,9
New Orleans,Southland / WAC / Patriot / Big Sky / MEAC / SWAC,unoprivateers.com,mens-tennis,2026,legacy-html,4
New Orleans,Southland / WAC / Patriot / Big Sky / MEAC / SWAC,unoprivateers.com,womens-tennis,2022,legacy-html,7
New Orleans,Southland / WAC / Patriot / Big Sky / MEAC / SWAC,unoprivateers.com,womens-tennis,2023,legacy-html,8
New Orleans,Southland / WAC / Patriot / Big Sky / MEAC / SWAC,unoprivateers.com,womens-tennis,2024,legacy-html,8
New Orleans,Southland / WAC / Patriot / Big Sky / MEAC / SWAC,unoprivateers.com,womens-tennis,2025,legacy-html,6
New Orleans,Southland / WAC / Patriot / Big Sky / MEAC / SWAC,unoprivateers.com,womens-tennis,2026,legacy-html,2
UT Martin,Summit / MAAC / NEC / OVC,utmsports.com,mens-tennis,2022,none,0
UT Martin,Summit / MAAC / NEC / OVC,utmsports.com,mens-tennis,2023,none,0
UT Martin,Summit / MAAC / NEC / OVC,utmsports.com,mens-tennis,2024,none,0
UT Martin,Summit / MAAC / NEC / OVC,utmsports.com,mens-tennis,2025,none,0
UT Martin,Summit / MAAC / NEC / OVC,utmsports.com,mens-tennis,2026,none,0
UT Martin,Summit / MAAC / NEC / OVC,utmsports.com,womens-tennis,2022,devalue,8
UT Martin,Summit / MAAC / NEC / OVC,utmsports.com,womens-tennis,2023,devalue,7
UT Martin,Summit / MAAC / NEC / OVC,utmsports.com,womens-tennis,2024,devalue,7
UT Martin,Summit / MAAC / NEC / OVC,utmsports.com,womens-tennis,2025,devalue,7
UT Martin,Summit / MAAC / NEC / OVC,utmsports.com,womens-tennis,2026,devalue,7
Texas A&M-Corpus Christi,Southland / WAC / Patriot / Big Sky / MEAC / SWAC,goislanders.com,mens-tennis,2022,legacy-html,9
Texas A&M-Corpus Christi,Southland / WAC / Patriot / Big Sky / MEAC / SWAC,goislanders.com,mens-tennis,2023,legacy-html,7
Texas A&M-Corpus Christi,Southland / WAC / Patriot / Big Sky / MEAC / SWAC,goislanders.com,mens-tennis,2024,legacy-html,8
Texas A&M-Corpus Christi,Southland / WAC / Patriot / Big Sky / MEAC / SWAC,goislanders.com,mens-tennis,2025,legacy-html,10
Texas A&M-Corpus Christi,Southland / WAC / Patriot / Big Sky / MEAC / SWAC,goislanders.com,mens-tennis,2026,legacy-html,9
Texas A&M-Corpus Christi,Southland / WAC / Patriot / Big Sky / MEAC / SWAC,goislanders.com,womens-tennis,2022,legacy-html,8
Texas A&M-Corpus Christi,Southland / WAC / Patriot / Big Sky / MEAC / SWAC,goislanders.com,womens-tennis,2023,legacy-html,8
Texas A&M-Corpus Christi,Southland / WAC / Patriot / Big Sky / MEAC / SWAC,goislanders.com,womens-tennis,2024,legacy-html,8
Texas A&M-Corpus Christi,Southland / WAC / Patriot / Big Sky / MEAC / SWAC,goislanders.com,womens-tennis,2025,legacy-html,8
Texas A&M-Corpus Christi,Southland / WAC / Patriot / Big Sky / MEAC / SWAC,goislanders.com,womens-tennis,2026,legacy-html,8
Abilene Christian,Southland / WAC / Patriot / Big Sky / MEAC / SWAC,acusports.com,mens-tennis,2022,devalue,11
Abilene Christian,Southland / WAC / Patriot / Big Sky / MEAC / SWAC,acusports.com,mens-tennis,2023,devalue,9
Abilene Christian,Southland / WAC / Patriot / Big Sky / MEAC / SWAC,acusports.com,mens-tennis,2024,devalue,10
Abilene Christian,Southland / WAC / Patriot / Big Sky / MEAC / SWAC,acusports.com,mens-tennis,2025,devalue,10
Abilene Christian,Southland / WAC / Patriot / Big Sky / MEAC / SWAC,acusports.com,mens-tennis,2026,devalue,9
Abilene Christian,Southland / WAC / Patriot / Big Sky / MEAC / SWAC,acusports.com,womens-tennis,2022,devalue,9
Abilene Christian,Southland / WAC / Patriot / Big Sky / MEAC / SWAC,acusports.com,womens-tennis,2023,devalue,7
Abilene Christian,Southland / WAC / Patriot / Big Sky / MEAC / SWAC,acusports.com,womens-tennis,2024,devalue,8
Abilene Christian,Southland / WAC / Patriot / Big Sky / MEAC / SWAC,acusports.com,womens-tennis,2025,devalue,8
Abilene Christian,Southland / WAC / Patriot / Big Sky / MEAC / SWAC,acusports.com,womens-tennis,2026,none,0
McNeese,Southland / WAC / Patriot / Big Sky / MEAC / SWAC,mcneesesports.com,mens-tennis,2022,none,0
McNeese,Southland / WAC / Patriot / Big Sky / MEAC / SWAC,mcneesesports.com,mens-tennis,2023,none,0
McNeese,Southland / WAC / Patriot / Big Sky / MEAC / SWAC,mcneesesports.com,mens-tennis,2024,none,0
McNeese,Southland / WAC / Patriot / Big Sky / MEAC / SWAC,mcneesesports.com,mens-tennis,2025,none,0
McNeese,Southland / WAC / Patriot / Big Sky / MEAC / SWAC,mcneesesports.com,mens-tennis,2026,none,0
McNeese,Southland / WAC / Patriot / Big Sky / MEAC / SWAC,mcneesesports.com,womens-tennis,2022,legacy-html,8
McNeese,Southland / WAC / Patriot / Big Sky / MEAC / SWAC,mcneesesports.com,womens-tennis,2023,legacy-html,8
McNeese,Southland / WAC / Patriot / Big Sky / MEAC / SWAC,mcneesesports.com,womens-tennis,2024,legacy-html,8
McNeese,Southland / WAC / Patriot / Big Sky / MEAC / SWAC,mcneesesports.com,womens-tennis,2025,legacy-html,8
McNeese,Southland / WAC / Patriot / Big Sky / MEAC / SWAC,mcneesesports.com,womens-tennis,2026,legacy-html,9
Grand Canyon,Southland / WAC / Patriot / Big Sky / MEAC / SWAC,gculopes.com,mens-tennis,2022,devalue,9
Grand Canyon,Southland / WAC / Patriot / Big Sky / MEAC / SWAC,gculopes.com,mens-tennis,2023,devalue,12
Grand Canyon,Southland / WAC / Patriot / Big Sky / MEAC / SWAC,gculopes.com,mens-tennis,2024,devalue,7
Grand Canyon,Southland / WAC / Patriot / Big Sky / MEAC / SWAC,gculopes.com,mens-tennis,2025,devalue,10
Grand Canyon,Southland / WAC / Patriot / Big Sky / MEAC / SWAC,gculopes.com,mens-tennis,2026,devalue,8
Grand Canyon,Southland / WAC / Patriot / Big Sky / MEAC / SWAC,gculopes.com,womens-tennis,2022,devalue,9
Grand Canyon,Southland / WAC / Patriot / Big Sky / MEAC / SWAC,gculopes.com,womens-tennis,2023,devalue,8
Grand Canyon,Southland / WAC / Patriot / Big Sky / MEAC / SWAC,gculopes.com,womens-tennis,2024,devalue,8
Grand Canyon,Southland / WAC / Patriot / Big Sky / MEAC / SWAC,gculopes.com,womens-tennis,2025,devalue,7
Grand Canyon,Southland / WAC / Patriot / Big Sky / MEAC / SWAC,gculopes.com,womens-tennis,2026,devalue,10
Southeastern Louisiana,Southland / WAC / Patriot / Big Sky / MEAC / SWAC,lionsports.net,mens-tennis,2022,none,0
Southeastern Louisiana,Southland / WAC / Patriot / Big Sky / MEAC / SWAC,lionsports.net,mens-tennis,2023,none,0
Southeastern Louisiana,Southland / WAC / Patriot / Big Sky / MEAC / SWAC,lionsports.net,mens-tennis,2024,none,0
Southeastern Louisiana,Southland / WAC / Patriot / Big Sky / MEAC / SWAC,lionsports.net,mens-tennis,2025,none,0
Southeastern Louisiana,Southland / WAC / Patriot / Big Sky / MEAC / SWAC,lionsports.net,mens-tennis,2026,none,0
Southeastern Louisiana,Southland / WAC / Patriot / Big Sky / MEAC / SWAC,lionsports.net,womens-tennis,2022,legacy-html,9
Southeastern Louisiana,Southland / WAC / Patriot / Big Sky / MEAC / SWAC,lionsports.net,womens-tennis,2023,legacy-html,11
Southeastern Louisiana,Southland / WAC / Patriot / Big Sky / MEAC / SWAC,lionsports.net,womens-tennis,2024,legacy-html,11
Southeastern Louisiana,Southland / WAC / Patriot / Big Sky / MEAC / SWAC,lionsports.net,womens-tennis,2025,legacy-html,11
Southeastern Louisiana,Southland / WAC / Patriot / Big Sky / MEAC / SWAC,lionsports.net,womens-tennis,2026,legacy-html,9
UT Arlington,Southland / WAC / Patriot / Big Sky / MEAC / SWAC,utamavs.com,mens-tennis,2022,legacy-html,8
UT Arlington,Southland / WAC / Patriot / Big Sky / MEAC / SWAC,utamavs.com,mens-tennis,2023,legacy-html,9
UT Arlington,Southland / WAC / Patriot / Big Sky / MEAC / SWAC,utamavs.com,mens-tennis,2024,legacy-html,7
UT Arlington,Southland / WAC / Patriot / Big Sky / MEAC / SWAC,utamavs.com,mens-tennis,2025,legacy-html,6
UT Arlington,Southland / WAC / Patriot / Big Sky / MEAC / SWAC,utamavs.com,mens-tennis,2026,legacy-html,7
UT Arlington,Southland / WAC / Patriot / Big Sky / MEAC / SWAC,utamavs.com,womens-tennis,2022,legacy-html,10
UT Arlington,Southland / WAC / Patriot / Big Sky / MEAC / SWAC,utamavs.com,womens-tennis,2023,legacy-html,8
UT Arlington,Southland / WAC / Patriot / Big Sky / MEAC / SWAC,utamavs.com,womens-tennis,2024,legacy-html,8
UT Arlington,Southland / WAC / Patriot / Big Sky / MEAC / SWAC,utamavs.com,womens-tennis,2025,legacy-html,6
UT Arlington,Southland / WAC / Patriot / Big Sky / MEAC / SWAC,utamavs.com,womens-tennis,2026,legacy-html,6
Northwestern State,Southland / WAC / Patriot / Big Sky / MEAC / SWAC,nsudemons.com,mens-tennis,2022,none,0
Northwestern State,Southland / WAC / Patriot / Big Sky / MEAC / SWAC,nsudemons.com,mens-tennis,2023,none,0
Northwestern State,Southland / WAC / Patriot / Big Sky / MEAC / SWAC,nsudemons.com,mens-tennis,2024,none,0
Northwestern State,Southland / WAC / Patriot / Big Sky / MEAC / SWAC,nsudemons.com,mens-tennis,2025,none,0
Northwestern State,Southland / WAC / Patriot / Big Sky / MEAC / SWAC,nsudemons.com,mens-tennis,2026,none,0
Northwestern State,Southland / WAC / Patriot / Big Sky / MEAC / SWAC,nsudemons.com,womens-tennis,2022,legacy-html,8
Northwestern State,Southland / WAC / Patriot / Big Sky / MEAC / SWAC,nsudemons.com,womens-tennis,2023,legacy-html,8
Northwestern State,Southland / WAC / Patriot / Big Sky / MEAC / SWAC,nsudemons.com,womens-tennis,2024,legacy-html,7
Northwestern State,Southland / WAC / Patriot / Big Sky / MEAC / SWAC,nsudemons.com,womens-tennis,2025,legacy-html,8
Northwestern State,Southland / WAC / Patriot / Big Sky / MEAC / SWAC,nsudemons.com,womens-tennis,2026,legacy-html,9
Army,Southland / WAC / Patriot / Big Sky / MEAC / SWAC,goarmywestpoint.com,mens-tennis,2022,devalue,15
Army,Southland / WAC / Patriot / Big Sky / MEAC / SWAC,goarmywestpoint.com,mens-tennis,2023,devalue,15
Army,Southland / WAC / Patriot / Big Sky / MEAC / SWAC,goarmywestpoint.com,mens-tennis,2024,devalue,13
Army,Southland / WAC / Patriot / Big Sky / MEAC / SWAC,goarmywestpoint.com,mens-tennis,2025,devalue,10
Army,Southland / WAC / Patriot / Big Sky / MEAC / SWAC,goarmywestpoint.com,mens-tennis,2026,devalue,12
Army,Southland / WAC / Patriot / Big Sky / MEAC / SWAC,goarmywestpoint.com,womens-tennis,2022,devalue,17
Army,Southland / WAC / Patriot / Big Sky / MEAC / SWAC,goarmywestpoint.com,womens-tennis,2023,devalue,15
Army,Southland / WAC / Patriot / Big Sky / MEAC / SWAC,goarmywestpoint.com,womens-tennis,2024,devalue,15
Army,Southland / WAC / Patriot / Big Sky / MEAC / SWAC,goarmywestpoint.com,womens-tennis,2025,devalue,18
Army,Southland / WAC / Patriot / Big Sky / MEAC / SWAC,goarmywestpoint.com,womens-tennis,2026,devalue,16
Boston University,Southland / WAC / Patriot / Big Sky / MEAC / SWAC,goterriers.com,mens-tennis,2022,devalue,11
Boston University,Southland / WAC / Patriot / Big Sky / MEAC / SWAC,goterriers.com,mens-tennis,2023,devalue,11
Boston University,Southland / WAC / Patriot / Big Sky / MEAC / SWAC,goterriers.com,mens-tennis,2024,devalue,13
Boston University,Southland / WAC / Patriot / Big Sky / MEAC / SWAC,goterriers.com,mens-tennis,2025,devalue,8
Boston University,Southland / WAC / Patriot / Big Sky / MEAC / SWAC,goterriers.com,mens-tennis,2026,devalue,8
Boston University,Southland / WAC / Patriot / Big Sky / MEAC / SWAC,goterriers.com,womens-tennis,2022,devalue,10
Boston University,Southland / WAC / Patriot / Big Sky / MEAC / SWAC,goterriers.com,womens-tennis,2023,devalue,12
Boston University,Southland / WAC / Patriot / Big Sky / MEAC / SWAC,goterriers.com,womens-tennis,2024,devalue,10
Boston University,Southland / WAC / Patriot / Big Sky / MEAC / SWAC,goterriers.com,womens-tennis,2025,devalue,11
Boston University,Southland / WAC / Patriot / Big Sky / MEAC / SWAC,goterriers.com,womens-tennis,2026,devalue,9
Tarleton,Southland / WAC / Patriot / Big Sky / MEAC / SWAC,tarletonsports.com,mens-tennis,2022,none,0
Tarleton,Southland / WAC / Patriot / Big Sky / MEAC / SWAC,tarletonsports.com,mens-tennis,2023,none,0
Tarleton,Southland / WAC / Patriot / Big Sky / MEAC / SWAC,tarletonsports.com,mens-tennis,2024,none,0
Tarleton,Southland / WAC / Patriot / Big Sky / MEAC / SWAC,tarletonsports.com,mens-tennis,2025,none,0
Tarleton,Southland / WAC / Patriot / Big Sky / MEAC / SWAC,tarletonsports.com,mens-tennis,2026,none,0
Tarleton,Southland / WAC / Patriot / Big Sky / MEAC / SWAC,tarletonsports.com,womens-tennis,2022,legacy-html,8
Tarleton,Southland / WAC / Patriot / Big Sky / MEAC / SWAC,tarletonsports.com,womens-tennis,2023,legacy-html,9
Tarleton,Southland / WAC / Patriot / Big Sky / MEAC / SWAC,tarletonsports.com,womens-tennis,2024,legacy-html,8
Tarleton,Southland / WAC / Patriot / Big Sky / MEAC / SWAC,tarletonsports.com,womens-tennis,2025,legacy-html,8
Tarleton,Southland / WAC / Patriot / Big Sky / MEAC / SWAC,tarletonsports.com,womens-tennis,2026,legacy-html,9
Bucknell,Southland / WAC / Patriot / Big Sky / MEAC / SWAC,bucknellbison.com,mens-tennis,2022,devalue,8
Bucknell,Southland / WAC / Patriot / Big Sky / MEAC / SWAC,bucknellbison.com,mens-tennis,2023,devalue,8
Bucknell,Southland / WAC / Patriot / Big Sky / MEAC / SWAC,bucknellbison.com,mens-tennis,2024,devalue,8
Bucknell,Southland / WAC / Patriot / Big Sky / MEAC / SWAC,bucknellbison.com,mens-tennis,2025,devalue,9
Bucknell,Southland / WAC / Patriot / Big Sky / MEAC / SWAC,bucknellbison.com,mens-tennis,2026,devalue,10
Bucknell,Southland / WAC / Patriot / Big Sky / MEAC / SWAC,bucknellbison.com,womens-tennis,2022,devalue,8
Bucknell,Southland / WAC / Patriot / Big Sky / MEAC / SWAC,bucknellbison.com,womens-tennis,2023,devalue,8
Bucknell,Southland / WAC / Patriot / Big Sky / MEAC / SWAC,bucknellbison.com,womens-tennis,2024,devalue,10
Bucknell,Southland / WAC / Patriot / Big Sky / MEAC / SWAC,bucknellbison.com,womens-tennis,2025,devalue,10
Bucknell,Southland / WAC / Patriot / Big Sky / MEAC / SWAC,bucknellbison.com,womens-tennis,2026,devalue,10
Lafayette,Southland / WAC / Patriot / Big Sky / MEAC / SWAC,goleopards.com,mens-tennis,2022,legacy-html,8
Lafayette,Southland / WAC / Patriot / Big Sky / MEAC / SWAC,goleopards.com,mens-tennis,2023,legacy-html,9
Lafayette,Southland / WAC / Patriot / Big Sky / MEAC / SWAC,goleopards.com,mens-tennis,2024,legacy-html,10
Lafayette,Southland / WAC / Patriot / Big Sky / MEAC / SWAC,goleopards.com,mens-tennis,2025,legacy-html,9
Lafayette,Southland / WAC / Patriot / Big Sky / MEAC / SWAC,goleopards.com,mens-tennis,2026,legacy-html,10
Lafayette,Southland / WAC / Patriot / Big Sky / MEAC / SWAC,goleopards.com,womens-tennis,2022,legacy-html,11
Lafayette,Southland / WAC / Patriot / Big Sky / MEAC / SWAC,goleopards.com,womens-tennis,2023,legacy-html,11
Lafayette,Southland / WAC / Patriot / Big Sky / MEAC / SWAC,goleopards.com,womens-tennis,2024,legacy-html,10
Lafayette,Southland / WAC / Patriot / Big Sky / MEAC / SWAC,goleopards.com,womens-tennis,2025,legacy-html,11
Lafayette,Southland / WAC / Patriot / Big Sky / MEAC / SWAC,goleopards.com,womens-tennis,2026,legacy-html,10
Loyola Maryland,Southland / WAC / Patriot / Big Sky / MEAC / SWAC,loyolagreyhounds.com,mens-tennis,2022,legacy-html,16
Loyola Maryland,Southland / WAC / Patriot / Big Sky / MEAC / SWAC,loyolagreyhounds.com,mens-tennis,2023,legacy-html,16
Loyola Maryland,Southland / WAC / Patriot / Big Sky / MEAC / SWAC,loyolagreyhounds.com,mens-tennis,2024,legacy-html,17
Loyola Maryland,Southland / WAC / Patriot / Big Sky / MEAC / SWAC,loyolagreyhounds.com,mens-tennis,2025,legacy-html,15
Loyola Maryland,Southland / WAC / Patriot / Big Sky / MEAC / SWAC,loyolagreyhounds.com,mens-tennis,2026,legacy-html,11
Loyola Maryland,Southland / WAC / Patriot / Big Sky / MEAC / SWAC,loyolagreyhounds.com,womens-tennis,2022,legacy-html,15
Loyola Maryland,Southland / WAC / Patriot / Big Sky / MEAC / SWAC,loyolagreyhounds.com,womens-tennis,2023,legacy-html,15
Loyola Maryland,Southland / WAC / Patriot / Big Sky / MEAC / SWAC,loyolagreyhounds.com,womens-tennis,2024,legacy-html,13
Loyola Maryland,Southland / WAC / Patriot / Big Sky / MEAC / SWAC,loyolagreyhounds.com,womens-tennis,2025,legacy-html,14
Loyola Maryland,Southland / WAC / Patriot / Big Sky / MEAC / SWAC,loyolagreyhounds.com,womens-tennis,2026,legacy-html,8
Lehigh,Southland / WAC / Patriot / Big Sky / MEAC / SWAC,lehighsports.com,mens-tennis,2022,devalue,10
Lehigh,Southland / WAC / Patriot / Big Sky / MEAC / SWAC,lehighsports.com,mens-tennis,2023,devalue,12
Lehigh,Southland / WAC / Patriot / Big Sky / MEAC / SWAC,lehighsports.com,mens-tennis,2024,devalue,9
Lehigh,Southland / WAC / Patriot / Big Sky / MEAC / SWAC,lehighsports.com,mens-tennis,2025,devalue,12
Lehigh,Southland / WAC / Patriot / Big Sky / MEAC / SWAC,lehighsports.com,mens-tennis,2026,devalue,12
Lehigh,Southland / WAC / Patriot / Big Sky / MEAC / SWAC,lehighsports.com,womens-tennis,2022,devalue,8
Lehigh,Southland / WAC / Patriot / Big Sky / MEAC / SWAC,lehighsports.com,womens-tennis,2023,devalue,8
Lehigh,Southland / WAC / Patriot / Big Sky / MEAC / SWAC,lehighsports.com,womens-tennis,2024,devalue,9
Lehigh,Southland / WAC / Patriot / Big Sky / MEAC / SWAC,lehighsports.com,womens-tennis,2025,devalue,10
Lehigh,Southland / WAC / Patriot / Big Sky / MEAC / SWAC,lehighsports.com,womens-tennis,2026,devalue,10
Navy,Southland / WAC / Patriot / Big Sky / MEAC / SWAC,navysports.com,mens-tennis,2022,legacy-html,18
Navy,Southland / WAC / Patriot / Big Sky / MEAC / SWAC,navysports.com,mens-tennis,2023,legacy-html,16
Navy,Southland / WAC / Patriot / Big Sky / MEAC / SWAC,navysports.com,mens-tennis,2024,legacy-html,16
Navy,Southland / WAC / Patriot / Big Sky / MEAC / SWAC,navysports.com,mens-tennis,2025,legacy-html,18
Navy,Southland / WAC / Patriot / Big Sky / MEAC / SWAC,navysports.com,mens-tennis,2026,legacy-html,16
Navy,Southland / WAC / Patriot / Big Sky / MEAC / SWAC,navysports.com,womens-tennis,2022,legacy-html,12
Navy,Southland / WAC / Patriot / Big Sky / MEAC / SWAC,navysports.com,womens-tennis,2023,legacy-html,11
Navy,Southland / WAC / Patriot / Big Sky / MEAC / SWAC,navysports.com,womens-tennis,2024,legacy-html,13
Navy,Southland / WAC / Patriot / Big Sky / MEAC / SWAC,navysports.com,womens-tennis,2025,legacy-html,15
Navy,Southland / WAC / Patriot / Big Sky / MEAC / SWAC,navysports.com,womens-tennis,2026,legacy-html,15
Eastern Washington,Southland / WAC / Patriot / Big Sky / MEAC / SWAC,goeags.com,mens-tennis,2022,legacy-html,10
Eastern Washington,Southland / WAC / Patriot / Big Sky / MEAC / SWAC,goeags.com,mens-tennis,2023,legacy-html,7
Eastern Washington,Southland / WAC / Patriot / Big Sky / MEAC / SWAC,goeags.com,mens-tennis,2024,legacy-html,7
Eastern Washington,Southland / WAC / Patriot / Big Sky / MEAC / SWAC,goeags.com,mens-tennis,2025,legacy-html,7
Eastern Washington,Southland / WAC / Patriot / Big Sky / MEAC / SWAC,goeags.com,mens-tennis,2026,legacy-html,7
Eastern Washington,Southland / WAC / Patriot / Big Sky / MEAC / SWAC,goeags.com,womens-tennis,2022,legacy-html,7
Eastern Washington,Southland / WAC / Patriot / Big Sky / MEAC / SWAC,goeags.com,womens-tennis,2023,legacy-html,8
Eastern Washington,Southland / WAC / Patriot / Big Sky / MEAC / SWAC,goeags.com,womens-tennis,2024,legacy-html,8
Eastern Washington,Southland / WAC / Patriot / Big Sky / MEAC / SWAC,goeags.com,womens-tennis,2025,legacy-html,8
Eastern Washington,Southland / WAC / Patriot / Big Sky / MEAC / SWAC,goeags.com,womens-tennis,2026,legacy-html,8
Utah Valley,Southland / WAC / Patriot / Big Sky / MEAC / SWAC,gouvu.com,mens-tennis,2022,none,0
Utah Valley,Southland / WAC / Patriot / Big Sky / MEAC / SWAC,gouvu.com,mens-tennis,2023,none,0
Utah Valley,Southland / WAC / Patriot / Big Sky / MEAC / SWAC,gouvu.com,mens-tennis,2024,none,0
Utah Valley,Southland / WAC / Patriot / Big Sky / MEAC / SWAC,gouvu.com,mens-tennis,2025,none,0
Utah Valley,Southland / WAC / Patriot / Big Sky / MEAC / SWAC,gouvu.com,mens-tennis,2026,none,0
Utah Valley,Southland / WAC / Patriot / Big Sky / MEAC / SWAC,gouvu.com,womens-tennis,2022,none,0
Utah Valley,Southland / WAC / Patriot / Big Sky / MEAC / SWAC,gouvu.com,womens-tennis,2023,none,0
Utah Valley,Southland / WAC / Patriot / Big Sky / MEAC / SWAC,gouvu.com,womens-tennis,2024,none,0
Utah Valley,Southland / WAC / Patriot / Big Sky / MEAC / SWAC,gouvu.com,womens-tennis,2025,none,0
Utah Valley,Southland / WAC / Patriot / Big Sky / MEAC / SWAC,gouvu.com,womens-tennis,2026,none,0
Idaho,Southland / WAC / Patriot / Big Sky / MEAC / SWAC,govandals.com,mens-tennis,2022,legacy-html,9
Idaho,Southland / WAC / Patriot / Big Sky / MEAC / SWAC,govandals.com,mens-tennis,2023,legacy-html,9
Idaho,Southland / WAC / Patriot / Big Sky / MEAC / SWAC,govandals.com,mens-tennis,2024,legacy-html,8
Idaho,Southland / WAC / Patriot / Big Sky / MEAC / SWAC,govandals.com,mens-tennis,2025,legacy-html,8
Idaho,Southland / WAC / Patriot / Big Sky / MEAC / SWAC,govandals.com,mens-tennis,2026,legacy-html,9
Idaho,Southland / WAC / Patriot / Big Sky / MEAC / SWAC,govandals.com,womens-tennis,2022,legacy-html,5
Idaho,Southland / WAC / Patriot / Big Sky / MEAC / SWAC,govandals.com,womens-tennis,2023,legacy-html,8
Idaho,Southland / WAC / Patriot / Big Sky / MEAC / SWAC,govandals.com,womens-tennis,2024,legacy-html,9
Idaho,Southland / WAC / Patriot / Big Sky / MEAC / SWAC,govandals.com,womens-tennis,2025,legacy-html,8
Idaho,Southland / WAC / Patriot / Big Sky / MEAC / SWAC,govandals.com,womens-tennis,2026,legacy-html,8
Montana,Southland / WAC / Patriot / Big Sky / MEAC / SWAC,gogriz.com,mens-tennis,2022,devalue,10
Montana,Southland / WAC / Patriot / Big Sky / MEAC / SWAC,gogriz.com,mens-tennis,2023,devalue,9
Montana,Southland / WAC / Patriot / Big Sky / MEAC / SWAC,gogriz.com,mens-tennis,2024,devalue,10
Montana,Southland / WAC / Patriot / Big Sky / MEAC / SWAC,gogriz.com,mens-tennis,2025,devalue,10
Montana,Southland / WAC / Patriot / Big Sky / MEAC / SWAC,gogriz.com,mens-tennis,2026,devalue,9
Montana,Southland / WAC / Patriot / Big Sky / MEAC / SWAC,gogriz.com,womens-tennis,2022,devalue,9
Montana,Southland / WAC / Patriot / Big Sky / MEAC / SWAC,gogriz.com,womens-tennis,2023,devalue,10
Montana,Southland / WAC / Patriot / Big Sky / MEAC / SWAC,gogriz.com,womens-tennis,2024,devalue,8
Montana,Southland / WAC / Patriot / Big Sky / MEAC / SWAC,gogriz.com,womens-tennis,2025,devalue,8
Montana,Southland / WAC / Patriot / Big Sky / MEAC / SWAC,gogriz.com,womens-tennis,2026,devalue,4
Portland State,Southland / WAC / Patriot / Big Sky / MEAC / SWAC,goviks.com,mens-tennis,2022,legacy-html,6
Portland State,Southland / WAC / Patriot / Big Sky / MEAC / SWAC,goviks.com,mens-tennis,2023,legacy-html,7
Portland State,Southland / WAC / Patriot / Big Sky / MEAC / SWAC,goviks.com,mens-tennis,2024,legacy-html,10
Portland State,Southland / WAC / Patriot / Big Sky / MEAC / SWAC,goviks.com,mens-tennis,2025,legacy-html,6
Portland State,Southland / WAC / Patriot / Big Sky / MEAC / SWAC,goviks.com,mens-tennis,2026,legacy-html,10
Portland State,Southland / WAC / Patriot / Big Sky / MEAC / SWAC,goviks.com,womens-tennis,2022,legacy-html,7
Portland State,Southland / WAC / Patriot / Big Sky / MEAC / SWAC,goviks.com,womens-tennis,2023,legacy-html,8
Portland State,Southland / WAC / Patriot / Big Sky / MEAC / SWAC,goviks.com,womens-tennis,2024,legacy-html,7
Portland State,Southland / WAC / Patriot / Big Sky / MEAC / SWAC,goviks.com,womens-tennis,2025,legacy-html,6
Portland State,Southland / WAC / Patriot / Big Sky / MEAC / SWAC,goviks.com,womens-tennis,2026,legacy-html,9
Montana State,Southland / WAC / Patriot / Big Sky / MEAC / SWAC,msubobcats.com,mens-tennis,2022,devalue,10
Montana State,Southland / WAC / Patriot / Big Sky / MEAC / SWAC,msubobcats.com,mens-tennis,2023,devalue,8
Montana State,Southland / WAC / Patriot / Big Sky / MEAC / SWAC,msubobcats.com,mens-tennis,2024,devalue,2
Montana State,Southland / WAC / Patriot / Big Sky / MEAC / SWAC,msubobcats.com,mens-tennis,2025,devalue,8
Montana State,Southland / WAC / Patriot / Big Sky / MEAC / SWAC,msubobcats.com,mens-tennis,2026,devalue,8
Montana State,Southland / WAC / Patriot / Big Sky / MEAC / SWAC,msubobcats.com,womens-tennis,2022,devalue,7
Montana State,Southland / WAC / Patriot / Big Sky / MEAC / SWAC,msubobcats.com,womens-tennis,2023,devalue,8
Montana State,Southland / WAC / Patriot / Big Sky / MEAC / SWAC,msubobcats.com,womens-tennis,2024,devalue,10
Montana State,Southland / WAC / Patriot / Big Sky / MEAC / SWAC,msubobcats.com,womens-tennis,2025,devalue,9
Montana State,Southland / WAC / Patriot / Big Sky / MEAC / SWAC,msubobcats.com,womens-tennis,2026,devalue,8
Sacramento State,Southland / WAC / Patriot / Big Sky / MEAC / SWAC,hornetsports.com,mens-tennis,2022,legacy-html,9
Sacramento State,Southland / WAC / Patriot / Big Sky / MEAC / SWAC,hornetsports.com,mens-tennis,2023,legacy-html,11
Sacramento State,Southland / WAC / Patriot / Big Sky / MEAC / SWAC,hornetsports.com,mens-tennis,2024,legacy-html,9
Sacramento State,Southland / WAC / Patriot / Big Sky / MEAC / SWAC,hornetsports.com,mens-tennis,2025,legacy-html,8
Sacramento State,Southland / WAC / Patriot / Big Sky / MEAC / SWAC,hornetsports.com,mens-tennis,2026,legacy-html,10
Sacramento State,Southland / WAC / Patriot / Big Sky / MEAC / SWAC,hornetsports.com,womens-tennis,2022,legacy-html,10
Sacramento State,Southland / WAC / Patriot / Big Sky / MEAC / SWAC,hornetsports.com,womens-tennis,2023,legacy-html,10
Sacramento State,Southland / WAC / Patriot / Big Sky / MEAC / SWAC,hornetsports.com,womens-tennis,2024,legacy-html,8
Sacramento State,Southland / WAC / Patriot / Big Sky / MEAC / SWAC,hornetsports.com,womens-tennis,2025,legacy-html,8
Sacramento State,Southland / WAC / Patriot / Big Sky / MEAC / SWAC,hornetsports.com,womens-tennis,2026,legacy-html,8
Florida A&M,Southland / WAC / Patriot / Big Sky / MEAC / SWAC,famuathletics.com,mens-tennis,2022,legacy-html,6
Florida A&M,Southland / WAC / Patriot / Big Sky / MEAC / SWAC,famuathletics.com,mens-tennis,2023,legacy-html,6
Florida A&M,Southland / WAC / Patriot / Big Sky / MEAC / SWAC,famuathletics.com,mens-tennis,2024,legacy-html,6
Florida A&M,Southland / WAC / Patriot / Big Sky / MEAC / SWAC,famuathletics.com,mens-tennis,2025,legacy-html,6
Florida A&M,Southland / WAC / Patriot / Big Sky / MEAC / SWAC,famuathletics.com,mens-tennis,2026,legacy-html,6
Florida A&M,Southland / WAC / Patriot / Big Sky / MEAC / SWAC,famuathletics.com,womens-tennis,2022,legacy-html,8
Florida A&M,Southland / WAC / Patriot / Big Sky / MEAC / SWAC,famuathletics.com,womens-tennis,2023,legacy-html,8
Florida A&M,Southland / WAC / Patriot / Big Sky / MEAC / SWAC,famuathletics.com,womens-tennis,2024,legacy-html,8
Florida A&M,Southland / WAC / Patriot / Big Sky / MEAC / SWAC,famuathletics.com,womens-tennis,2025,legacy-html,6
Florida A&M,Southland / WAC / Patriot / Big Sky / MEAC / SWAC,famuathletics.com,womens-tennis,2026,legacy-html,9
Weber State,Southland / WAC / Patriot / Big Sky / MEAC / SWAC,weberstatesports.com,mens-tennis,2022,devalue,9
Weber State,Southland / WAC / Patriot / Big Sky / MEAC / SWAC,weberstatesports.com,mens-tennis,2023,devalue,8
Weber State,Southland / WAC / Patriot / Big Sky / MEAC / SWAC,weberstatesports.com,mens-tennis,2024,devalue,9
Weber State,Southland / WAC / Patriot / Big Sky / MEAC / SWAC,weberstatesports.com,mens-tennis,2025,devalue,9
Weber State,Southland / WAC / Patriot / Big Sky / MEAC / SWAC,weberstatesports.com,mens-tennis,2026,devalue,9
Weber State,Southland / WAC / Patriot / Big Sky / MEAC / SWAC,weberstatesports.com,womens-tennis,2022,devalue,8
Weber State,Southland / WAC / Patriot / Big Sky / MEAC / SWAC,weberstatesports.com,womens-tennis,2023,devalue,8
Weber State,Southland / WAC / Patriot / Big Sky / MEAC / SWAC,weberstatesports.com,womens-tennis,2024,devalue,8
Weber State,Southland / WAC / Patriot / Big Sky / MEAC / SWAC,weberstatesports.com,womens-tennis,2025,devalue,8
Weber State,Southland / WAC / Patriot / Big Sky / MEAC / SWAC,weberstatesports.com,womens-tennis,2026,devalue,8
Norfolk State,Southland / WAC / Patriot / Big Sky / MEAC / SWAC,nsuspartans.com,mens-tennis,2022,legacy-html,7
Norfolk State,Southland / WAC / Patriot / Big Sky / MEAC / SWAC,nsuspartans.com,mens-tennis,2023,legacy-html,7
Norfolk State,Southland / WAC / Patriot / Big Sky / MEAC / SWAC,nsuspartans.com,mens-tennis,2024,legacy-html,7
Norfolk State,Southland / WAC / Patriot / Big Sky / MEAC / SWAC,nsuspartans.com,mens-tennis,2025,legacy-html,7
Norfolk State,Southland / WAC / Patriot / Big Sky / MEAC / SWAC,nsuspartans.com,mens-tennis,2026,legacy-html,7
Norfolk State,Southland / WAC / Patriot / Big Sky / MEAC / SWAC,nsuspartans.com,womens-tennis,2022,legacy-html,9
Norfolk State,Southland / WAC / Patriot / Big Sky / MEAC / SWAC,nsuspartans.com,womens-tennis,2023,legacy-html,9
Norfolk State,Southland / WAC / Patriot / Big Sky / MEAC / SWAC,nsuspartans.com,womens-tennis,2024,legacy-html,9
Norfolk State,Southland / WAC / Patriot / Big Sky / MEAC / SWAC,nsuspartans.com,womens-tennis,2025,legacy-html,9
Norfolk State,Southland / WAC / Patriot / Big Sky / MEAC / SWAC,nsuspartans.com,womens-tennis,2026,legacy-html,9
North Carolina Central,Southland / WAC / Patriot / Big Sky / MEAC / SWAC,nccueaglepride.com,mens-tennis,2022,legacy-html,6
North Carolina Central,Southland / WAC / Patriot / Big Sky / MEAC / SWAC,nccueaglepride.com,mens-tennis,2023,legacy-html,9
North Carolina Central,Southland / WAC / Patriot / Big Sky / MEAC / SWAC,nccueaglepride.com,mens-tennis,2024,legacy-html,8
North Carolina Central,Southland / WAC / Patriot / Big Sky / MEAC / SWAC,nccueaglepride.com,mens-tennis,2025,legacy-html,9
North Carolina Central,Southland / WAC / Patriot / Big Sky / MEAC / SWAC,nccueaglepride.com,mens-tennis,2026,legacy-html,9
North Carolina Central,Southland / WAC / Patriot / Big Sky / MEAC / SWAC,nccueaglepride.com,womens-tennis,2022,legacy-html,7
North Carolina Central,Southland / WAC / Patriot / Big Sky / MEAC / SWAC,nccueaglepride.com,womens-tennis,2023,legacy-html,7
North Carolina Central,Southland / WAC / Patriot / Big Sky / MEAC / SWAC,nccueaglepride.com,womens-tennis,2024,legacy-html,8
North Carolina Central,Southland / WAC / Patriot / Big Sky / MEAC / SWAC,nccueaglepride.com,womens-tennis,2025,legacy-html,7
North Carolina Central,Southland / WAC / Patriot / Big Sky / MEAC / SWAC,nccueaglepride.com,womens-tennis,2026,legacy-html,8
South Carolina State,Southland / WAC / Patriot / Big Sky / MEAC / SWAC,scsuathletics.com,mens-tennis,2022,legacy-html,8
South Carolina State,Southland / WAC / Patriot / Big Sky / MEAC / SWAC,scsuathletics.com,mens-tennis,2023,legacy-html,9
South Carolina State,Southland / WAC / Patriot / Big Sky / MEAC / SWAC,scsuathletics.com,mens-tennis,2024,legacy-html,8
South Carolina State,Southland / WAC / Patriot / Big Sky / MEAC / SWAC,scsuathletics.com,mens-tennis,2025,legacy-html,8
South Carolina State,Southland / WAC / Patriot / Big Sky / MEAC / SWAC,scsuathletics.com,mens-tennis,2026,legacy-html,8
South Carolina State,Southland / WAC / Patriot / Big Sky / MEAC / SWAC,scsuathletics.com,womens-tennis,2022,legacy-html,4
South Carolina State,Southland / WAC / Patriot / Big Sky / MEAC / SWAC,scsuathletics.com,womens-tennis,2023,legacy-html,6
South Carolina State,Southland / WAC / Patriot / Big Sky / MEAC / SWAC,scsuathletics.com,womens-tennis,2024,legacy-html,4
South Carolina State,Southland / WAC / Patriot / Big Sky / MEAC / SWAC,scsuathletics.com,womens-tennis,2025,legacy-html,4
South Carolina State,Southland / WAC / Patriot / Big Sky / MEAC / SWAC,scsuathletics.com,womens-tennis,2026,legacy-html,4
Alabama A&M,Southland / WAC / Patriot / Big Sky / MEAC / SWAC,aamusports.com,mens-tennis,2022,legacy-html,6
Alabama A&M,Southland / WAC / Patriot / Big Sky / MEAC / SWAC,aamusports.com,mens-tennis,2023,legacy-html,6
Alabama A&M,Southland / WAC / Patriot / Big Sky / MEAC / SWAC,aamusports.com,mens-tennis,2024,legacy-html,8
Alabama A&M,Southland / WAC / Patriot / Big Sky / MEAC / SWAC,aamusports.com,mens-tennis,2025,legacy-html,8
Alabama A&M,Southland / WAC / Patriot / Big Sky / MEAC / SWAC,aamusports.com,mens-tennis,2026,legacy-html,6
Alabama A&M,Southland / WAC / Patriot / Big Sky / MEAC / SWAC,aamusports.com,womens-tennis,2022,legacy-html,5
Alabama A&M,Southland / WAC / Patriot / Big Sky / MEAC / SWAC,aamusports.com,womens-tennis,2023,legacy-html,5
Alabama A&M,Southland / WAC / Patriot / Big Sky / MEAC / SWAC,aamusports.com,womens-tennis,2024,legacy-html,9
Alabama A&M,Southland / WAC / Patriot / Big Sky / MEAC / SWAC,aamusports.com,womens-tennis,2025,legacy-html,8
Alabama A&M,Southland / WAC / Patriot / Big Sky / MEAC / SWAC,aamusports.com,womens-tennis,2026,legacy-html,5
Alabama State,Southland / WAC / Patriot / Big Sky / MEAC / SWAC,bamastatesports.com,mens-tennis,2022,legacy-html,8
Alabama State,Southland / WAC / Patriot / Big Sky / MEAC / SWAC,bamastatesports.com,mens-tennis,2023,legacy-html,8
Alabama State,Southland / WAC / Patriot / Big Sky / MEAC / SWAC,bamastatesports.com,mens-tennis,2024,legacy-html,7
Alabama State,Southland / WAC / Patriot / Big Sky / MEAC / SWAC,bamastatesports.com,mens-tennis,2025,legacy-html,7
Alabama State,Southland / WAC / Patriot / Big Sky / MEAC / SWAC,bamastatesports.com,mens-tennis,2026,legacy-html,8
Alabama State,Southland / WAC / Patriot / Big Sky / MEAC / SWAC,bamastatesports.com,womens-tennis,2022,legacy-html,8
Alabama State,Southland / WAC / Patriot / Big Sky / MEAC / SWAC,bamastatesports.com,womens-tennis,2023,legacy-html,7
Alabama State,Southland / WAC / Patriot / Big Sky / MEAC / SWAC,bamastatesports.com,womens-tennis,2024,legacy-html,8
Alabama State,Southland / WAC / Patriot / Big Sky / MEAC / SWAC,bamastatesports.com,womens-tennis,2025,legacy-html,6
Alabama State,Southland / WAC / Patriot / Big Sky / MEAC / SWAC,bamastatesports.com,womens-tennis,2026,legacy-html,8
Jackson State,Southland / WAC / Patriot / Big Sky / MEAC / SWAC,gojsutigers.com,mens-tennis,2022,legacy-html,4
Jackson State,Southland / WAC / Patriot / Big Sky / MEAC / SWAC,gojsutigers.com,mens-tennis,2023,legacy-html,7
Jackson State,Southland / WAC / Patriot / Big Sky / MEAC / SWAC,gojsutigers.com,mens-tennis,2024,legacy-html,6
Jackson State,Southland / WAC / Patriot / Big Sky / MEAC / SWAC,gojsutigers.com,mens-tennis,2025,legacy-html,7
Jackson State,Southland / WAC / Patriot / Big Sky / MEAC / SWAC,gojsutigers.com,mens-tennis,2026,legacy-html,7
Jackson State,Southland / WAC / Patriot / Big Sky / MEAC / SWAC,gojsutigers.com,womens-tennis,2022,legacy-html,9
Jackson State,Southland / WAC / Patriot / Big Sky / MEAC / SWAC,gojsutigers.com,womens-tennis,2023,legacy-html,7
Jackson State,Southland / WAC / Patriot / Big Sky / MEAC / SWAC,gojsutigers.com,womens-tennis,2024,legacy-html,7
Jackson State,Southland / WAC / Patriot / Big Sky / MEAC / SWAC,gojsutigers.com,womens-tennis,2025,legacy-html,7
Jackson State,Southland / WAC / Patriot / Big Sky / MEAC / SWAC,gojsutigers.com,womens-tennis,2026,legacy-html,8
Prairie View A&M,Southland / WAC / Patriot / Big Sky / MEAC / SWAC,pvpanthers.com,mens-tennis,2022,legacy-html,7
Prairie View A&M,Southland / WAC / Patriot / Big Sky / MEAC / SWAC,pvpanthers.com,mens-tennis,2023,legacy-html,7
Prairie View A&M,Southland / WAC / Patriot / Big Sky / MEAC / SWAC,pvpanthers.com,mens-tennis,2024,legacy-html,8
Prairie View A&M,Southland / WAC / Patriot / Big Sky / MEAC / SWAC,pvpanthers.com,mens-tennis,2025,legacy-html,9
Prairie View A&M,Southland / WAC / Patriot / Big Sky / MEAC / SWAC,pvpanthers.com,mens-tennis,2026,legacy-html,9
Prairie View A&M,Southland / WAC / Patriot / Big Sky / MEAC / SWAC,pvpanthers.com,womens-tennis,2022,legacy-html,9
Prairie View A&M,Southland / WAC / Patriot / Big Sky / MEAC / SWAC,pvpanthers.com,womens-tennis,2023,legacy-html,8
Prairie View A&M,Southland / WAC / Patriot / Big Sky / MEAC / SWAC,pvpanthers.com,womens-tennis,2024,legacy-html,7
Prairie View A&M,Southland / WAC / Patriot / Big Sky / MEAC / SWAC,pvpanthers.com,womens-tennis,2025,legacy-html,8
Prairie View A&M,Southland / WAC / Patriot / Big Sky / MEAC / SWAC,pvpanthers.com,womens-tennis,2026,legacy-html,8
UT Rio Grande Valley,Independents / other,goutrgv.com,mens-tennis,2022,legacy-html,9
UT Rio Grande Valley,Independents / other,goutrgv.com,mens-tennis,2023,legacy-html,8
UT Rio Grande Valley,Independents / other,goutrgv.com,mens-tennis,2024,legacy-html,8
UT Rio Grande Valley,Independents / other,goutrgv.com,mens-tennis,2025,legacy-html,11
UT Rio Grande Valley,Independents / other,goutrgv.com,mens-tennis,2026,legacy-html,11
UT Rio Grande Valley,Independents / other,goutrgv.com,womens-tennis,2022,legacy-html,12
UT Rio Grande Valley,Independents / other,goutrgv.com,womens-tennis,2023,legacy-html,11
UT Rio Grande Valley,Independents / other,goutrgv.com,womens-tennis,2024,legacy-html,7
UT Rio Grande Valley,Independents / other,goutrgv.com,womens-tennis,2025,legacy-html,9
UT Rio Grande Valley,Independents / other,goutrgv.com,womens-tennis,2026,legacy-html,10
Southern,Southland / WAC / Patriot / Big Sky / MEAC / SWAC,gojagsports.com,mens-tennis,2022,none,0
Southern,Southland / WAC / Patriot / Big Sky / MEAC / SWAC,gojagsports.com,mens-tennis,2023,none,0
Southern,Southland / WAC / Patriot / Big Sky / MEAC / SWAC,gojagsports.com,mens-tennis,2024,legacy-html,4
Southern,Southland / WAC / Patriot / Big Sky / MEAC / SWAC,gojagsports.com,mens-tennis,2025,legacy-html,6
Southern,Southland / WAC / Patriot / Big Sky / MEAC / SWAC,gojagsports.com,mens-tennis,2026,none,0
Southern,Southland / WAC / Patriot / Big Sky / MEAC / SWAC,gojagsports.com,womens-tennis,2022,legacy-html,8
Southern,Southland / WAC / Patriot / Big Sky / MEAC / SWAC,gojagsports.com,womens-tennis,2023,legacy-html,8
Southern,Southland / WAC / Patriot / Big Sky / MEAC / SWAC,gojagsports.com,womens-tennis,2024,legacy-html,9
Southern,Southland / WAC / Patriot / Big Sky / MEAC / SWAC,gojagsports.com,womens-tennis,2025,legacy-html,8
Southern,Southland / WAC / Patriot / Big Sky / MEAC / SWAC,gojagsports.com,womens-tennis,2026,none,0
Utah Tech,Southland / WAC / Patriot / Big Sky / MEAC / SWAC,utahtechtrailblazers.com,mens-tennis,2022,none,0
Utah Tech,Southland / WAC / Patriot / Big Sky / MEAC / SWAC,utahtechtrailblazers.com,mens-tennis,2023,none,0
Utah Tech,Southland / WAC / Patriot / Big Sky / MEAC / SWAC,utahtechtrailblazers.com,mens-tennis,2024,none,0
Utah Tech,Southland / WAC / Patriot / Big Sky / MEAC / SWAC,utahtechtrailblazers.com,mens-tennis,2025,none,0
Utah Tech,Southland / WAC / Patriot / Big Sky / MEAC / SWAC,utahtechtrailblazers.com,mens-tennis,2026,none,0
Utah Tech,Southland / WAC / Patriot / Big Sky / MEAC / SWAC,utahtechtrailblazers.com,womens-tennis,2022,legacy-html,9
Utah Tech,Southland / WAC / Patriot / Big Sky / MEAC / SWAC,utahtechtrailblazers.com,womens-tennis,2023,legacy-html,9
Utah Tech,Southland / WAC / Patriot / Big Sky / MEAC / SWAC,utahtechtrailblazers.com,womens-tennis,2024,legacy-html,11
Utah Tech,Southland / WAC / Patriot / Big Sky / MEAC / SWAC,utahtechtrailblazers.com,womens-tennis,2025,legacy-html,8
Utah Tech,Southland / WAC / Patriot / Big Sky / MEAC / SWAC,utahtechtrailblazers.com,womens-tennis,2026,legacy-html,9
Chicago State,Independents / other,gocsucougars.com,mens-tennis,2022,legacy-html,7
Chicago State,Independents / other,gocsucougars.com,mens-tennis,2023,legacy-html,7
Chicago State,Independents / other,gocsucougars.com,mens-tennis,2024,legacy-html,8
Chicago State,Independents / other,gocsucougars.com,mens-tennis,2025,legacy-html,1
Chicago State,Independents / other,gocsucougars.com,mens-tennis,2026,legacy-html,5
Chicago State,Independents / other,gocsucougars.com,womens-tennis,2022,legacy-html,9
Chicago State,Independents / other,gocsucougars.com,womens-tennis,2023,legacy-html,9
Chicago State,Independents / other,gocsucougars.com,womens-tennis,2024,legacy-html,8
Chicago State,Independents / other,gocsucougars.com,womens-tennis,2025,legacy-html,7
Chicago State,Independents / other,gocsucougars.com,womens-tennis,2026,legacy-html,6
Seattle U,Independents / other,goseattleu.com,mens-tennis,2022,devalue,11
Seattle U,Independents / other,goseattleu.com,mens-tennis,2023,devalue,9
Seattle U,Independents / other,goseattleu.com,mens-tennis,2024,devalue,9
Seattle U,Independents / other,goseattleu.com,mens-tennis,2025,devalue,9
Seattle U,Independents / other,goseattleu.com,mens-tennis,2026,devalue,9
Seattle U,Independents / other,goseattleu.com,womens-tennis,2022,devalue,9
Seattle U,Independents / other,goseattleu.com,womens-tennis,2023,devalue,7
Seattle U,Independents / other,goseattleu.com,womens-tennis,2024,devalue,9
Seattle U,Independents / other,goseattleu.com,womens-tennis,2025,devalue,8
Seattle U,Independents / other,goseattleu.com,womens-tennis,2026,devalue,8
Binghamton,Independents / other,binghamtonbearcats.com,mens-tennis,2022,legacy-html,8
Binghamton,Independents / other,binghamtonbearcats.com,mens-tennis,2023,legacy-html,9
Binghamton,Independents / other,binghamtonbearcats.com,mens-tennis,2024,legacy-html,9
Binghamton,Independents / other,binghamtonbearcats.com,mens-tennis,2025,legacy-html,9
Binghamton,Independents / other,binghamtonbearcats.com,mens-tennis,2026,legacy-html,9
Binghamton,Independents / other,binghamtonbearcats.com,womens-tennis,2022,legacy-html,7
Binghamton,Independents / other,binghamtonbearcats.com,womens-tennis,2023,legacy-html,9
Binghamton,Independents / other,binghamtonbearcats.com,womens-tennis,2024,legacy-html,10
Binghamton,Independents / other,binghamtonbearcats.com,womens-tennis,2025,legacy-html,9
Binghamton,Independents / other,binghamtonbearcats.com,womens-tennis,2026,legacy-html,10
Cal Baptist,Independents / other,cbulancers.com,mens-tennis,2022,none,0
Cal Baptist,Independents / other,cbulancers.com,mens-tennis,2023,none,0
Cal Baptist,Independents / other,cbulancers.com,mens-tennis,2024,none,0
Cal Baptist,Independents / other,cbulancers.com,mens-tennis,2025,none,0
Cal Baptist,Independents / other,cbulancers.com,mens-tennis,2026,none,0
Cal Baptist,Independents / other,cbulancers.com,womens-tennis,2022,none,0
Cal Baptist,Independents / other,cbulancers.com,womens-tennis,2023,none,0
Cal Baptist,Independents / other,cbulancers.com,womens-tennis,2024,none,0
Cal Baptist,Independents / other,cbulancers.com,womens-tennis,2025,none,0
Cal Baptist,Independents / other,cbulancers.com,womens-tennis,2026,none,0
New Hampshire,Independents / other,unhwildcats.com,mens-tennis,2022,none,0
New Hampshire,Independents / other,unhwildcats.com,mens-tennis,2023,none,0
New Hampshire,Independents / other,unhwildcats.com,mens-tennis,2024,none,0
New Hampshire,Independents / other,unhwildcats.com,mens-tennis,2025,none,0
New Hampshire,Independents / other,unhwildcats.com,mens-tennis,2026,none,0
New Hampshire,Independents / other,unhwildcats.com,womens-tennis,2022,none,0
New Hampshire,Independents / other,unhwildcats.com,womens-tennis,2023,none,0
New Hampshire,Independents / other,unhwildcats.com,womens-tennis,2024,none,0
New Hampshire,Independents / other,unhwildcats.com,womens-tennis,2025,none,0
New Hampshire,Independents / other,unhwildcats.com,womens-tennis,2026,none,0
Texas Southern,Southland / WAC / Patriot / Big Sky / MEAC / SWAC,tsusports.com,mens-tennis,2022,none,0
Texas Southern,Southland / WAC / Patriot / Big Sky / MEAC / SWAC,tsusports.com,mens-tennis,2023,none,0
Texas Southern,Southland / WAC / Patriot / Big Sky / MEAC / SWAC,tsusports.com,mens-tennis,2024,none,0
Texas Southern,Southland / WAC / Patriot / Big Sky / MEAC / SWAC,tsusports.com,mens-tennis,2025,none,0
Texas Southern,Southland / WAC / Patriot / Big Sky / MEAC / SWAC,tsusports.com,mens-tennis,2026,none,0
Texas Southern,Southland / WAC / Patriot / Big Sky / MEAC / SWAC,tsusports.com,womens-tennis,2022,none,0
Texas Southern,Southland / WAC / Patriot / Big Sky / MEAC / SWAC,tsusports.com,womens-tennis,2023,none,0
Texas Southern,Southland / WAC / Patriot / Big Sky / MEAC / SWAC,tsusports.com,womens-tennis,2024,none,0
Texas Southern,Southland / WAC / Patriot / Big Sky / MEAC / SWAC,tsusports.com,womens-tennis,2025,none,0
Texas Southern,Southland / WAC / Patriot / Big Sky / MEAC / SWAC,tsusports.com,womens-tennis,2026,none,0
Stony Brook,Independents / other,stonybrookathletics.com,mens-tennis,2022,legacy-html,10
Stony Brook,Independents / other,stonybrookathletics.com,mens-tennis,2023,legacy-html,10
Stony Brook,Independents / other,stonybrookathletics.com,mens-tennis,2024,legacy-html,10
Stony Brook,Independents / other,stonybrookathletics.com,mens-tennis,2025,legacy-html,10
Stony Brook,Independents / other,stonybrookathletics.com,mens-tennis,2026,legacy-html,10
Stony Brook,Independents / other,stonybrookathletics.com,womens-tennis,2022,legacy-html,8
Stony Brook,Independents / other,stonybrookathletics.com,womens-tennis,2023,legacy-html,9
Stony Brook,Independents / other,stonybrookathletics.com,womens-tennis,2024,legacy-html,10
Stony Brook,Independents / other,stonybrookathletics.com,womens-tennis,2025,legacy-html,12
Stony Brook,Independents / other,stonybrookathletics.com,womens-tennis,2026,legacy-html,10
Bryant,Independents / other,bryantbulldogs.com,mens-tennis,2022,legacy-html,17
Bryant,Independents / other,bryantbulldogs.com,mens-tennis,2023,legacy-html,12
Bryant,Independents / other,bryantbulldogs.com,mens-tennis,2024,legacy-html,12
Bryant,Independents / other,bryantbulldogs.com,mens-tennis,2025,legacy-html,12
Bryant,Independents / other,bryantbulldogs.com,mens-tennis,2026,legacy-html,6
Bryant,Independents / other,bryantbulldogs.com,womens-tennis,2022,legacy-html,10
Bryant,Independents / other,bryantbulldogs.com,womens-tennis,2023,legacy-html,12
Bryant,Independents / other,bryantbulldogs.com,womens-tennis,2024,legacy-html,13
Bryant,Independents / other,bryantbulldogs.com,womens-tennis,2025,legacy-html,13
Bryant,Independents / other,bryantbulldogs.com,womens-tennis,2026,legacy-html,13
UMBC,Independents / other,umbcretrievers.com,mens-tennis,2022,none,0
UMBC,Independents / other,umbcretrievers.com,mens-tennis,2023,none,0
UMBC,Independents / other,umbcretrievers.com,mens-tennis,2024,none,0
UMBC,Independents / other,umbcretrievers.com,mens-tennis,2025,none,0
UMBC,Independents / other,umbcretrievers.com,mens-tennis,2026,none,0
UMBC,Independents / other,umbcretrievers.com,womens-tennis,2022,none,0
UMBC,Independents / other,umbcretrievers.com,womens-tennis,2023,none,0
UMBC,Independents / other,umbcretrievers.com,womens-tennis,2024,none,0
UMBC,Independents / other,umbcretrievers.com,womens-tennis,2025,none,0
UMBC,Independents / other,umbcretrievers.com,womens-tennis,2026,none,0
Merrimack,Independents / other,merrimackathletics.com,mens-tennis,2022,legacy-html,12
Merrimack,Independents / other,merrimackathletics.com,mens-tennis,2023,legacy-html,3
Merrimack,Independents / other,merrimackathletics.com,mens-tennis,2024,legacy-html,10
Merrimack,Independents / other,merrimackathletics.com,mens-tennis,2025,none,0
Merrimack,Independents / other,merrimackathletics.com,mens-tennis,2026,legacy-html,3
Merrimack,Independents / other,merrimackathletics.com,womens-tennis,2022,legacy-html,11
Merrimack,Independents / other,merrimackathletics.com,womens-tennis,2023,legacy-html,8
Merrimack,Independents / other,merrimackathletics.com,womens-tennis,2024,legacy-html,7
Merrimack,Independents / other,merrimackathletics.com,womens-tennis,2025,legacy-html,9
Merrimack,Independents / other,merrimackathletics.com,womens-tennis,2026,legacy-html,10
Vermont,Independents / other,uvmathletics.com,mens-tennis,2022,none,0
Vermont,Independents / other,uvmathletics.com,mens-tennis,2023,none,0
Vermont,Independents / other,uvmathletics.com,mens-tennis,2024,none,0
Vermont,Independents / other,uvmathletics.com,mens-tennis,2025,none,0
Vermont,Independents / other,uvmathletics.com,mens-tennis,2026,none,0
Vermont,Independents / other,uvmathletics.com,womens-tennis,2022,none,0
Vermont,Independents / other,uvmathletics.com,womens-tennis,2023,none,0
Vermont,Independents / other,uvmathletics.com,womens-tennis,2024,none,0
Vermont,Independents / other,uvmathletics.com,womens-tennis,2025,none,0
Vermont,Independents / other,uvmathletics.com,womens-tennis,2026,none,0
Albany,Independents / other,ualbanysports.com,mens-tennis,2022,none,0
Albany,Independents / other,ualbanysports.com,mens-tennis,2023,none,0
Albany,Independents / other,ualbanysports.com,mens-tennis,2024,none,0
Albany,Independents / other,ualbanysports.com,mens-tennis,2025,none,0
Albany,Independents / other,ualbanysports.com,mens-tennis,2026,none,0
Albany,Independents / other,ualbanysports.com,womens-tennis,2022,none,0
Albany,Independents / other,ualbanysports.com,womens-tennis,2023,none,0
Albany,Independents / other,ualbanysports.com,womens-tennis,2024,none,0
Albany,Independents / other,ualbanysports.com,womens-tennis,2025,none,0
Albany,Independents / other,ualbanysports.com,womens-tennis,2026,none,0
Southern Utah,Southland / WAC / Patriot / Big Sky / MEAC / SWAC,suuthunderbirds.com,mens-tennis,2022,none,0
Southern Utah,Southland / WAC / Patriot / Big Sky / MEAC / SWAC,suuthunderbirds.com,mens-tennis,2023,none,0
Southern Utah,Southland / WAC / Patriot / Big Sky / MEAC / SWAC,suuthunderbirds.com,mens-tennis,2024,none,0
Southern Utah,Southland / WAC / Patriot / Big Sky / MEAC / SWAC,suuthunderbirds.com,mens-tennis,2025,none,0
Southern Utah,Southland / WAC / Patriot / Big Sky / MEAC / SWAC,suuthunderbirds.com,mens-tennis,2026,none,0
Southern Utah,Southland / WAC / Patriot / Big Sky / MEAC / SWAC,suuthunderbirds.com,womens-tennis,2022,none,0
Southern Utah,Southland / WAC / Patriot / Big Sky / MEAC / SWAC,suuthunderbirds.com,womens-tennis,2023,none,0
Southern Utah,Southland / WAC / Patriot / Big Sky / MEAC / SWAC,suuthunderbirds.com,womens-tennis,2024,none,0
Southern Utah,Southland / WAC / Patriot / Big Sky / MEAC / SWAC,suuthunderbirds.com,womens-tennis,2025,none,0
Southern Utah,Southland / WAC / Patriot / Big Sky / MEAC / SWAC,suuthunderbirds.com,womens-tennis,2026,none,0
Colgate,Southland / WAC / Patriot / Big Sky / MEAC / SWAC,gocolgateraiders.com,mens-tennis,2022,none,0
Colgate,Southland / WAC / Patriot / Big Sky / MEAC / SWAC,gocolgateraiders.com,mens-tennis,2023,none,0
Colgate,Southland / WAC / Patriot / Big Sky / MEAC / SWAC,gocolgateraiders.com,mens-tennis,2024,none,0
Colgate,Southland / WAC / Patriot / Big Sky / MEAC / SWAC,gocolgateraiders.com,mens-tennis,2025,none,0
Colgate,Southland / WAC / Patriot / Big Sky / MEAC / SWAC,gocolgateraiders.com,mens-tennis,2026,none,0
Colgate,Southland / WAC / Patriot / Big Sky / MEAC / SWAC,gocolgateraiders.com,womens-tennis,2022,none,0
Colgate,Southland / WAC / Patriot / Big Sky / MEAC / SWAC,gocolgateraiders.com,womens-tennis,2023,none,0
Colgate,Southland / WAC / Patriot / Big Sky / MEAC / SWAC,gocolgateraiders.com,womens-tennis,2024,none,0
Colgate,Southland / WAC / Patriot / Big Sky / MEAC / SWAC,gocolgateraiders.com,womens-tennis,2025,none,0
Colgate,Southland / WAC / Patriot / Big Sky / MEAC / SWAC,gocolgateraiders.com,womens-tennis,2026,none,0
