community_id,community_name,state,year,population,youth_population,median_income,poverty_rate,pct_bachelors,tennis_courts_per_100k,pop_density,d1_players,noise_1,noise_2,noise_3,noise_4,noise_5,noise_6,d1_rate_per_100k
C0000,MN Community 000,MN,2022,90477,19140,38745,32.93,17.19,0.801,87.0,0,-0.0183,0.8131,-1.4462,-0.3389,1.5844,0.2029,0.0
C0001,VA Community 001,VA,2022,55908,11138,79543,28.2,38.76,4.357,1824.5,0,0.2804,0.7969,0.1444,-0.277,-0.2301,0.5081,0.0
C0002,TN Community 002,TN,2022,15212,3126,86519,24.0,40.63,0.773,254.5,0,0.4868,-2.8244,-0.7699,-1.2151,0.5309,-0.466,0.0
C0003,VA Community 003,VA,2022,26561,5536,70085,30.76,31.2,1.856,2243.1,0,-1.2144,-0.7695,-0.9102,0.6244,-0.3406,-0.1164,0.0
C0004,MA Community 004,MA,2022,103828,26326,84726,28.5,47.2,2.292,4296.1,0,0.8543,0.3337,-0.5799,2.0737,-1.6238,-0.5382,0.0
C0005,AZ Community 005,AZ,2022,145116,34888,79553,20.82,42.86,3.774,1017.2,0,-2.4662,0.2503,0.7862,1.8142,-1.2037,-1.3072,0.0
C0006,TX Community 006,TX,2022,59936,13799,75669,24.48,48.55,6.006,1095.8,0,0.5307,-2.04,-1.1114,-1.2017,-2.2253,-0.4889,0.0
C0007,WA Community 007,WA,2022,8682,2128,71526,26.49,26.5,2.981,39.4,0,-0.9006,-0.7823,-0.78,-0.9652,-0.4804,-0.1756,0.0
C0008,MN Community 008,MN,2022,37786,7639,78379,18.25,36.72,2.245,220.5,0,-0.299,-0.5786,1.7575,-0.4446,0.378,0.7954,0.0
C0009,NY Community 009,NY,2022,59993,15788,85511,26.77,34.29,4.059,901.7,1,1.303,1.1461,0.4327,-0.2431,-0.5223,1.1174,1.6669
C0010,OR Community 010,OR,2022,53452,12388,85829,21.05,27.35,4.404,1652.7,1,1.6181,0.7468,-0.1296,-1.1961,1.1701,-0.0126,1.8708
C0011,CO Community 011,CO,2022,123426,26765,23437,28.44,17.7,0.063,734.4,0,1.5627,1.4358,1.4541,1.762,0.0901,-0.3512,0.0
C0012,PA Community 012,PA,2022,197212,44155,57655,26.48,31.03,1.854,271.4,2,-0.587,0.6172,0.916,0.4451,0.2632,0.444,1.0141
C0013,OR Community 013,OR,2022,92381,23862,80397,25.85,31.65,4.726,2964.5,2,0.8445,-0.7585,-0.4066,-0.1926,0.1573,-0.1151,2.1649
C0014,TN Community 014,TN,2022,95364,24103,40245,30.73,24.95,1.636,1199.6,0,0.3652,0.327,1.6495,0.6907,-0.6483,1.0582,0.0
C0015,MA Community 015,MA,2022,23721,5151,74422,27.66,31.31,1.659,2270.7,0,0.7366,-0.3856,1.7462,-0.9618,0.4648,1.3389,0.0
C0016,AZ Community 016,AZ,2022,55390,12288,50218,31.6,21.17,1.039,1703.7,0,-1.0949,0.1543,-0.4749,-0.5928,1.1413,-1.065,0.0
C0017,MN Community 017,MN,2022,14558,3271,98740,25.41,37.42,4.279,1136.0,0,0.9537,-1.1669,0.2533,-2.485,0.556,-1.1478,0.0
C0018,TX Community 018,TX,2022,59912,11409,73047,24.2,45.07,2.2,1220.6,0,1.9834,1.619,-0.8693,0.5007,-1.6625,0.5223,0.0
C0019,OH Community 019,OH,2022,66318,16206,61822,28.31,30.25,2.378,568.5,0,0.0016,-0.1059,0.4362,0.8642,-0.1148,-1.3308,0.0
C0020,NC Community 020,NC,2022,200909,41085,82904,22.9,31.0,1.94,82.8,1,0.4247,1.8979,-0.3214,-0.4884,0.9842,0.0466,0.4977
C0021,FL Community 021,FL,2022,174186,29143,91502,27.66,49.35,3.575,1701.3,1,0.5869,1.5866,-0.7168,-1.3056,0.4228,-0.9995,0.5741
C0022,TX Community 022,TX,2022,213410,43177,82438,23.6,40.89,4.456,942.0,0,0.8066,0.5477,0.4633,-1.2206,0.3467,1.4569,0.0
C0023,TN Community 023,TN,2022,86616,20208,61237,23.18,25.13,0.05,1865.8,0,0.8213,-0.7967,1.212,-1.0468,-0.5616,1.0887,0.0
C0024,IL Community 024,IL,2022,13177,2905,40009,37.34,22.0,3.105,521.3,0,0.942,-1.2559,1.2757,2.1549,1.0885,-0.8083,0.0
C0025,TX Community 025,TX,2022,126140,25979,78950,20.14,23.94,0.976,188.8,0,-0.3632,1.6654,0.0877,0.7996,-0.0432,-0.3576,0.0
C0026,MN Community 026,MN,2022,170833,34378,84234,19.92,25.09,3.433,6780.2,0,0.8768,0.012,1.3476,-1.7066,0.0885,-0.6709,0.0
C0027,AZ Community 027,AZ,2022,80839,15715,95534,23.4,45.81,4.909,439.5,0,-0.8912,-0.2102,1.1802,-0.4878,0.1413,-0.3265,0.0
C0028,WA Community 028,WA,2022,172437,48302,86362,17.71,24.99,3.862,1173.2,0,0.8362,0.9744,-0.9051,-0.8936,-0.1201,-0.4165,0.0
C0029,NC Community 029,NC,2022,57999,10851,136106,12.12,66.25,5.774,1891.2,2,1.8287,-1.2732,-1.0325,-0.4982,-1.8186,-1.044,3.4483
C0030,OH Community 030,OH,2022,72254,16993,70474,24.13,20.13,2.7,810.8,0,-0.458,-1.8575,1.2019,1.1817,1.1675,0.8124,0.0
C0031,MI Community 031,MI,2022,125333,22897,72413,27.12,43.59,5.334,251.8,0,1.1455,2.0223,1.3875,0.2603,-1.6188,0.3705,0.0
C0032,MI Community 032,MI,2022,94826,22844,82455,28.43,41.79,2.004,383.5,1,-1.0667,0.6208,0.3529,0.3767,0.396,-0.117,1.0546
C0033,MN Community 033,MN,2022,30788,6367,73997,18.13,29.2,4.388,1248.2,0,-1.4846,-0.4482,0.6246,1.7396,-0.6608,-1.2673,0.0
C0034,OH Community 034,OH,2022,41010,9158,36596,38.58,17.2,0.05,249.6,0,-0.9536,-0.6235,0.9047,0.6441,0.1603,1.2058,0.0
C0035,NC Community 035,NC,2022,89556,23372,69541,27.04,21.33,4.541,1939.2,1,0.9876,-2.5196,-2.3565,0.8145,0.4031,-1.0646,1.1166
C0036,MA Community 036,MA,2022,174878,38703,67970,29.11,24.93,0.855,1569.0,0,-0.3704,1.1875,-0.4796,2.3223,-1.8848,-0.9561,0.0
C0037,MI Community 037,MI,2022,49072,11124,78289,26.44,42.49,3.215,235.4,0,-2.0714,0.8088,1.0325,0.0657,1.6734,-1.3303,0.0
C0038,OH Community 038,OH,2022,71434,17746,118444,8.02,53.98,2.956,1793.0,2,-0.3644,0.776,0.9726,-1.2713,-0.222,0.5155,2.7998
C0039,NY Community 039,NY,2022,99416,21871,61504,22.02,19.44,2.345,2313.6,0,1.4388,1.3456,0.0842,0.5795,0.9432,-1.7956,0.0
C0040,MN Community 040,MN,2022,62207,17150,46412,31.45,37.21,3.949,1754.8,0,-0.0207,0.2859,-0.1396,0.7629,2.638,-0.301,0.0
C0041,VA Community 041,VA,2022,134926,35648,97868,25.23,42.22,6.109,5564.2,1,0.1622,1.8278,0.5386,0.0056,0.3917,-0.0142,0.7411
C0042,CO Community 042,CO,2022,50779,11063,96508,28.82,41.05,3.499,517.7,0,-0.6378,-0.2179,0.5948,0.2211,-1.0036,-0.278,0.0
C0043,IL Community 043,IL,2022,35191,8380,89516,24.2,25.76,0.722,567.7,0,0.9603,-0.5488,-0.7965,0.1828,-1.0476,-1.131,0.0
C0044,FL Community 044,FL,2022,25552,6093,51987,30.88,20.99,0.05,203.3,0,2.0527,0.3313,-1.2985,0.9927,0.0903,-0.9908,0.0
C0045,GA Community 045,GA,2022,28618,7854,22000,44.98,18.68,4.032,851.6,0,-2.0956,-1.1985,0.1778,-1.2963,0.416,0.0258,0.0
C0046,NY Community 046,NY,2022,41142,10375,93581,21.16,37.95,3.972,569.6,0,-0.2494,0.7955,0.1018,-1.2639,1.5005,-0.0776,0.0
C0047,WA Community 047,WA,2022,59770,11292,61813,24.63,29.77,1.692,444.7,0,0.1361,-0.7023,0.9971,-1.3905,0.438,0.296,0.0
C0048,WI Community 048,WI,2022,6588,1374,55339,29.52,20.47,0.05,2290.4,0,0.1026,1.901,1.5124,1.3391,-2.521,0.3085,0.0
C0049,AZ Community 049,AZ,2022,50235,9975,55848,32.45,19.64,0.586,13144.3,0,0.0631,-0.2683,1.1705,-0.9674,-0.8423,1.0511,0.0
C0050,CA Community 050,CA,2022,52372,13631,22000,32.75,6.0,0.834,474.8,0,-1.4659,0.1107,0.0124,-0.1222,-0.2521,1.2677,0.0
C0051,MI Community 051,MI,2022,7747,1552,50193,40.34,26.06,1.57,233.2,0,0.1966,-1.5822,1.0703,0.9731,-0.6681,-0.6226,0.0
C0052,AZ Community 052,AZ,2022,52672,11043,58282,31.19,32.5,1.865,1855.8,0,0.917,-0.1509,-0.48,0.3463,0.6533,0.2069,0.0
C0053,MN Community 053,MN,2022,77344,15612,56546,32.73,38.06,3.941,235.7,0,0.4288,-0.835,0.3254,-1.0024,0.2622,2.0276,0.0
C0054,NY Community 054,NY,2022,42383,10018,39611,43.8,13.94,0.725,3192.3,0,0.0189,-1.4487,0.1068,0.2284,1.3005,-1.9407,0.0
C0055,GA Community 055,GA,2022,32713,5944,37716,39.45,9.36,3.067,694.9,0,-1.9036,-0.3864,-1.8885,-0.1408,0.4485,-0.6304,0.0
C0056,MI Community 056,MI,2022,6492,1354,69276,26.18,36.71,2.041,1099.5,0,-1.09,-0.2055,-0.5238,-0.5031,-0.3663,0.7856,0.0
C0057,WI Community 057,WI,2022,41705,10661,79869,25.23,27.41,5.01,470.1,0,-0.3268,0.1505,-1.7204,1.1787,1.0829,-0.8148,0.0
C0058,TN Community 058,TN,2022,127181,27031,81235,27.26,48.19,4.4,148.3,0,0.6936,1.5725,-0.6434,1.5505,-0.2334,0.0926,0.0
C0059,GA Community 059,GA,2022,26864,5712,52363,30.73,33.21,2.148,1154.6,0,-0.1856,2.0243,-0.0075,-0.3123,-0.0946,-0.5489,0.0
C0060,TN Community 060,TN,2022,57564,13592,69120,24.14,27.08,2.78,456.8,0,-0.0023,0.5192,-0.8184,0.7346,0.7367,-1.5884,0.0
C0061,GA Community 061,GA,2022,90575,22736,86466,21.82,27.63,2.508,672.6,0,0.0307,0.0183,-0.1202,-0.9002,-2.0643,0.406,0.0
C0062,FL Community 062,FL,2022,94925,18386,85904,28.26,37.53,5.969,2026.0,0,0.1627,0.3314,1.4631,1.3981,1.2224,-1.0669,0.0
C0063,AZ Community 063,AZ,2022,103746,22799,104404,19.82,44.44,2.848,1143.8,2,-0.2162,0.0462,0.5966,0.296,0.4681,-1.9127,1.9278
C0064,TX Community 064,TX,2022,39495,8737,65831,27.84,29.24,2.633,798.9,0,-0.254,0.0934,0.8591,1.264,1.3515,-0.1879,0.0
C0065,VA Community 065,VA,2022,112859,23459,73956,26.03,46.24,3.328,1480.1,1,-0.6998,-0.2738,0.3581,0.5564,-1.9036,0.1235,0.8861
C0066,IL Community 066,IL,2022,158436,33075,82342,28.06,33.68,0.736,1770.0,0,0.0964,-1.4379,0.8195,-0.1033,-0.0306,0.9304,0.0
C0067,VA Community 067,VA,2022,104201,24129,45281,38.57,25.06,1.06,4644.9,0,-0.2118,0.8174,-0.6677,2.616,0.6644,0.6033,0.0
C0068,NC Community 068,NC,2022,38989,7607,106516,13.51,61.7,3.558,258.5,0,0.5973,0.8862,0.4256,-0.0001,1.6455,-0.5775,0.0
C0069,MO Community 069,MO,2022,58945,11313,102395,20.97,56.28,4.888,73.0,0,0.8538,0.5738,0.2932,-0.2035,0.1245,1.245,0.0
C0070,CO Community 070,CO,2022,27480,7099,65907,32.06,40.2,0.2,539.8,0,-0.0913,-0.0765,0.0015,-0.2926,0.4293,-1.4161,0.0
C0071,MN Community 071,MN,2022,100912,20502,70445,31.84,38.0,1.72,2738.7,0,-1.6776,-0.9834,-0.2732,1.3766,-1.3208,0.6546,0.0
C0072,TN Community 072,TN,2022,32053,6611,109653,12.57,46.87,4.029,724.3,0,1.0545,1.0858,-0.8059,-1.0597,-0.5278,-1.2271,0.0
C0073,NC Community 073,NC,2022,86903,19479,55363,35.59,26.99,2.628,1058.8,0,-1.4491,2.2061,1.8844,-0.6131,-1.5565,-0.3884,0.0
C0074,NC Community 074,NC,2022,105349,22946,61787,33.85,48.24,0.077,2647.2,0,0.3817,1.7798,1.1578,0.7245,-1.7384,-1.1014,0.0
C0075,CA Community 075,CA,2022,8025,2289,66313,21.75,31.15,1.652,365.0,0,-0.4574,1.9774,0.0104,-0.5879,-1.1384,1.3656,0.0
C0076,OH Community 076,OH,2022,267114,65215,108004,20.08,46.05,3.99,869.9,0,-1.2255,-1.2447,0.0665,-0.0154,-0.6083,0.5411,0.0
C0077,OH Community 077,OH,2022,64196,13175,37916,33.22,19.44,3.602,99.7,0,0.5211,1.2674,-0.3761,-0.0493,0.1214,-1.9609,0.0
C0078,MN Community 078,MN,2022,17591,4044,96525,20.35,45.71,4.494,9866.5,0,-0.5496,-0.4208,-0.0045,0.6767,1.5568,0.1267,0.0
C0079,MA Community 079,MA,2022,37621,9283,41007,30.06,34.77,1.231,639.7,0,-0.3896,0.4834,-1.6964,-0.983,1.1051,-1.0699,0.0
C0080,VA Community 080,VA,2022,59813,13174,76999,27.63,31.78,1.988,1055.4,0,0.6806,-0.3806,0.9759,0.7716,0.0415,0.8398,0.0
C0081,NC Community 081,NC,2022,36196,7939,36934,34.82,6.0,2.87,345.4,0,-0.3639,-2.057,-0.7033,-1.8374,0.2064,1.5175,0.0
C0082,GA Community 082,GA,2022,42646,9603,59674,29.45,25.84,1.669,2996.5,0,2.0149,-0.7283,1.2086,0.757,0.3955,1.7829,0.0
C0083,WA Community 083,WA,2022,34811,6381,75521,20.42,27.68,3.317,217.3,0,1.7485,-0.8172,0.1837,0.6865,0.2006,0.9141,0.0
C0084,OR Community 084,OR,2022,78048,19715,87996,20.97,42.08,1.642,185.7,1,-1.0958,0.5532,-0.5119,0.4256,1.2569,-1.2624,1.2813
C0085,IL Community 085,IL,2022,125157,21807,58110,30.01,29.51,0.053,507.2,0,0.1141,0.6083,0.6271,-0.2734,0.2363,1.9417,0.0
C0086,WA Community 086,WA,2022,102015,23059,81810,26.17,39.48,1.27,1256.0,0,0.288,0.0446,-0.0339,-2.0174,1.4946,-0.3139,0.0
C0087,OH Community 087,OH,2022,197574,40463,37102,30.2,26.75,0.05,559.3,0,-0.6054,-0.9346,1.2465,0.6188,0.4919,-1.0858,0.0
C0088,NC Community 088,NC,2022,67160,15579,56033,33.89,22.96,2.902,1208.7,0,0.1983,0.3488,0.6785,0.7657,0.0222,0.4842,0.0
C0089,MI Community 089,MI,2022,75241,15952,37054,32.18,21.42,1.697,1293.4,0,-0.7566,0.4431,1.812,0.0319,0.6699,0.672,0.0
C0090,MO Community 090,MO,2022,80329,17034,71798,20.68,35.75,2.673,994.1,0,0.9117,0.0356,-0.5472,-0.8648,-0.4896,-2.0062,0.0
C0091,FL Community 091,FL,2022,30539,5541,57843,33.06,33.33,3.675,548.6,0,0.6025,1.3718,0.0052,0.6948,-0.137,0.5799,0.0
C0092,AZ Community 092,AZ,2022,157996,36816,103808,16.93,34.56,2.873,143.5,0,-0.9752,-0.7877,1.7959,-3.1123,0.2305,2.1644,0.0
C0093,MO Community 093,MO,2022,97624,14609,75144,25.61,38.22,3.544,497.4,0,1.847,0.9558,0.0328,0.5051,-0.1741,0.742,0.0
C0094,PA Community 094,PA,2022,131048,30956,61671,31.47,40.11,2.247,657.4,0,1.1864,-0.0868,0.6804,1.2735,-0.2626,-0.4643,0.0
C0095,MO Community 095,MO,2022,35440,7895,44488,37.25,18.5,0.05,561.7,0,-0.1014,-0.9042,0.5371,0.0417,-0.4001,0.8899,0.0
C0096,WA Community 096,WA,2022,85927,15813,59766,28.25,28.01,2.678,413.5,2,-0.4355,0.7156,1.2401,0.1108,1.0394,-0.0803,2.3276
C0097,MI Community 097,MI,2022,24964,5569,74276,23.61,32.82,3.885,4840.4,0,0.7895,-0.8063,1.7055,0.0036,1.5414,-0.823,0.0
C0098,TN Community 098,TN,2022,15313,2907,78538,25.78,29.74,2.678,1058.9,0,0.4566,1.8598,-1.3183,-1.5799,0.9572,-0.1369,0.0
C0099,OR Community 099,OR,2022,86618,18362,49118,31.8,24.37,4.287,1481.9,0,-1.0092,0.4938,0.3558,-1.2659,0.1716,0.2581,0.0
C0100,AZ Community 100,AZ,2022,110837,25909,44919,31.92,27.08,0.608,235.2,0,-0.8418,0.2196,1.9854,-0.6728,-0.7598,0.8054,0.0
C0101,MA Community 101,MA,2022,202520,45040,44696,26.5,16.86,1.609,380.9,0,-0.3029,3.0616,0.6425,0.6767,-0.1963,0.0164,0.0
C0102,MN Community 102,MN,2022,93506,24326,56326,28.71,33.77,0.05,1191.4,0,-1.4405,2.3285,0.3283,-0.3254,0.461,0.8054,0.0
C0103,OH Community 103,OH,2022,70217,16008,38687,27.78,29.21,2.915,4125.1,0,-0.4961,-0.6849,0.7417,2.7594,-1.3094,0.4918,0.0
C0104,FL Community 104,FL,2022,59292,10644,45653,27.74,23.5,1.807,888.6,0,-0.4303,-0.2591,1.4074,0.4614,0.1688,1.3649,0.0
C0105,PA Community 105,PA,2022,72521,17321,23329,35.91,10.45,2.01,6808.9,0,-0.5226,-1.5339,1.3142,0.6752,1.4324,-1.1237,0.0
C0106,VA Community 106,VA,2022,22196,4485,65107,28.67,36.06,1.987,321.2,0,-1.0759,0.615,0.9939,0.5578,1.4188,-0.8315,0.0
C0107,NY Community 107,NY,2022,40077,9832,97286,13.27,49.29,5.276,823.4,0,0.0024,-0.8028,-0.3404,0.1929,-0.4909,1.6115,0.0
C0108,GA Community 108,GA,2022,17737,3998,100949,23.82,50.06,4.009,122.5,2,-0.9673,-0.637,-1.1616,0.6161,2.3646,1.7754,11.2759
C0109,CO Community 109,CO,2022,79926,18944,110735,14.87,41.11,1.481,1075.0,0,0.1881,0.827,-2.2195,-1.064,0.8159,0.2129,0.0
C0110,NY Community 110,NY,2022,7902,1774,89730,25.67,43.12,5.08,2661.5,0,0.225,-1.0569,0.53,-0.7144,0.2853,1.3023,0.0
C0111,GA Community 111,GA,2022,29091,6419,43211,38.81,16.84,1.576,2184.4,0,-1.6142,-0.3966,-0.5875,-1.7467,1.6029,1.4624,0.0
C0112,MA Community 112,MA,2022,84761,17985,70443,30.44,31.71,4.449,97.5,0,-0.3599,1.118,1.04,1.2234,1.0889,1.1276,0.0
C0113,NC Community 113,NC,2022,6461,1659,56774,27.05,21.43,2.092,826.5,0,1.4072,-0.9317,-1.0101,0.5224,-1.3004,1.5778,0.0
C0114,WI Community 114,WI,2022,31234,6339,70354,25.81,40.86,3.627,85.5,0,-1.3494,-0.0239,-0.442,0.8433,0.3542,-1.3651,0.0
C0115,NY Community 115,NY,2022,54770,11490,63231,22.82,30.69,1.614,1023.4,0,-1.9587,-1.0742,-0.1886,0.4205,-1.2167,0.0115,0.0
C0116,OR Community 116,OR,2022,60782,11085,75306,32.22,46.41,1.563,1518.4,0,-0.3593,-0.7912,-1.2685,-0.2249,-2.4737,-0.3036,0.0
C0117,TX Community 117,TX,2022,29572,6349,74066,15.39,41.61,2.874,662.1,0,0.9352,-1.5464,0.6639,-1.1727,0.0494,-1.9553,0.0
C0118,IL Community 118,IL,2022,137867,24186,117516,13.03,55.3,3.172,71.4,2,1.3391,-1.5087,-0.959,-0.3849,-0.936,1.0273,1.4507
C0119,MN Community 119,MN,2022,161625,45724,70123,26.4,31.8,4.029,615.4,1,-0.3934,-0.1298,0.6165,0.0727,-1.3038,1.7878,0.6187
C0120,MN Community 120,MN,2022,205542,52575,60448,29.44,30.48,0.05,1371.3,0,-0.732,-0.3192,2.6201,-1.9745,-1.2842,1.4705,0.0
C0121,AZ Community 121,AZ,2022,29204,5939,47248,35.78,16.84,2.282,1980.1,0,-0.5597,0.1984,0.7631,-0.6234,0.8916,-1.338,0.0
C0122,WI Community 122,WI,2022,38009,7426,76844,19.69,26.42,4.651,3895.0,0,2.126,-0.1932,0.8505,-1.8777,-1.1188,-0.555,0.0
C0123,MN Community 123,MN,2022,18636,4124,54993,26.49,28.36,1.917,185.3,0,-0.1347,1.22,-0.7868,0.5646,-0.1436,-0.5915,0.0
C0124,WA Community 124,WA,2022,20086,3900,70648,28.17,35.42,2.668,229.6,0,-0.3616,0.7281,-1.9215,0.3249,-0.5749,1.9012,0.0
C0125,WA Community 125,WA,2022,79748,20214,52336,34.64,39.09,2.439,116.7,0,-0.5468,-0.2699,1.492,0.6585,1.2746,1.232,0.0
C0126,GA Community 126,GA,2022,77056,15426,80085,27.88,39.6,4.176,562.3,0,-0.7235,1.3857,0.6619,1.0101,-0.3205,1.702,0.0
C0127,WA Community 127,WA,2022,191671,39728,63214,32.09,36.18,2.347,722.3,0,-0.8284,0.431,-0.6094,0.8475,-1.223,-0.01,0.0
C0128,TX Community 128,TX,2022,169604,30913,47155,40.98,22.0,3.187,695.7,0,-1.6516,0.2511,-1.1045,2.0752,0.7029,-1.2762,0.0
C0129,CO Community 129,CO,2022,74391,18179,52671,35.15,30.84,1.885,847.6,0,-0.1735,0.2436,0.3523,-0.0273,2.3759,-0.8779,0.0
C0130,OH Community 130,OH,2022,119292,32154,49748,36.42,33.89,0.702,451.7,0,1.5195,-0.6937,-1.0554,-1.2964,-1.1372,-1.6339,0.0
C0131,IL Community 131,IL,2022,103912,20669,79851,20.94,29.95,2.184,388.7,1,1.6753,-0.3416,-0.4449,-0.3029,-1.1752,-1.4282,0.9624
C0132,OR Community 132,OR,2022,20117,4452,82950,26.91,31.37,3.079,784.9,0,-0.4085,0.4966,-0.5057,-0.0289,-0.5657,1.2317,0.0
C0133,MO Community 133,MO,2022,96145,18394,65002,36.01,25.86,1.679,2186.1,0,-1.0551,-1.1148,0.0027,-0.1802,1.8333,-1.6621,0.0
C0134,PA Community 134,PA,2022,54344,10193,69400,33.3,27.21,1.843,1036.7,0,-3.4917,-0.0738,-1.1698,-1.143,-0.881,-0.3241,0.0
C0135,MO Community 135,MO,2022,20583,5066,29498,40.26,13.18,0.05,218.3,0,-0.2752,-0.8306,0.3649,-0.9208,-0.8522,0.0953,0.0
C0136,NY Community 136,NY,2022,29950,6328,53303,31.07,34.62,0.836,313.2,0,-1.2051,-0.5516,-0.0027,-0.3126,0.6168,-1.1913,0.0
C0137,CA Community 137,CA,2022,48596,11340,86992,18.81,45.41,3.13,1264.2,0,-0.4202,-1.9937,0.9891,1.4849,-0.4211,0.4914,0.0
C0138,TN Community 138,TN,2022,77776,18580,59006,32.46,29.18,2.572,4208.4,0,-0.5977,-0.7451,-0.419,0.4711,1.7814,-1.4085,0.0
C0139,WA Community 139,WA,2022,122600,31591,63746,23.17,38.05,3.866,453.9,0,0.6268,-0.9836,0.855,-0.9676,2.8,-0.6457,0.0
C0140,TN Community 140,TN,2022,110451,24721,93455,23.44,39.25,4.127,234.2,0,-0.6205,1.0843,1.3543,0.2651,-1.2999,-1.3408,0.0
C0141,GA Community 141,GA,2022,15785,3409,82422,25.04,49.38,1.542,205.8,0,1.9874,1.419,-1.4446,-1.551,-1.8517,-0.6789,0.0
C0142,MA Community 142,MA,2022,104921,20633,54948,33.83,29.27,3.336,660.7,0,1.0114,0.4573,-0.4344,-0.4041,-0.296,0.8502,0.0
C0143,OR Community 143,OR,2022,42325,10498,74160,24.52,32.35,1.08,303.4,0,0.3498,1.2697,1.2271,-1.4083,0.5734,1.719,0.0
C0144,MI Community 144,MI,2022,177631,45701,72672,32.22,10.45,3.477,631.2,1,-1.1243,0.5413,0.729,-1.2177,1.7994,2.0871,0.563
C0145,MO Community 145,MO,2022,53008,9477,75032,25.2,34.56,4.244,279.8,0,0.7548,-0.3439,2.0638,0.7973,1.8422,-1.0895,0.0
C0146,OH Community 146,OH,2022,216003,43422,85211,26.69,46.72,3.006,2864.1,0,-0.3194,-0.7982,-1.4602,-0.9993,-3.4828,-1.8536,0.0
C0147,TN Community 147,TN,2022,81642,16461,48369,35.6,14.46,0.05,1944.6,0,0.5082,0.0334,-0.7517,-1.039,-0.2869,-1.2183,0.0
C0148,IL Community 148,IL,2022,154150,29963,95869,24.28,36.58,4.69,1623.7,0,0.4323,1.8061,0.4612,0.7191,-0.3281,1.7511,0.0
C0149,OR Community 149,OR,2022,30451,7272,38364,34.84,12.79,0.732,1135.7,0,0.7976,-0.7395,0.5776,0.2491,0.6105,-0.5295,0.0
C0150,NY Community 150,NY,2022,31371,6863,73944,24.43,31.21,2.998,799.4,0,-1.2616,-0.3966,0.3012,0.226,0.4462,-0.6023,0.0
C0151,AZ Community 151,AZ,2022,22824,5385,31417,37.37,11.42,3.536,496.4,0,0.087,0.8871,-0.1636,0.8122,-0.4728,-0.2746,0.0
C0152,TX Community 152,TX,2022,32518,7243,67862,22.86,38.72,4.097,400.3,0,0.0034,-0.6765,-1.4736,-0.3109,-0.448,0.8216,0.0
C0153,TX Community 153,TX,2022,74680,18878,81752,25.53,41.77,4.43,833.4,0,-0.1681,1.0763,-1.3115,-0.1134,0.1635,1.1546,0.0
C0154,GA Community 154,GA,2022,70304,15401,70448,35.68,33.41,3.452,212.4,0,-0.7752,-1.0895,-0.8887,1.0511,-0.3642,-0.3284,0.0
C0155,TN Community 155,TN,2022,57417,15298,84260,30.65,42.19,4.991,487.2,0,0.0977,-0.7751,-0.5424,-0.7758,1.0856,-1.0479,0.0
C0156,NY Community 156,NY,2022,57347,15048,83928,24.87,29.29,4.617,175.0,0,0.8158,-0.5257,0.5143,-0.0889,0.1765,-1.2159,0.0
C0157,FL Community 157,FL,2022,61135,12397,95778,22.19,36.37,3.45,2353.0,0,-0.8903,2.2833,-1.7104,0.5636,-0.8955,0.183,0.0
C0158,OH Community 158,OH,2022,46026,11366,58191,29.31,24.07,0.05,554.1,0,1.8748,-0.0233,-1.3054,-1.0977,-2.0384,-1.77,0.0
C0159,MN Community 159,MN,2022,87679,19461,57927,25.09,32.66,0.099,863.4,0,0.2649,0.7395,1.7133,2.2647,1.0364,0.6434,0.0
C0160,MI Community 160,MI,2022,63952,15746,86463,18.88,45.3,3.376,392.9,1,1.0525,0.0366,0.8398,0.0511,-1.222,-0.0302,1.5637
C0161,WI Community 161,WI,2022,59546,11001,58502,37.79,28.45,4.006,682.1,0,0.8729,-2.2242,-0.6412,-0.318,0.5246,-0.1773,0.0
C0162,OH Community 162,OH,2022,53108,12538,73864,18.68,37.19,3.93,157.0,0,0.1116,-0.3871,-1.1208,0.551,-0.6315,0.9466,0.0
C0163,CA Community 163,CA,2022,17611,3976,60501,35.62,38.99,1.927,725.1,0,1.052,0.1191,-0.4977,-0.2599,0.0671,1.5958,0.0
C0164,CO Community 164,CO,2022,150235,34309,36772,32.75,24.11,0.782,2000.7,0,-0.4281,1.7119,-1.1993,-0.2738,0.0654,1.915,0.0
C0165,NC Community 165,NC,2022,76402,20097,43828,36.42,26.04,0.05,365.8,0,1.1216,-0.0576,0.7183,-0.314,-0.3463,-0.2876,0.0
C0166,AZ Community 166,AZ,2022,97474,18254,78506,28.75,30.06,4.89,842.8,0,0.8403,1.5152,2.5047,-3.0588,0.3526,-1.6544,0.0
C0167,TX Community 167,TX,2022,54523,12867,87579,26.33,45.49,1.79,705.9,0,0.8225,0.3641,0.4192,0.8447,-0.3101,-0.8311,0.0
C0168,WI Community 168,WI,2022,25136,4960,84573,26.86,28.57,0.05,902.5,0,1.0183,-0.6917,0.6784,1.4535,1.7059,-1.1173,0.0
C0169,NC Community 169,NC,2022,47999,9768,80882,31.72,49.43,3.758,794.3,0,-0.1965,-2.2646,2.5397,1.1856,0.451,0.3467,0.0
C0170,TX Community 170,TX,2022,27353,6401,52875,33.13,27.91,0.198,4242.8,0,-0.4307,0.6247,-1.574,-0.7659,-0.2842,0.3529,0.0
C0171,CO Community 171,CO,2022,62305,11736,77706,26.54,32.56,0.05,369.3,0,-0.0443,0.4292,0.0559,-0.0777,-0.9713,-1.4924,0.0
C0172,CO Community 172,CO,2022,50039,7854,40007,38.24,15.3,1.625,931.6,0,-0.2526,2.2762,-0.0752,0.1455,-0.6497,0.0971,0.0
C0173,WI Community 173,WI,2022,19546,4592,76536,21.06,36.5,3.178,704.4,0,0.164,-1.057,0.9764,-0.287,0.1398,0.0954,0.0
C0174,MI Community 174,MI,2022,294253,73089,45570,35.49,25.88,0.482,221.3,0,-1.144,1.2954,-0.2167,0.5239,0.4488,0.3081,0.0
C0175,FL Community 175,FL,2022,167540,38341,89634,19.92,35.87,4.204,280.7,0,0.9571,-1.239,0.3923,0.282,-0.406,-1.4771,0.0
C0176,OH Community 176,OH,2022,61752,15010,69487,21.31,26.5,3.144,622.9,0,0.0151,1.2402,1.11,0.7526,0.05,0.0197,0.0
C0177,FL Community 177,FL,2022,89597,16843,97214,26.24,44.21,3.029,2403.3,0,-1.0268,-1.3838,-0.6648,-0.7496,-0.7668,-1.0553,0.0
C0178,FL Community 178,FL,2022,50329,12040,73857,34.63,26.99,1.78,259.2,0,0.2181,-1.1834,-0.2447,1.1327,0.2417,2.2468,0.0
C0179,NC Community 179,NC,2022,105031,20140,49053,31.91,22.84,2.157,622.8,0,-1.1734,-0.1954,1.0621,-0.1586,-0.0629,-1.0424,0.0
C0180,GA Community 180,GA,2022,41855,9028,57809,32.42,20.22,3.541,2788.5,0,0.3956,-0.2085,-0.8371,0.5731,-0.0598,0.1975,0.0
C0181,OR Community 181,OR,2022,442398,90969,47039,28.8,32.54,1.893,680.1,1,2.5727,3.789,0.4078,-1.7815,1.6051,-0.5127,0.226
C0182,OR Community 182,OR,2022,434257,96630,48558,30.27,21.35,0.955,907.0,0,0.5816,0.8394,-1.9428,-0.8526,-0.1648,-1.2192,0.0
C0183,WA Community 183,WA,2022,100637,23933,79624,25.65,28.65,3.479,1667.1,0,-1.1598,1.0666,1.6713,-1.1865,-0.108,-0.2773,0.0
C0184,IL Community 184,IL,2022,58828,8989,65748,27.43,41.87,3.964,354.6,0,0.5412,-0.8201,-0.0081,-0.1844,-0.5841,-0.0085,0.0
C0185,NC Community 185,NC,2022,46698,9301,63061,27.92,25.17,1.402,216.3,0,-1.2083,1.6728,0.009,0.0895,0.7278,0.6904,0.0
C0186,VA Community 186,VA,2022,144304,34471,38697,36.47,23.51,0.05,103.5,0,-0.9525,-0.5259,-0.0052,-0.3198,1.1474,-0.3761,0.0
C0187,WI Community 187,WI,2022,125311,28779,128036,6.48,57.73,6.352,2946.6,5,-0.3167,0.4452,-1.1806,-1.3198,0.8219,0.4418,3.9901
C0188,MO Community 188,MO,2022,31231,6090,99010,15.15,42.77,5.27,813.1,0,-0.5919,-0.4977,1.2109,-0.2433,-0.5294,1.9899,0.0
C0189,IL Community 189,IL,2022,134726,28417,78188,23.22,27.46,2.922,4661.4,0,-0.667,1.1238,-0.321,-0.6004,2.3792,-0.6102,0.0
C0190,AZ Community 190,AZ,2022,101691,21809,65183,24.52,29.7,1.827,201.6,0,-0.6132,-0.3293,1.2777,-0.0636,0.9613,0.2378,0.0
C0191,NY Community 191,NY,2022,132320,29898,61800,31.05,35.66,1.369,5862.5,0,-1.2456,-0.7619,1.5348,0.7914,0.533,0.3076,0.0
C0192,AZ Community 192,AZ,2022,114737,22489,76712,22.93,34.17,2.91,640.8,0,1.3943,0.5828,1.3831,-1.9071,2.05,0.0409,0.0
C0193,OH Community 193,OH,2022,68469,16124,49485,31.41,16.16,0.05,1536.4,0,-2.2025,-1.8307,0.994,0.3253,-0.1096,1.093,0.0
C0194,OH Community 194,OH,2022,129219,37679,97776,18.07,39.87,4.187,1550.7,0,0.5629,0.6716,-0.2041,0.1154,0.9897,0.2836,0.0
C0195,CO Community 195,CO,2022,75646,14781,86445,27.79,54.67,1.716,270.4,0,-0.9739,-0.0121,-0.5918,-0.3775,0.427,-1.3166,0.0
C0196,NC Community 196,NC,2022,256628,73195,79816,20.73,55.45,1.654,125.1,1,-0.3055,-0.1273,-0.1109,-1.4092,0.4789,-0.4878,0.3897
C0197,OR Community 197,OR,2022,78703,18486,70751,21.96,26.48,6.071,1155.0,0,1.2343,-1.5133,-0.5958,-0.2954,-0.7705,0.911,0.0
C0198,CO Community 198,CO,2022,29850,6567,54408,32.95,36.61,0.05,120.6,0,-1.2554,-0.2345,0.3034,-0.9413,1.2953,0.6234,0.0
C0199,WI Community 199,WI,2022,24668,5177,113584,20.28,51.49,4.891,266.9,0,-0.9637,-0.3736,-0.6357,-0.07,-0.8279,0.7414,0.0
C0200,NC Community 200,NC,2022,20097,3895,45447,36.48,30.1,3.729,534.5,0,0.4871,-0.4033,0.0814,0.2173,-0.5927,0.6488,0.0
C0201,CO Community 201,CO,2022,55277,11710,57690,26.11,40.13,1.31,482.8,0,-2.5635,0.0262,-0.1056,1.6234,-1.9429,-1.0811,0.0
C0202,MO Community 202,MO,2022,66445,13641,88634,22.37,43.38,5.168,673.5,0,0.3107,1.1882,-0.0198,0.8753,1.4095,0.0451,0.0
C0203,CO Community 203,CO,2022,10226,2266,66091,25.82,35.82,0.05,308.5,0,1.1267,-0.7889,0.3228,-0.9197,-1.5577,-1.2736,0.0
C0204,MO Community 204,MO,2022,38086,9257,82668,29.97,38.57,2.557,557.6,0,-0.4226,0.4001,-0.9875,0.5374,-1.4616,-0.4565,0.0
C0205,FL Community 205,FL,2022,25255,4527,88590,27.37,30.34,2.374,736.2,0,0.3365,0.1433,-1.43,0.4007,-0.677,-0.8144,0.0
C0206,WI Community 206,WI,2022,40299,8378,59218,26.41,24.98,3.429,421.3,0,-0.3064,0.5023,-0.4176,-0.0353,0.4466,-0.9924,0.0
C0207,PA Community 207,PA,2022,356534,65901,68670,28.18,27.28,3.388,579.8,0,-0.7536,-0.7284,1.3085,0.079,0.4942,-0.6425,0.0
C0208,TX Community 208,TX,2022,46447,9660,97829,16.68,32.84,3.912,2593.4,0,1.9423,0.5223,-1.6267,0.8097,-0.4857,1.8682,0.0
C0209,NC Community 209,NC,2022,35165,7421,74217,26.33,26.95,2.501,7361.8,0,0.5456,-1.7098,-1.0034,-0.5081,-0.7669,1.7806,0.0
C0210,TN Community 210,TN,2022,28263,6675,104090,22.25,42.41,1.705,354.3,0,1.3043,0.0511,1.9226,1.5411,0.0721,-0.5295,0.0
C0211,GA Community 211,GA,2022,47379,9193,92311,16.34,39.13,3.591,1724.4,0,0.8462,-1.0277,-0.6248,-0.4394,0.3535,-0.3973,0.0
C0212,NY Community 212,NY,2022,50802,12583,61875,28.06,33.48,2.55,115.7,0,0.3427,-0.0429,-0.0438,0.0261,-0.7644,0.1098,0.0
C0213,VA Community 213,VA,2022,183955,37871,97617,16.85,39.06,3.3,1356.6,0,-0.0979,0.6709,0.4236,-0.9,0.664,-1.2425,0.0
C0214,WI Community 214,WI,2022,36266,7394,75533,35.58,35.69,3.558,3213.5,0,0.7363,0.4105,2.1107,-1.6874,0.1279,-0.2624,0.0
C0215,NY Community 215,NY,2022,31892,6682,50461,36.5,25.38,1.412,201.6,0,-2.102,-3.7678,2.361,0.3616,1.4683,1.0046,0.0
C0216,FL Community 216,FL,2022,16956,3998,41289,27.8,19.09,0.05,761.9,0,0.9595,-0.8566,1.4397,-0.8553,0.1298,-0.5839,0.0
C0217,OR Community 217,OR,2022,25808,5571,70559,31.8,29.51,2.579,528.7,0,1.5222,-0.7342,0.1311,0.0868,0.1442,0.0756,0.0
C0218,MI Community 218,MI,2022,95824,18602,83012,27.17,39.77,3.193,2132.3,0,-1.5856,0.3875,-0.4299,-0.9084,0.4853,2.8535,0.0
C0219,VA Community 219,VA,2022,58704,13164,33456,38.39,29.42,0.414,592.2,0,-0.8523,-0.5168,-0.5032,0.3268,-2.5288,0.4068,0.0
C0220,GA Community 220,GA,2022,171002,36067,53260,29.35,27.95,1.304,523.1,0,1.0216,-0.7922,0.035,1.7179,0.4374,-1.9926,0.0
C0221,NY Community 221,NY,2022,54292,10931,81446,29.59,30.08,3.738,301.0,0,0.8012,-0.5095,1.3849,1.0658,-1.0281,0.1219,0.0
C0222,MO Community 222,MO,2022,37232,7765,100408,14.7,41.62,0.05,739.6,0,1.0475,-0.5527,0.3397,-1.0004,0.4987,-1.0418,0.0
C0223,GA Community 223,GA,2022,75084,14408,33468,35.21,30.89,2.01,833.3,0,-2.1775,-0.1739,1.2654,1.6609,0.0059,0.6346,0.0
C0224,WI Community 224,WI,2022,70458,16639,59685,32.43,37.31,3.488,627.7,0,-1.1929,-0.4307,0.0696,-0.3286,0.6146,0.9103,0.0
C0225,CO Community 225,CO,2022,140423,28660,60277,29.13,42.81,3.023,1079.4,1,-1.0164,3.7229,0.3738,-0.3396,0.7902,0.2006,0.7121
C0226,NY Community 226,NY,2022,63574,14568,33444,33.83,16.69,1.783,148.0,0,1.5972,0.0758,-0.7242,-0.1593,1.566,0.1804,0.0
C0227,GA Community 227,GA,2022,59284,12572,51332,42.91,26.03,0.888,250.9,0,-0.9042,1.3088,0.9304,-0.5498,-0.7709,-0.3336,0.0
C0228,WA Community 228,WA,2022,98235,17897,75154,22.99,48.36,1.664,2566.1,0,1.5074,1.292,-0.2123,2.3177,0.3838,-0.6328,0.0
C0229,TN Community 229,TN,2022,96522,20114,64928,25.45,40.71,1.429,188.1,1,1.7488,-0.3555,0.882,-0.167,0.9821,1.0682,1.036
C0230,NY Community 230,NY,2022,79026,16827,99383,14.66,42.76,5.435,1649.4,1,-1.0359,-0.3865,-1.2191,-0.836,-0.7062,0.7337,1.2654
C0231,CO Community 231,CO,2022,509672,96581,125004,19.32,50.5,4.307,279.1,2,0.2435,0.9389,-1.3271,-2.0453,1.3035,-0.2163,0.3924
C0232,PA Community 232,PA,2022,237549,57132,56326,34.33,31.67,4.085,1340.1,1,-1.1989,-1.1062,0.9569,1.2339,-0.64,-0.6065,0.421
C0233,GA Community 233,GA,2022,190451,46017,52575,28.77,17.95,0.791,234.2,0,-0.2206,1.3437,-0.5418,-1.5179,-1.4462,-0.1498,0.0
C0234,MA Community 234,MA,2022,28569,5205,50700,28.17,26.59,3.807,163.4,0,0.4636,-1.1373,0.1961,0.0691,-0.0499,1.1233,0.0
C0235,MA Community 235,MA,2022,137423,29077,96101,17.71,38.54,5.402,1850.8,0,0.0561,0.3532,1.9005,-1.1513,-0.2973,-1.1283,0.0
C0236,GA Community 236,GA,2022,60648,12826,103258,19.13,51.35,4.55,505.9,0,0.6115,0.5064,-0.8393,-0.1129,-0.2102,0.6343,0.0
C0237,VA Community 237,VA,2022,14794,3563,66861,26.49,35.15,5.855,1941.0,0,-0.5945,0.4318,-1.8175,1.7242,1.3315,1.9378,0.0
C0238,MI Community 238,MI,2022,43973,8622,42302,30.35,6.54,0.05,516.2,0,-0.4424,-1.5252,0.7082,-0.7941,0.0326,0.9131,0.0
C0239,IL Community 239,IL,2022,37659,6269,63102,26.11,20.48,1.654,432.6,0,-0.3161,0.6238,-0.5936,0.8749,-0.7223,-0.8504,0.0
C0240,AZ Community 240,AZ,2022,74876,14474,88712,19.15,22.24,3.465,511.6,0,-0.4749,0.5251,0.3131,-0.6393,0.3076,-1.8676,0.0
C0241,MN Community 241,MN,2022,69018,15167,73465,27.72,41.82,1.384,1707.6,0,-1.024,-1.198,0.1879,1.6963,-1.6674,1.3618,0.0
C0242,MI Community 242,MI,2022,60765,14945,56673,32.07,32.86,5.313,1694.3,0,0.023,0.198,-0.9759,-1.3046,0.3768,-0.788,0.0
C0243,TX Community 243,TX,2022,77255,16401,41104,22.17,36.5,4.344,510.0,0,-0.9273,0.4313,-0.0744,-0.5777,-1.5451,0.3503,0.0
C0244,VA Community 244,VA,2022,168489,35099,52246,27.1,28.64,0.433,283.3,0,-0.6475,-0.9657,1.1762,-0.6874,0.2211,-1.2085,0.0
C0245,FL Community 245,FL,2022,67408,12174,48720,33.05,19.38,0.05,1020.4,0,0.536,-1.2257,0.5985,0.4787,-0.4189,0.0011,0.0
C0246,NY Community 246,NY,2022,137587,32492,77170,22.44,36.2,4.42,289.0,1,0.3088,-0.6133,-0.7758,0.1097,-0.2125,-0.319,0.7268
C0247,PA Community 247,PA,2022,133838,30974,53006,32.81,41.18,1.297,1678.6,0,-0.5323,-0.5309,-0.7175,1.7557,-1.106,-0.1334,0.0
C0248,IL Community 248,IL,2022,136609,23175,65102,28.55,30.22,0.05,1056.4,0,2.0672,0.5723,0.6812,-0.2197,0.0965,0.0923,0.0
C0249,CA Community 249,CA,2022,76946,19288,93543,20.11,35.24,3.411,703.1,0,-0.3087,0.7832,-1.1205,-0.0208,-0.0918,-0.1894,0.0
C0250,OR Community 250,OR,2022,199925,39474,101885,22.35,43.43,3.241,149.0,1,-0.9803,0.5361,-0.7492,0.4204,-0.0467,-0.9654,0.5002
C0251,TN Community 251,TN,2022,44535,9489,74221,16.67,35.01,5.959,526.3,0,0.118,-1.7374,-1.656,0.6089,0.106,-0.6509,0.0
C0252,NY Community 252,NY,2022,104584,22128,74902,29.13,30.06,5.371,432.1,0,0.4656,-0.7545,-1.5866,1.8108,-0.2365,1.2007,0.0
C0253,CA Community 253,CA,2022,341884,86738,97104,16.01,34.54,3.042,6876.0,0,0.4525,0.3461,-0.2024,1.5962,0.4433,-1.3337,0.0
C0254,CO Community 254,CO,2022,45108,8956,88206,20.81,44.39,1.971,866.7,0,0.2176,1.3258,-0.1608,-0.0269,-1.5523,-1.32,0.0
C0255,GA Community 255,GA,2022,64775,11846,54385,30.59,36.9,1.893,204.6,0,-1.3234,0.5401,0.7335,0.2162,-0.078,-1.6173,0.0
C0256,TX Community 256,TX,2022,53017,14341,51537,21.85,14.97,2.698,340.3,0,-1.0016,0.8162,0.511,0.0164,0.3285,-0.0638,0.0
C0257,WA Community 257,WA,2022,48411,8896,65016,32.36,30.24,2.713,487.4,0,-0.1491,-0.471,-1.0977,0.5321,0.5901,1.2626,0.0
C0258,GA Community 258,GA,2022,132503,29394,92845,27.88,43.67,5.223,280.0,1,-1.5031,0.4639,0.1036,-0.7679,0.0288,0.9057,0.7547
C0259,NC Community 259,NC,2022,74523,15626,56777,26.36,33.23,5.317,1378.0,0,-0.4588,-0.4161,1.0156,-0.6715,0.3658,0.4136,0.0
C0260,IL Community 260,IL,2022,102191,23416,84286,23.63,32.33,1.93,231.9,1,1.3432,-1.4652,0.8328,-1.2594,0.046,0.6779,0.9786
C0261,OH Community 261,OH,2022,38440,9425,72314,23.72,41.29,1.963,330.0,0,-0.127,-0.4409,-0.8128,-0.5916,0.2615,0.0222,0.0
C0262,IL Community 262,IL,2022,24985,4460,70430,23.74,30.75,2.975,41.9,0,0.8672,0.0362,2.1294,-0.7591,1.9982,0.1959,0.0
C0263,NY Community 263,NY,2022,160711,34316,87176,21.89,45.44,5.924,219.8,0,-1.053,-0.3315,0.0568,0.0094,-1.269,0.2149,0.0
C0264,CO Community 264,CO,2022,43937,11923,90237,23.31,39.03,1.444,288.4,0,1.0072,-0.0424,0.0946,0.2013,-0.9428,2.146,0.0
C0265,WI Community 265,WI,2022,52317,11553,52741,27.53,37.04,1.588,786.5,0,0.7822,0.2323,-0.8326,-0.4295,-0.4447,-0.0261,0.0
C0266,GA Community 266,GA,2022,127439,26239,84804,27.02,42.6,4.367,3569.7,0,0.7393,0.2488,0.4207,0.7219,-0.3476,-0.618,0.0
C0267,VA Community 267,VA,2022,23731,4870,43880,35.73,23.56,0.05,300.2,0,-0.3589,0.2392,0.5775,-0.6684,-0.0069,-0.2287,0.0
C0268,WA Community 268,WA,2022,31492,6669,99579,24.21,34.44,0.866,1042.1,0,-2.3562,0.534,-1.8163,0.3457,0.3584,-0.2209,0.0
C0269,CO Community 269,CO,2022,27734,6323,87212,25.25,29.53,5.668,849.8,0,-0.8523,1.2344,-0.4363,1.4684,1.8062,0.4473,0.0
C0270,AZ Community 270,AZ,2022,37721,9294,29860,36.9,14.93,0.05,3280.2,0,-0.502,0.508,0.7586,-0.7565,0.2296,-1.067,0.0
C0271,MA Community 271,MA,2022,76532,19622,51541,34.45,19.73,3.256,3904.4,0,-0.788,-1.0707,0.7148,-0.0329,-2.1937,0.3809,0.0
C0272,FL Community 272,FL,2022,56819,12033,55606,27.49,32.23,1.712,1432.6,0,1.1688,-1.1966,0.2907,-1.0159,0.9131,-1.1915,0.0
C0273,GA Community 273,GA,2022,46150,9959,50795,27.75,13.48,2.472,1333.7,0,0.1247,0.3162,0.2495,-1.0148,-0.6135,-1.4218,0.0
C0274,MO Community 274,MO,2022,130106,25794,54706,33.68,27.62,0.833,3701.4,0,0.4728,1.7083,-0.0369,0.1904,-1.3249,-0.3953,0.0
C0275,WI Community 275,WI,2022,59980,14012,74918,24.26,29.64,3.013,679.3,0,0.6546,-0.6463,1.6381,-1.3794,-0.6633,-0.7198,0.0
C0276,NC Community 276,NC,2022,70249,15006,85771,18.49,43.86,3.17,803.6,0,-1.4791,-0.6828,0.1112,-0.5263,-2.1265,0.2151,0.0
C0277,WA Community 277,WA,2022,86933,21791,83906,18.04,35.58,3.373,617.1,0,-0.3892,-0.7759,1.2519,-1.7817,0.1035,0.2899,0.0
C0278,OR Community 278,OR,2022,58479,14408,49888,27.28,33.79,2.744,1005.3,0,0.9842,0.5619,-0.3307,0.1284,-0.0198,-0.9867,0.0
C0279,WA Community 279,WA,2022,160188,40415,80524,25.73,31.46,2.159,593.4,0,-0.0707,0.0656,-0.0816,0.7764,-0.3916,0.5577,0.0
C0280,MN Community 280,MN,2022,51452,11443,54446,32.66,23.53,1.503,1507.7,0,-1.7624,0.8182,0.9258,2.726,0.4614,-0.9569,0.0
C0281,GA Community 281,GA,2022,26013,6679,74021,22.57,42.0,1.881,4558.5,0,0.3588,1.1261,-0.8563,0.2431,0.772,-0.8537,0.0
C0282,CA Community 282,CA,2022,43562,8378,71197,26.81,33.51,3.292,3035.8,0,-0.3414,0.5986,-0.2727,-1.1383,-1.0461,-0.9183,0.0
C0283,MN Community 283,MN,2022,26512,5602,80899,21.61,21.87,5.531,2288.5,0,0.7177,0.1205,-0.5536,-0.1682,-1.1568,-0.6446,0.0
C0284,PA Community 284,PA,2022,132038,31528,39228,31.49,24.34,0.05,199.5,0,-0.2392,-1.3601,-0.0979,-0.4881,-0.8089,-0.5791,0.0
C0285,CA Community 285,CA,2022,26952,6200,23553,34.84,11.07,0.293,379.3,0,-0.1048,1.7645,-1.5286,-2.3148,0.9352,-0.1598,0.0
C0286,NC Community 286,NC,2022,82576,15267,65750,21.5,31.32,5.639,225.6,0,-0.1674,0.7323,0.6571,-2.0382,0.6758,-1.0864,0.0
C0287,OH Community 287,OH,2022,73767,14277,95567,20.32,27.43,5.838,721.0,0,0.2163,-0.5443,1.6732,0.1852,-1.0671,-1.1556,0.0
C0288,FL Community 288,FL,2022,190294,45295,34620,38.09,19.02,0.05,403.0,0,-1.3364,1.8622,-0.9946,1.0797,-0.9041,-1.1076,0.0
C0289,AZ Community 289,AZ,2022,24332,5065,53180,35.25,29.22,3.188,4748.9,0,1.3666,1.6523,-0.3468,-0.4774,0.8708,1.518,0.0
C0290,AZ Community 290,AZ,2022,69311,16318,46950,32.54,16.59,0.05,1818.5,0,-1.2625,0.2697,-0.1727,0.1709,-0.3042,-0.7421,0.0
C0291,OH Community 291,OH,2022,40060,9596,79781,21.71,30.56,3.096,1943.2,0,-0.4868,-0.3168,0.1105,0.0036,-0.4244,-0.9443,0.0
C0292,WI Community 292,WI,2022,55673,12186,82117,23.6,43.13,5.247,124.8,1,-1.0415,-0.7589,-1.0879,-0.6123,2.0049,-0.8719,1.7962
C0293,NY Community 293,NY,2022,40929,9812,67968,32.88,26.56,1.271,303.0,0,0.81,-0.2071,-0.357,-0.1071,-0.0699,0.7794,0.0
C0294,MO Community 294,MO,2022,42153,9213,58852,30.58,35.04,0.05,843.3,0,0.2822,0.4161,0.5141,1.2683,-1.1049,-0.4459,0.0
C0295,MA Community 295,MA,2022,54323,12101,64154,32.38,23.75,6.577,247.0,0,-0.3738,0.2012,1.2608,1.5136,-0.0114,-0.1408,0.0
C0296,VA Community 296,VA,2022,17055,3938,85004,19.94,38.91,1.936,294.6,1,1.1684,0.4911,-0.6409,0.1716,0.1798,-3.2353,5.8634
C0297,MA Community 297,MA,2022,50311,12092,35349,34.68,28.81,2.326,949.6,0,0.3838,-1.4215,0.3187,0.6743,0.4223,-1.4133,0.0
C0298,CO Community 298,CO,2022,13207,3004,91448,23.15,59.71,3.759,2973.4,1,0.6839,-0.2171,-2.6886,0.474,0.3656,-0.5633,7.5717
C0299,CA Community 299,CA,2022,16269,3545,66080,28.46,27.96,2.338,745.7,0,0.0514,0.1863,0.9396,0.0867,-3.06,0.612,0.0
C0300,IL Community 300,IL,2022,14103,2893,71856,16.12,46.96,1.141,278.8,0,1.2659,1.6307,1.2138,-2.0835,-1.3008,2.0163,0.0
C0301,MO Community 301,MO,2022,35439,8004,64876,26.63,30.51,2.371,1708.1,0,-0.9556,-1.5562,-0.5719,-0.4031,-0.1018,-0.7081,0.0
C0302,AZ Community 302,AZ,2022,148233,29495,40730,37.89,36.77,1.207,1219.8,0,-1.209,0.7409,-1.8771,1.3243,0.6232,0.0446,0.0
C0303,WA Community 303,WA,2022,300492,64977,61756,21.88,32.7,3.932,1040.2,1,-0.2219,1.2583,-0.4428,0.1197,2.1299,0.0012,0.3328
C0304,FL Community 304,FL,2022,44952,9416,46323,25.29,19.42,4.174,138.2,0,-0.5608,-0.8559,0.6782,0.3891,-0.0426,2.2586,0.0
C0305,GA Community 305,GA,2022,40553,8936,48241,32.33,27.47,0.057,351.0,0,0.2187,0.8911,-0.7193,-1.2664,0.1747,0.9029,0.0
C0306,PA Community 306,PA,2022,30795,8145,112305,10.59,43.71,4.498,506.6,2,1.3528,-1.409,-1.8928,0.0762,0.3577,-0.4063,6.4946
C0307,WI Community 307,WI,2022,81906,17107,115355,16.63,51.95,3.058,264.2,1,-1.626,0.6184,-1.296,0.5069,-0.9551,0.4382,1.2209
C0308,FL Community 308,FL,2022,36323,7186,69776,29.64,34.27,3.244,184.0,1,1.3972,0.9969,-0.7707,-0.8423,2.5053,-0.1925,2.7531
C0309,TN Community 309,TN,2022,66942,14422,75146,23.16,40.34,1.976,4405.0,0,-0.7404,-0.0711,1.5479,-1.0729,0.2448,-1.1613,0.0
C0310,OR Community 310,OR,2022,67818,12960,64366,29.93,41.58,3.903,1600.9,0,-0.2602,-0.6776,-0.7958,0.0929,0.5706,0.4287,0.0
C0311,FL Community 311,FL,2022,128333,31045,71344,25.05,36.72,0.711,1267.3,1,0.9324,-1.2683,0.6239,-1.3772,-0.5435,-1.8033,0.7792
C0312,FL Community 312,FL,2022,25109,4825,103689,30.23,42.75,3.162,615.3,0,1.4586,0.5615,-0.1997,1.3829,1.4304,0.8338,0.0
C0313,GA Community 313,GA,2022,41878,7949,25578,35.11,6.0,2.388,1449.8,0,-0.4573,0.0534,-1.0978,-0.8007,-0.8267,0.0478,0.0
C0314,TN Community 314,TN,2022,70294,16391,54377,39.26,24.91,2.2,1106.4,0,0.0976,-2.135,1.1776,-0.8239,-0.9473,-1.1843,0.0
C0315,IL Community 315,IL,2022,81594,20611,95826,13.58,46.13,4.887,150.4,0,0.2784,-0.9273,0.3731,1.056,-1.955,-0.3094,0.0
C0316,TX Community 316,TX,2022,51398,13472,64702,31.37,33.82,0.05,4361.4,0,-0.75,0.395,-0.2677,-0.0006,-0.7623,0.2314,0.0
C0317,AZ Community 317,AZ,2022,21383,4355,95321,20.55,52.43,5.703,199.8,1,-0.879,1.3773,0.2586,0.392,0.4942,3.4303,4.6766
C0318,CA Community 318,CA,2022,78719,16805,50219,33.96,33.23,0.529,231.9,0,-0.8099,-1.0207,-0.076,-0.5437,2.7271,0.6018,0.0
C0319,MO Community 319,MO,2022,41367,9502,68143,24.1,29.65,3.523,344.5,0,0.477,0.2739,-1.4075,0.3943,-1.3693,0.0659,0.0
C0000,MN Community 000,MN,2023,90477,19140,38745,32.93,17.19,0.801,87.0,0,1.7998,0.6172,1.3062,1.6353,-0.6786,-0.3268,0.0
C0001,VA Community 001,VA,2023,55908,11138,79543,28.2,38.76,4.357,1824.5,0,-0.1553,0.5198,0.8128,-0.1539,-0.9489,-1.0564,0.0
C0002,TN Community 002,TN,2023,15212,3126,86519,24.0,40.63,0.773,254.5,0,-0.3018,-0.6333,0.9312,-0.6803,-1.3612,0.4173,0.0
C0003,VA Community 003,VA,2023,26561,5536,70085,30.76,31.2,1.856,2243.1,0,-0.6523,-0.3535,-0.4771,-2.0191,-0.6411,-0.249,0.0
C0004,MA Community 004,MA,2023,103828,26326,84726,28.5,47.2,2.292,4296.1,1,-0.5936,-0.0295,-2.6638,0.5053,0.27,-0.4185,0.9631
C0005,AZ Community 005,AZ,2023,145116,34888,79553,20.82,42.86,3.774,1017.2,0,-0.0891,0.2971,-0.1806,0.6745,0.3731,-0.9271,0.0
C0006,TX Community 006,TX,2023,59936,13799,75669,24.48,48.55,6.006,1095.8,0,2.0911,1.0801,2.1537,-0.0219,-0.18,-1.2958,0.0
C0007,WA Community 007,WA,2023,8682,2128,71526,26.49,26.5,2.981,39.4,0,0.5236,0.4324,0.0372,-0.9559,0.6097,0.4461,0.0
C0008,MN Community 008,MN,2023,37786,7639,78379,18.25,36.72,2.245,220.5,0,-0.3437,2.2655,0.3792,0.4943,-0.0423,-1.3718,0.0
C0009,NY Community 009,NY,2023,59993,15788,85511,26.77,34.29,4.059,901.7,0,-2.5196,-0.3224,-2.4852,0.0397,0.4594,0.0527,0.0
C0010,OR Community 010,OR,2023,53452,12388,85829,21.05,27.35,4.404,1652.7,0,0.1724,0.4779,1.6333,-0.3978,0.3362,1.4951,0.0
C0011,CO Community 011,CO,2023,123426,26765,23437,28.44,17.7,0.063,734.4,0,0.5235,1.3113,1.2732,0.0443,-2.5859,-1.5068,0.0
C0012,PA Community 012,PA,2023,197212,44155,57655,26.48,31.03,1.854,271.4,0,-0.4336,1.2196,-0.6718,0.2289,1.9511,-1.9077,0.0
C0013,OR Community 013,OR,2023,92381,23862,80397,25.85,31.65,4.726,2964.5,0,-1.0846,0.6815,-0.7373,-0.5201,1.5091,0.6409,0.0
C0014,TN Community 014,TN,2023,95364,24103,40245,30.73,24.95,1.636,1199.6,0,1.3236,0.578,-1.2475,2.1229,0.835,-1.9462,0.0
C0015,MA Community 015,MA,2023,23721,5151,74422,27.66,31.31,1.659,2270.7,0,-0.7818,-0.9398,-0.5059,0.8186,-0.6484,0.1807,0.0
C0016,AZ Community 016,AZ,2023,55390,12288,50218,31.6,21.17,1.039,1703.7,0,-1.08,-0.9454,0.3069,-0.5043,-0.1142,-0.9137,0.0
C0017,MN Community 017,MN,2023,14558,3271,98740,25.41,37.42,4.279,1136.0,0,0.5769,-0.8866,-0.2127,0.3146,0.6483,-1.1506,0.0
C0018,TX Community 018,TX,2023,59912,11409,73047,24.2,45.07,2.2,1220.6,0,0.9075,1.08,0.255,1.5288,0.999,-1.0229,0.0
C0019,OH Community 019,OH,2023,66318,16206,61822,28.31,30.25,2.378,568.5,0,0.1704,-1.2997,-1.3814,-0.2049,-2.2334,-0.0632,0.0
C0020,NC Community 020,NC,2023,200909,41085,82904,22.9,31.0,1.94,82.8,0,-1.4026,1.4519,-0.1109,0.797,-1.74,0.569,0.0
C0021,FL Community 021,FL,2023,174186,29143,91502,27.66,49.35,3.575,1701.3,1,-1.4177,0.5622,0.3001,0.2872,0.687,0.0986,0.5741
C0022,TX Community 022,TX,2023,213410,43177,82438,23.6,40.89,4.456,942.0,0,1.018,-1.1313,0.3231,-0.4322,-0.0235,-1.7202,0.0
C0023,TN Community 023,TN,2023,86616,20208,61237,23.18,25.13,0.05,1865.8,0,0.6884,0.0597,0.0844,-0.1785,-0.027,0.8221,0.0
C0024,IL Community 024,IL,2023,13177,2905,40009,37.34,22.0,3.105,521.3,0,-0.5174,-1.9935,1.6733,0.5883,1.2139,0.3585,0.0
C0025,TX Community 025,TX,2023,126140,25979,78950,20.14,23.94,0.976,188.8,0,1.0086,-1.9225,0.5285,-0.0698,1.5387,1.8751,0.0
C0026,MN Community 026,MN,2023,170833,34378,84234,19.92,25.09,3.433,6780.2,0,0.1256,-0.2499,0.5631,0.3918,0.5174,1.4317,0.0
C0027,AZ Community 027,AZ,2023,80839,15715,95534,23.4,45.81,4.909,439.5,0,-0.6554,-1.1894,1.7303,0.0083,-1.0083,-0.8415,0.0
C0028,WA Community 028,WA,2023,172437,48302,86362,17.71,24.99,3.862,1173.2,2,-0.9122,3.5102,-0.4562,-1.0349,0.4873,-0.2203,1.1598
C0029,NC Community 029,NC,2023,57999,10851,136106,12.12,66.25,5.774,1891.2,1,-0.2189,-0.6041,-0.392,1.2225,0.3885,-0.033,1.7242
C0030,OH Community 030,OH,2023,72254,16993,70474,24.13,20.13,2.7,810.8,0,-0.0348,0.5627,-0.4896,-1.1743,1.0021,-1.0146,0.0
C0031,MI Community 031,MI,2023,125333,22897,72413,27.12,43.59,5.334,251.8,0,0.7275,-1.9056,-0.7912,0.019,-0.425,-0.142,0.0
C0032,MI Community 032,MI,2023,94826,22844,82455,28.43,41.79,2.004,383.5,0,-0.1233,0.2392,0.6783,0.9215,0.1591,-1.2296,0.0
C0033,MN Community 033,MN,2023,30788,6367,73997,18.13,29.2,4.388,1248.2,0,-0.6096,-0.923,-0.591,-0.1501,-0.1919,-2.0747,0.0
C0034,OH Community 034,OH,2023,41010,9158,36596,38.58,17.2,0.05,249.6,0,-0.935,0.1691,1.4659,-0.4003,-0.515,0.5736,0.0
C0035,NC Community 035,NC,2023,89556,23372,69541,27.04,21.33,4.541,1939.2,0,-1.5336,0.1992,0.1958,0.4792,1.095,1.0923,0.0
C0036,MA Community 036,MA,2023,174878,38703,67970,29.11,24.93,0.855,1569.0,0,-1.2813,1.2313,1.4049,0.9946,-0.9205,-0.2,0.0
C0037,MI Community 037,MI,2023,49072,11124,78289,26.44,42.49,3.215,235.4,0,-1.1624,0.6695,-0.107,-1.3961,-0.8696,-0.1619,0.0
C0038,OH Community 038,OH,2023,71434,17746,118444,8.02,53.98,2.956,1793.0,1,-0.9366,-1.6328,0.7151,-1.4589,1.0704,0.8939,1.3999
C0039,NY Community 039,NY,2023,99416,21871,61504,22.02,19.44,2.345,2313.6,0,0.0643,0.5756,0.9337,-0.5059,-0.1263,-1.3085,0.0
C0040,MN Community 040,MN,2023,62207,17150,46412,31.45,37.21,3.949,1754.8,0,1.2148,0.9254,0.4845,0.3737,-0.2809,-0.676,0.0
C0041,VA Community 041,VA,2023,134926,35648,97868,25.23,42.22,6.109,5564.2,2,-1.4759,-1.3311,0.4251,1.2636,0.6008,0.7126,1.4823
C0042,CO Community 042,CO,2023,50779,11063,96508,28.82,41.05,3.499,517.7,0,0.2985,-0.0311,-2.0526,0.447,-0.1015,0.7092,0.0
C0043,IL Community 043,IL,2023,35191,8380,89516,24.2,25.76,0.722,567.7,0,-0.431,-0.8791,-0.1786,0.8159,0.2776,-0.3983,0.0
C0044,FL Community 044,FL,2023,25552,6093,51987,30.88,20.99,0.05,203.3,0,1.3465,-0.0425,0.963,-0.6941,-0.4488,1.8387,0.0
C0045,GA Community 045,GA,2023,28618,7854,22000,44.98,18.68,4.032,851.6,0,-0.3024,0.3303,0.958,0.0242,-1.2999,0.0768,0.0
C0046,NY Community 046,NY,2023,41142,10375,93581,21.16,37.95,3.972,569.6,0,-0.434,-0.1686,0.0169,-0.8947,-0.3195,0.4634,0.0
C0047,WA Community 047,WA,2023,59770,11292,61813,24.63,29.77,1.692,444.7,0,0.6659,1.39,1.3466,0.1958,0.5086,0.6206,0.0
C0048,WI Community 048,WI,2023,6588,1374,55339,29.52,20.47,0.05,2290.4,0,0.3445,1.3015,0.8544,0.079,-0.0001,1.4135,0.0
C0049,AZ Community 049,AZ,2023,50235,9975,55848,32.45,19.64,0.586,13144.3,0,-1.5235,0.2002,-0.1407,0.1499,1.1816,-1.5924,0.0
C0050,CA Community 050,CA,2023,52372,13631,22000,32.75,6.0,0.834,474.8,0,-0.3509,0.3168,0.3302,0.1916,-2.3726,1.7815,0.0
C0051,MI Community 051,MI,2023,7747,1552,50193,40.34,26.06,1.57,233.2,0,-0.5607,-1.1254,-1.7047,1.9596,-0.1198,-0.0787,0.0
C0052,AZ Community 052,AZ,2023,52672,11043,58282,31.19,32.5,1.865,1855.8,0,1.0424,-0.2987,0.0367,0.0491,-0.6785,0.5741,0.0
C0053,MN Community 053,MN,2023,77344,15612,56546,32.73,38.06,3.941,235.7,0,0.4065,-0.8529,-1.8503,0.7871,1.582,-0.7707,0.0
C0054,NY Community 054,NY,2023,42383,10018,39611,43.8,13.94,0.725,3192.3,0,-0.3239,-0.5273,1.8223,-0.6038,3.4719,1.0651,0.0
C0055,GA Community 055,GA,2023,32713,5944,37716,39.45,9.36,3.067,694.9,0,0.1267,2.3436,1.1325,-0.3277,-0.2951,-1.5269,0.0
C0056,MI Community 056,MI,2023,6492,1354,69276,26.18,36.71,2.041,1099.5,0,-2.9998,1.0328,0.2992,0.04,-1.0467,0.3852,0.0
C0057,WI Community 057,WI,2023,41705,10661,79869,25.23,27.41,5.01,470.1,0,1.3275,1.5596,-0.0686,-0.9911,1.5816,-0.9417,0.0
C0058,TN Community 058,TN,2023,127181,27031,81235,27.26,48.19,4.4,148.3,0,1.6063,-2.534,0.4649,-0.7335,0.7263,-0.5618,0.0
C0059,GA Community 059,GA,2023,26864,5712,52363,30.73,33.21,2.148,1154.6,0,0.2678,-0.0146,-0.0518,-1.7902,1.3101,-0.2125,0.0
C0060,TN Community 060,TN,2023,57564,13592,69120,24.14,27.08,2.78,456.8,0,-0.0927,-0.2541,-0.3403,-0.6394,1.4783,-1.4829,0.0
C0061,GA Community 061,GA,2023,90575,22736,86466,21.82,27.63,2.508,672.6,0,-0.245,0.6215,0.529,0.4656,1.0772,-0.027,0.0
C0062,FL Community 062,FL,2023,94925,18386,85904,28.26,37.53,5.969,2026.0,0,-1.2666,-1.3883,1.1349,0.6138,1.4417,-1.6084,0.0
C0063,AZ Community 063,AZ,2023,103746,22799,104404,19.82,44.44,2.848,1143.8,1,-0.6148,1.5931,-0.6459,-0.9214,0.8409,-0.9975,0.9639
C0064,TX Community 064,TX,2023,39495,8737,65831,27.84,29.24,2.633,798.9,0,1.315,1.4822,0.5867,0.8987,-0.3893,-1.0071,0.0
C0065,VA Community 065,VA,2023,112859,23459,73956,26.03,46.24,3.328,1480.1,0,0.9924,-1.2345,0.1823,-0.9556,-0.4961,-0.0281,0.0
C0066,IL Community 066,IL,2023,158436,33075,82342,28.06,33.68,0.736,1770.0,0,1.7616,0.5912,0.3529,-1.695,-1.2846,-0.1166,0.0
C0067,VA Community 067,VA,2023,104201,24129,45281,38.57,25.06,1.06,4644.9,0,1.3195,-1.4737,-0.0959,-1.3955,1.1827,-0.3438,0.0
C0068,NC Community 068,NC,2023,38989,7607,106516,13.51,61.7,3.558,258.5,1,2.0532,-0.0858,1.2635,-1.016,0.178,-1.5131,2.5648
C0069,MO Community 069,MO,2023,58945,11313,102395,20.97,56.28,4.888,73.0,0,-0.8411,-0.8153,-1.4332,0.9223,-1.044,0.2917,0.0
C0070,CO Community 070,CO,2023,27480,7099,65907,32.06,40.2,0.2,539.8,0,-1.0939,-1.5199,-0.6467,-1.6641,0.6952,-2.161,0.0
C0071,MN Community 071,MN,2023,100912,20502,70445,31.84,38.0,1.72,2738.7,0,0.9014,0.5421,0.8045,-0.3288,-0.9727,-0.8952,0.0
C0072,TN Community 072,TN,2023,32053,6611,109653,12.57,46.87,4.029,724.3,0,1.9204,0.3454,-1.1591,-1.2392,0.5466,1.9636,0.0
C0073,NC Community 073,NC,2023,86903,19479,55363,35.59,26.99,2.628,1058.8,0,0.2459,-0.382,1.4968,-0.063,0.6285,-1.1437,0.0
C0074,NC Community 074,NC,2023,105349,22946,61787,33.85,48.24,0.077,2647.2,0,-0.666,-0.7093,0.1272,-0.5357,0.0488,-1.623,0.0
C0075,CA Community 075,CA,2023,8025,2289,66313,21.75,31.15,1.652,365.0,0,0.2534,-0.2967,0.8813,0.3998,-1.1613,-0.0268,0.0
C0076,OH Community 076,OH,2023,267114,65215,108004,20.08,46.05,3.99,869.9,1,0.1285,-0.2084,-0.561,1.0717,-0.6142,-0.8285,0.3744
C0077,OH Community 077,OH,2023,64196,13175,37916,33.22,19.44,3.602,99.7,0,0.7812,0.4994,-0.8974,1.7162,-0.9623,0.6705,0.0
C0078,MN Community 078,MN,2023,17591,4044,96525,20.35,45.71,4.494,9866.5,0,0.78,-1.4322,-0.4912,0.324,1.9762,1.8459,0.0
C0079,MA Community 079,MA,2023,37621,9283,41007,30.06,34.77,1.231,639.7,0,1.4955,-0.0209,0.7678,0.6803,0.787,-1.9271,0.0
C0080,VA Community 080,VA,2023,59813,13174,76999,27.63,31.78,1.988,1055.4,0,0.2934,-0.892,-2.1705,1.0207,-1.125,0.0613,0.0
C0081,NC Community 081,NC,2023,36196,7939,36934,34.82,6.0,2.87,345.4,0,0.6702,0.7756,-0.86,-1.0792,0.2467,0.2277,0.0
C0082,GA Community 082,GA,2023,42646,9603,59674,29.45,25.84,1.669,2996.5,0,0.3509,0.5981,0.3811,0.8247,0.7838,0.0891,0.0
C0083,WA Community 083,WA,2023,34811,6381,75521,20.42,27.68,3.317,217.3,0,-0.1569,-0.547,0.6687,-0.0095,0.1634,-0.1858,0.0
C0084,OR Community 084,OR,2023,78048,19715,87996,20.97,42.08,1.642,185.7,0,-0.209,-0.5906,0.8422,1.8524,0.0163,0.003,0.0
C0085,IL Community 085,IL,2023,125157,21807,58110,30.01,29.51,0.053,507.2,0,-0.3563,-0.7986,-1.0146,0.6104,1.2806,1.4755,0.0
C0086,WA Community 086,WA,2023,102015,23059,81810,26.17,39.48,1.27,1256.0,0,0.2231,0.6714,-0.4188,1.5617,-0.7463,-1.4087,0.0
C0087,OH Community 087,OH,2023,197574,40463,37102,30.2,26.75,0.05,559.3,0,-0.9325,0.073,-0.8184,-1.2025,0.0263,0.271,0.0
C0088,NC Community 088,NC,2023,67160,15579,56033,33.89,22.96,2.902,1208.7,0,-1.2126,-0.6523,0.3942,-1.7311,0.7472,-0.6013,0.0
C0089,MI Community 089,MI,2023,75241,15952,37054,32.18,21.42,1.697,1293.4,0,0.9083,0.0883,-1.1273,-0.3007,-1.1965,2.3333,0.0
C0090,MO Community 090,MO,2023,80329,17034,71798,20.68,35.75,2.673,994.1,0,2.1283,0.6785,1.3125,-0.086,-0.9821,-0.1814,0.0
C0091,FL Community 091,FL,2023,30539,5541,57843,33.06,33.33,3.675,548.6,0,-0.8718,-0.3083,0.2316,1.1889,-1.6009,-0.1421,0.0
C0092,AZ Community 092,AZ,2023,157996,36816,103808,16.93,34.56,2.873,143.5,0,0.7154,0.5551,-0.5833,-0.169,1.0234,0.767,0.0
C0093,MO Community 093,MO,2023,97624,14609,75144,25.61,38.22,3.544,497.4,0,-0.8248,-1.3221,0.2824,0.5305,-0.4249,0.4394,0.0
C0094,PA Community 094,PA,2023,131048,30956,61671,31.47,40.11,2.247,657.4,1,0.2471,-1.4956,-0.0826,-0.7196,-0.2001,0.9568,0.7631
C0095,MO Community 095,MO,2023,35440,7895,44488,37.25,18.5,0.05,561.7,0,-0.2418,-0.4059,-0.7384,-0.0344,-0.4131,-0.675,0.0
C0096,WA Community 096,WA,2023,85927,15813,59766,28.25,28.01,2.678,413.5,0,0.9964,0.6475,-0.0711,0.5202,1.208,1.6135,0.0
C0097,MI Community 097,MI,2023,24964,5569,74276,23.61,32.82,3.885,4840.4,0,0.0248,1.3895,-1.2848,0.9882,-0.7248,-0.1467,0.0
C0098,TN Community 098,TN,2023,15313,2907,78538,25.78,29.74,2.678,1058.9,0,0.0907,-0.7147,-3.1311,0.6213,0.6343,1.1656,0.0
C0099,OR Community 099,OR,2023,86618,18362,49118,31.8,24.37,4.287,1481.9,0,0.1282,0.0293,1.0141,0.6623,-0.6829,-0.6257,0.0
C0100,AZ Community 100,AZ,2023,110837,25909,44919,31.92,27.08,0.608,235.2,0,0.5529,0.8921,0.0654,-0.8789,-0.1661,-1.331,0.0
C0101,MA Community 101,MA,2023,202520,45040,44696,26.5,16.86,1.609,380.9,0,0.2431,-0.834,1.7793,-2.1241,0.9704,1.1602,0.0
C0102,MN Community 102,MN,2023,93506,24326,56326,28.71,33.77,0.05,1191.4,0,-1.2522,3.5842,0.3437,-0.3972,-0.1197,-0.6033,0.0
C0103,OH Community 103,OH,2023,70217,16008,38687,27.78,29.21,2.915,4125.1,0,-1.1106,-0.7048,0.9897,0.2999,-0.6533,0.317,0.0
C0104,FL Community 104,FL,2023,59292,10644,45653,27.74,23.5,1.807,888.6,0,0.83,-0.2378,-0.6036,1.1257,-0.7213,-1.1172,0.0
C0105,PA Community 105,PA,2023,72521,17321,23329,35.91,10.45,2.01,6808.9,0,-1.2549,0.5375,0.707,-1.6557,1.2899,1.3661,0.0
C0106,VA Community 106,VA,2023,22196,4485,65107,28.67,36.06,1.987,321.2,1,-0.4241,-2.1153,-0.0637,-0.7616,-1.1208,0.8825,4.5053
C0107,NY Community 107,NY,2023,40077,9832,97286,13.27,49.29,5.276,823.4,0,-0.7416,-0.7196,-1.4469,-1.5705,-1.1368,0.7681,0.0
C0108,GA Community 108,GA,2023,17737,3998,100949,23.82,50.06,4.009,122.5,0,-1.1673,-1.8991,-0.7984,-1.013,-0.3868,-0.3866,0.0
C0109,CO Community 109,CO,2023,79926,18944,110735,14.87,41.11,1.481,1075.0,1,0.2731,-1.1196,-0.8889,-1.006,-0.5852,-0.182,1.2512
C0110,NY Community 110,NY,2023,7902,1774,89730,25.67,43.12,5.08,2661.5,0,0.5766,0.5398,2.4136,1.1948,0.1618,-0.0916,0.0
C0111,GA Community 111,GA,2023,29091,6419,43211,38.81,16.84,1.576,2184.4,0,0.786,-1.2047,0.9442,1.0364,-1.6046,-0.3001,0.0
C0112,MA Community 112,MA,2023,84761,17985,70443,30.44,31.71,4.449,97.5,0,-1.1628,-0.4933,2.3406,0.3066,-0.4207,1.605,0.0
C0113,NC Community 113,NC,2023,6461,1659,56774,27.05,21.43,2.092,826.5,0,0.603,-0.7109,-0.8875,-0.1651,-1.009,-0.3371,0.0
C0114,WI Community 114,WI,2023,31234,6339,70354,25.81,40.86,3.627,85.5,1,-1.5384,0.3904,-0.418,0.1237,0.1601,1.2687,3.2016
C0115,NY Community 115,NY,2023,54770,11490,63231,22.82,30.69,1.614,1023.4,0,-1.4725,-0.6033,-0.0793,1.1954,-0.5967,0.9642,0.0
C0116,OR Community 116,OR,2023,60782,11085,75306,32.22,46.41,1.563,1518.4,0,-0.402,0.1517,-1.0305,-0.248,-0.2379,0.3708,0.0
C0117,TX Community 117,TX,2023,29572,6349,74066,15.39,41.61,2.874,662.1,0,0.8763,-0.8174,-2.5472,0.8045,-0.8852,0.8547,0.0
C0118,IL Community 118,IL,2023,137867,24186,117516,13.03,55.3,3.172,71.4,3,-0.7111,1.0931,-0.2518,-1.1618,0.7707,0.4302,2.176
C0119,MN Community 119,MN,2023,161625,45724,70123,26.4,31.8,4.029,615.4,4,-0.5056,-0.8081,-0.15,-0.3783,-0.7197,-1.5689,2.4749
C0120,MN Community 120,MN,2023,205542,52575,60448,29.44,30.48,0.05,1371.3,0,-0.3169,0.4894,0.0974,-1.514,-0.4984,-1.9697,0.0
C0121,AZ Community 121,AZ,2023,29204,5939,47248,35.78,16.84,2.282,1980.1,0,1.2845,-0.5634,-1.6426,-0.0564,0.8199,0.7681,0.0
C0122,WI Community 122,WI,2023,38009,7426,76844,19.69,26.42,4.651,3895.0,0,-0.0669,-0.5008,1.4001,1.6421,-0.2104,0.9345,0.0
C0123,MN Community 123,MN,2023,18636,4124,54993,26.49,28.36,1.917,185.3,0,1.5417,-0.9075,1.9871,0.2785,-0.1631,-1.0007,0.0
C0124,WA Community 124,WA,2023,20086,3900,70648,28.17,35.42,2.668,229.6,0,1.3517,-0.6744,-0.4585,0.4683,2.0355,0.5232,0.0
C0125,WA Community 125,WA,2023,79748,20214,52336,34.64,39.09,2.439,116.7,0,-1.267,0.0809,-0.6963,-2.5344,0.6862,-1.3905,0.0
C0126,GA Community 126,GA,2023,77056,15426,80085,27.88,39.6,4.176,562.3,0,0.0725,-0.4188,1.0211,0.4753,-1.0488,1.4339,0.0
C0127,WA Community 127,WA,2023,191671,39728,63214,32.09,36.18,2.347,722.3,0,0.1457,1.0205,-0.5398,1.3869,0.7868,1.0418,0.0
C0128,TX Community 128,TX,2023,169604,30913,47155,40.98,22.0,3.187,695.7,0,-0.2125,0.9394,2.1521,0.4871,-0.3047,0.3873,0.0
C0129,CO Community 129,CO,2023,74391,18179,52671,35.15,30.84,1.885,847.6,0,-0.192,0.7859,0.5632,0.3502,1.5867,-0.7711,0.0
C0130,OH Community 130,OH,2023,119292,32154,49748,36.42,33.89,0.702,451.7,0,0.1028,0.7583,0.805,1.0402,-0.1146,0.2569,0.0
C0131,IL Community 131,IL,2023,103912,20669,79851,20.94,29.95,2.184,388.7,0,1.2745,-0.0164,-0.0267,-0.531,1.6603,-0.2604,0.0
C0132,OR Community 132,OR,2023,20117,4452,82950,26.91,31.37,3.079,784.9,0,0.2422,0.5474,1.2281,1.4121,-0.0098,1.0402,0.0
C0133,MO Community 133,MO,2023,96145,18394,65002,36.01,25.86,1.679,2186.1,0,0.9106,-0.304,-0.1731,1.1371,1.5405,-0.6947,0.0
C0134,PA Community 134,PA,2023,54344,10193,69400,33.3,27.21,1.843,1036.7,0,-0.1612,-0.2501,1.538,1.9563,0.5292,0.2864,0.0
C0135,MO Community 135,MO,2023,20583,5066,29498,40.26,13.18,0.05,218.3,0,0.1843,-1.3929,-0.7746,1.1306,-1.0089,0.4282,0.0
C0136,NY Community 136,NY,2023,29950,6328,53303,31.07,34.62,0.836,313.2,0,-0.1182,0.3722,-1.1774,0.7461,-0.5871,-0.7581,0.0
C0137,CA Community 137,CA,2023,48596,11340,86992,18.81,45.41,3.13,1264.2,0,-0.7823,-0.094,-0.3633,-0.6362,0.0216,1.1894,0.0
C0138,TN Community 138,TN,2023,77776,18580,59006,32.46,29.18,2.572,4208.4,0,-0.2174,0.3213,0.3691,1.2034,-1.1346,0.0963,0.0
C0139,WA Community 139,WA,2023,122600,31591,63746,23.17,38.05,3.866,453.9,1,-1.8523,-0.2578,1.4855,0.1515,-0.9276,-0.7137,0.8157
C0140,TN Community 140,TN,2023,110451,24721,93455,23.44,39.25,4.127,234.2,1,0.1099,0.5565,0.9831,1.2553,0.1588,0.3707,0.9054
C0141,GA Community 141,GA,2023,15785,3409,82422,25.04,49.38,1.542,205.8,0,-0.854,0.5412,-0.4486,1.3144,0.0142,0.06,0.0
C0142,MA Community 142,MA,2023,104921,20633,54948,33.83,29.27,3.336,660.7,0,0.9289,0.4983,0.7294,0.8226,0.9011,0.5208,0.0
C0143,OR Community 143,OR,2023,42325,10498,74160,24.52,32.35,1.08,303.4,0,1.8756,-0.581,-1.6897,0.6761,-0.2318,0.5031,0.0
C0144,MI Community 144,MI,2023,177631,45701,72672,32.22,10.45,3.477,631.2,0,0.289,0.4278,0.0861,0.6949,-0.2234,-0.478,0.0
C0145,MO Community 145,MO,2023,53008,9477,75032,25.2,34.56,4.244,279.8,0,-0.3888,-1.7572,0.2122,-0.3973,-1.8641,-0.387,0.0
C0146,OH Community 146,OH,2023,216003,43422,85211,26.69,46.72,3.006,2864.1,3,0.9026,1.6529,0.5989,0.5391,-0.5,-0.8539,1.3889
C0147,TN Community 147,TN,2023,81642,16461,48369,35.6,14.46,0.05,1944.6,0,-2.3205,-1.1239,2.0463,0.2154,0.3036,-0.6165,0.0
C0148,IL Community 148,IL,2023,154150,29963,95869,24.28,36.58,4.69,1623.7,1,-0.0235,0.0777,-1.4921,-1.0278,-0.5013,-0.9781,0.6487
C0149,OR Community 149,OR,2023,30451,7272,38364,34.84,12.79,0.732,1135.7,0,0.4777,0.649,-0.382,1.0892,-0.0236,0.2477,0.0
C0150,NY Community 150,NY,2023,31371,6863,73944,24.43,31.21,2.998,799.4,0,-0.2019,1.1111,-2.2905,-0.8831,-0.4701,-0.8692,0.0
C0151,AZ Community 151,AZ,2023,22824,5385,31417,37.37,11.42,3.536,496.4,0,-0.4859,0.2392,-1.066,-0.0322,0.4056,-0.4781,0.0
C0152,TX Community 152,TX,2023,32518,7243,67862,22.86,38.72,4.097,400.3,0,-1.008,0.5128,-0.2711,-0.4694,-0.2952,0.7833,0.0
C0153,TX Community 153,TX,2023,74680,18878,81752,25.53,41.77,4.43,833.4,0,-1.0095,-1.6358,-2.1108,-0.3794,-0.2357,-0.4324,0.0
C0154,GA Community 154,GA,2023,70304,15401,70448,35.68,33.41,3.452,212.4,0,1.2336,-0.5238,1.7909,1.1515,1.6083,-0.1874,0.0
C0155,TN Community 155,TN,2023,57417,15298,84260,30.65,42.19,4.991,487.2,0,0.1985,-1.6443,0.9423,-0.2723,0.4586,0.6059,0.0
C0156,NY Community 156,NY,2023,57347,15048,83928,24.87,29.29,4.617,175.0,0,-1.0756,-2.1814,0.0888,-1.4909,2.4434,-0.4891,0.0
C0157,FL Community 157,FL,2023,61135,12397,95778,22.19,36.37,3.45,2353.0,0,0.72,0.3435,1.0662,0.7289,-0.7908,0.3322,0.0
C0158,OH Community 158,OH,2023,46026,11366,58191,29.31,24.07,0.05,554.1,0,-1.5963,1.3433,0.7453,-1.3863,0.3529,-2.7455,0.0
C0159,MN Community 159,MN,2023,87679,19461,57927,25.09,32.66,0.099,863.4,0,0.184,0.3321,-2.1758,-0.5953,-1.3027,-1.167,0.0
C0160,MI Community 160,MI,2023,63952,15746,86463,18.88,45.3,3.376,392.9,1,1.5091,0.5503,0.3025,-0.2231,0.3706,-0.195,1.5637
C0161,WI Community 161,WI,2023,59546,11001,58502,37.79,28.45,4.006,682.1,0,1.465,-0.5445,-0.5813,-0.4636,-0.0745,-0.5684,0.0
C0162,OH Community 162,OH,2023,53108,12538,73864,18.68,37.19,3.93,157.0,0,0.2848,1.8172,1.1224,-0.3369,-0.4494,-1.4269,0.0
C0163,CA Community 163,CA,2023,17611,3976,60501,35.62,38.99,1.927,725.1,0,-0.5277,0.0395,1.5616,0.6788,0.996,0.2543,0.0
C0164,CO Community 164,CO,2023,150235,34309,36772,32.75,24.11,0.782,2000.7,0,0.5707,-0.7392,-0.9843,0.5464,-0.2165,1.3454,0.0
C0165,NC Community 165,NC,2023,76402,20097,43828,36.42,26.04,0.05,365.8,0,-0.2969,-0.6507,-0.3348,-1.4515,-1.646,0.8405,0.0
C0166,AZ Community 166,AZ,2023,97474,18254,78506,28.75,30.06,4.89,842.8,0,0.7567,-1.1531,0.5702,1.3025,-0.3982,-0.4999,0.0
C0167,TX Community 167,TX,2023,54523,12867,87579,26.33,45.49,1.79,705.9,0,-1.667,1.4686,-0.1498,-0.3746,0.154,2.384,0.0
C0168,WI Community 168,WI,2023,25136,4960,84573,26.86,28.57,0.05,902.5,0,-1.1637,1.176,0.3064,-0.3782,-1.1076,-0.8932,0.0
C0169,NC Community 169,NC,2023,47999,9768,80882,31.72,49.43,3.758,794.3,1,0.5633,-0.2104,0.0409,-0.0055,-0.2807,0.4808,2.0834
C0170,TX Community 170,TX,2023,27353,6401,52875,33.13,27.91,0.198,4242.8,1,-0.4299,-0.0647,1.0246,-0.5397,0.2534,-1.3413,3.6559
C0171,CO Community 171,CO,2023,62305,11736,77706,26.54,32.56,0.05,369.3,0,-0.9021,0.2349,-1.2479,-1.8028,0.195,-1.7736,0.0
C0172,CO Community 172,CO,2023,50039,7854,40007,38.24,15.3,1.625,931.6,0,0.4572,0.4681,-0.5754,1.0516,-0.8364,-1.2225,0.0
C0173,WI Community 173,WI,2023,19546,4592,76536,21.06,36.5,3.178,704.4,0,0.502,-1.2989,0.6097,0.034,-0.3409,1.8684,0.0
C0174,MI Community 174,MI,2023,294253,73089,45570,35.49,25.88,0.482,221.3,0,0.2899,-1.3967,-0.2509,0.1638,-0.3952,0.4288,0.0
C0175,FL Community 175,FL,2023,167540,38341,89634,19.92,35.87,4.204,280.7,0,-1.2929,0.1027,-2.0581,-0.658,-0.9694,-0.4478,0.0
C0176,OH Community 176,OH,2023,61752,15010,69487,21.31,26.5,3.144,622.9,0,-1.9828,-0.5686,0.1047,0.5114,-0.9673,0.3358,0.0
C0177,FL Community 177,FL,2023,89597,16843,97214,26.24,44.21,3.029,2403.3,0,-0.0798,-0.8875,0.2968,0.1239,1.0549,-0.3025,0.0
C0178,FL Community 178,FL,2023,50329,12040,73857,34.63,26.99,1.78,259.2,0,-0.2022,-0.3029,-0.897,-0.1024,-1.1604,0.1549,0.0
C0179,NC Community 179,NC,2023,105031,20140,49053,31.91,22.84,2.157,622.8,0,-0.2658,1.2551,-0.8385,0.2237,-0.4458,1.0903,0.0
C0180,GA Community 180,GA,2023,41855,9028,57809,32.42,20.22,3.541,2788.5,0,-0.8416,0.1873,0.0961,0.4401,1.3768,-0.3874,0.0
C0181,OR Community 181,OR,2023,442398,90969,47039,28.8,32.54,1.893,680.1,0,-1.1279,-0.2989,-0.246,-0.6921,0.4577,-1.362,0.0
C0182,OR Community 182,OR,2023,434257,96630,48558,30.27,21.35,0.955,907.0,3,-0.5421,0.8128,0.4108,-1.0337,0.4349,0.9386,0.6908
C0183,WA Community 183,WA,2023,100637,23933,79624,25.65,28.65,3.479,1667.1,0,1.7576,-0.8882,-0.3071,0.7664,0.8598,-0.8393,0.0
C0184,IL Community 184,IL,2023,58828,8989,65748,27.43,41.87,3.964,354.6,0,0.7119,-0.3979,0.5068,-2.0532,0.202,-0.0199,0.0
C0185,NC Community 185,NC,2023,46698,9301,63061,27.92,25.17,1.402,216.3,0,0.7118,-0.9817,-1.9926,0.2852,-0.7422,-1.2243,0.0
C0186,VA Community 186,VA,2023,144304,34471,38697,36.47,23.51,0.05,103.5,0,0.2935,0.6167,0.1235,1.554,0.4975,-0.3099,0.0
C0187,WI Community 187,WI,2023,125311,28779,128036,6.48,57.73,6.352,2946.6,8,0.9406,-0.9673,-0.8767,-1.3977,-0.3943,1.4275,6.3841
C0188,MO Community 188,MO,2023,31231,6090,99010,15.15,42.77,5.27,813.1,0,-0.7063,0.047,0.3249,0.5683,-0.0137,1.771,0.0
C0189,IL Community 189,IL,2023,134726,28417,78188,23.22,27.46,2.922,4661.4,0,0.6723,0.9577,-0.1207,-1.2411,0.8364,-1.2143,0.0
C0190,AZ Community 190,AZ,2023,101691,21809,65183,24.52,29.7,1.827,201.6,0,0.3548,0.2061,0.0496,0.8462,0.4871,0.3464,0.0
C0191,NY Community 191,NY,2023,132320,29898,61800,31.05,35.66,1.369,5862.5,1,0.1933,-1.823,-2.4638,0.2836,-1.0661,0.6944,0.7557
C0192,AZ Community 192,AZ,2023,114737,22489,76712,22.93,34.17,2.91,640.8,0,0.9247,1.2828,0.5998,-0.9367,0.6592,0.6372,0.0
C0193,OH Community 193,OH,2023,68469,16124,49485,31.41,16.16,0.05,1536.4,0,1.0672,-1.9127,1.5776,0.6043,3.2934,-1.884,0.0
C0194,OH Community 194,OH,2023,129219,37679,97776,18.07,39.87,4.187,1550.7,1,-0.0743,0.0266,0.0536,0.967,0.2099,-0.9478,0.7739
C0195,CO Community 195,CO,2023,75646,14781,86445,27.79,54.67,1.716,270.4,0,0.7547,-0.358,0.4886,1.201,-1.7464,0.3694,0.0
C0196,NC Community 196,NC,2023,256628,73195,79816,20.73,55.45,1.654,125.1,2,-0.4738,-0.508,-0.3154,-0.4048,-0.0032,0.3379,0.7793
C0197,OR Community 197,OR,2023,78703,18486,70751,21.96,26.48,6.071,1155.0,0,-0.9745,-1.148,1.3606,-1.5682,-0.941,1.6732,0.0
C0198,CO Community 198,CO,2023,29850,6567,54408,32.95,36.61,0.05,120.6,0,0.5359,-0.972,-1.0149,-0.6716,1.0985,-1.3576,0.0
C0199,WI Community 199,WI,2023,24668,5177,113584,20.28,51.49,4.891,266.9,0,0.3428,0.1665,-0.6267,-0.7456,0.1304,1.1223,0.0
C0200,NC Community 200,NC,2023,20097,3895,45447,36.48,30.1,3.729,534.5,0,0.2259,0.0854,-0.6869,1.1976,0.142,-0.5862,0.0
C0201,CO Community 201,CO,2023,55277,11710,57690,26.11,40.13,1.31,482.8,0,-0.5045,-0.649,-0.9041,-0.6119,1.6221,-0.2374,0.0
C0202,MO Community 202,MO,2023,66445,13641,88634,22.37,43.38,5.168,673.5,0,-0.3818,0.3995,1.1306,-1.1131,0.2338,0.2063,0.0
C0203,CO Community 203,CO,2023,10226,2266,66091,25.82,35.82,0.05,308.5,0,-0.2288,-0.907,0.0524,-0.1718,0.852,-0.8074,0.0
C0204,MO Community 204,MO,2023,38086,9257,82668,29.97,38.57,2.557,557.6,0,0.8039,0.1149,0.0297,1.4354,-1.7053,1.6925,0.0
C0205,FL Community 205,FL,2023,25255,4527,88590,27.37,30.34,2.374,736.2,0,0.1802,-0.0208,-1.3831,1.0957,-0.5952,-0.7798,0.0
C0206,WI Community 206,WI,2023,40299,8378,59218,26.41,24.98,3.429,421.3,0,0.0449,0.4808,0.562,-1.3247,1.7833,1.374,0.0
C0207,PA Community 207,PA,2023,356534,65901,68670,28.18,27.28,3.388,579.8,0,0.4435,1.9208,-0.4897,0.9195,0.5218,-1.2538,0.0
C0208,TX Community 208,TX,2023,46447,9660,97829,16.68,32.84,3.912,2593.4,0,0.0945,-0.9901,1.1219,-0.2804,-1.5443,1.4642,0.0
C0209,NC Community 209,NC,2023,35165,7421,74217,26.33,26.95,2.501,7361.8,0,-0.1921,0.1978,0.1364,-1.228,-0.2587,-0.1529,0.0
C0210,TN Community 210,TN,2023,28263,6675,104090,22.25,42.41,1.705,354.3,0,0.5836,-0.268,-0.0238,-1.9634,-1.0015,-0.5608,0.0
C0211,GA Community 211,GA,2023,47379,9193,92311,16.34,39.13,3.591,1724.4,1,0.114,0.0052,-0.4779,-0.5131,0.6234,-0.0744,2.1106
C0212,NY Community 212,NY,2023,50802,12583,61875,28.06,33.48,2.55,115.7,0,0.8024,-1.2265,-0.3219,-0.2882,-0.1972,-0.8491,0.0
C0213,VA Community 213,VA,2023,183955,37871,97617,16.85,39.06,3.3,1356.6,0,1.1107,0.3939,-1.8358,0.1317,0.9712,-1.285,0.0
C0214,WI Community 214,WI,2023,36266,7394,75533,35.58,35.69,3.558,3213.5,0,0.6742,-0.005,0.0092,1.6356,0.1958,-0.6667,0.0
C0215,NY Community 215,NY,2023,31892,6682,50461,36.5,25.38,1.412,201.6,0,-1.1612,1.624,0.6764,-1.2605,0.5697,0.6924,0.0
C0216,FL Community 216,FL,2023,16956,3998,41289,27.8,19.09,0.05,761.9,0,0.6326,0.6452,-0.1245,-0.255,0.4339,1.4571,0.0
C0217,OR Community 217,OR,2023,25808,5571,70559,31.8,29.51,2.579,528.7,0,-0.9339,-1.0292,-0.0972,-1.0635,-1.3256,0.0301,0.0
C0218,MI Community 218,MI,2023,95824,18602,83012,27.17,39.77,3.193,2132.3,0,-1.036,0.3704,0.2958,-2.7026,-0.376,-1.9759,0.0
C0219,VA Community 219,VA,2023,58704,13164,33456,38.39,29.42,0.414,592.2,0,-0.3192,0.0994,-0.1654,0.6431,2.2667,1.3787,0.0
C0220,GA Community 220,GA,2023,171002,36067,53260,29.35,27.95,1.304,523.1,0,-0.251,-0.0946,-0.0061,2.0305,-1.2704,0.4111,0.0
C0221,NY Community 221,NY,2023,54292,10931,81446,29.59,30.08,3.738,301.0,0,-0.7151,1.5209,2.0529,-0.4026,0.6522,-0.2944,0.0
C0222,MO Community 222,MO,2023,37232,7765,100408,14.7,41.62,0.05,739.6,0,-0.1661,-0.8948,0.3166,0.2374,1.5071,0.4343,0.0
C0223,GA Community 223,GA,2023,75084,14408,33468,35.21,30.89,2.01,833.3,0,0.0503,0.2671,0.8373,-0.6768,-0.248,-2.2151,0.0
C0224,WI Community 224,WI,2023,70458,16639,59685,32.43,37.31,3.488,627.7,0,-0.9676,-0.2245,-1.3976,-0.3625,0.5284,1.3161,0.0
C0225,CO Community 225,CO,2023,140423,28660,60277,29.13,42.81,3.023,1079.4,0,0.7051,-0.7398,0.4629,0.4493,-2.3224,-0.4634,0.0
C0226,NY Community 226,NY,2023,63574,14568,33444,33.83,16.69,1.783,148.0,0,-0.2311,0.1204,0.9006,1.2923,1.1286,0.5427,0.0
C0227,GA Community 227,GA,2023,59284,12572,51332,42.91,26.03,0.888,250.9,0,0.9798,-0.5684,-2.5357,-1.7216,1.2238,-0.1014,0.0
C0228,WA Community 228,WA,2023,98235,17897,75154,22.99,48.36,1.664,2566.1,0,-0.5062,-0.0729,0.4912,-1.1173,-0.2532,0.5122,0.0
C0229,TN Community 229,TN,2023,96522,20114,64928,25.45,40.71,1.429,188.1,0,-0.8763,0.123,-0.6164,1.4077,-2.1591,1.3013,0.0
C0230,NY Community 230,NY,2023,79026,16827,99383,14.66,42.76,5.435,1649.4,0,1.0737,-1.254,-0.0681,0.8888,-1.0223,-0.7219,0.0
C0231,CO Community 231,CO,2023,509672,96581,125004,19.32,50.5,4.307,279.1,4,0.3854,-0.4053,0.5254,0.509,0.0708,0.1805,0.7848
C0232,PA Community 232,PA,2023,237549,57132,56326,34.33,31.67,4.085,1340.1,0,-1.3895,-0.5456,0.0166,0.6975,-0.8209,-0.82,0.0
C0233,GA Community 233,GA,2023,190451,46017,52575,28.77,17.95,0.791,234.2,0,-0.7869,-1.7322,1.2948,0.8266,0.7406,0.403,0.0
C0234,MA Community 234,MA,2023,28569,5205,50700,28.17,26.59,3.807,163.4,0,0.7049,-0.3931,-1.5272,-0.3231,-0.0576,2.1702,0.0
C0235,MA Community 235,MA,2023,137423,29077,96101,17.71,38.54,5.402,1850.8,0,-1.8073,-3.3649,1.5573,-1.5172,1.7404,0.0161,0.0
C0236,GA Community 236,GA,2023,60648,12826,103258,19.13,51.35,4.55,505.9,3,-0.7907,-0.8694,0.6189,0.1805,1.3062,-0.6016,4.9466
C0237,VA Community 237,VA,2023,14794,3563,66861,26.49,35.15,5.855,1941.0,0,2.0172,1.8188,-1.6318,-1.8031,1.3006,-0.5584,0.0
C0238,MI Community 238,MI,2023,43973,8622,42302,30.35,6.54,0.05,516.2,0,0.0659,-0.3322,0.7106,0.7144,-2.7296,-0.2335,0.0
C0239,IL Community 239,IL,2023,37659,6269,63102,26.11,20.48,1.654,432.6,0,-2.0904,0.4623,-1.3143,0.4912,-0.7475,-0.7065,0.0
C0240,AZ Community 240,AZ,2023,74876,14474,88712,19.15,22.24,3.465,511.6,0,0.7066,-1.7141,-0.107,0.908,-0.8726,-1.5852,0.0
C0241,MN Community 241,MN,2023,69018,15167,73465,27.72,41.82,1.384,1707.6,0,0.0778,1.2408,-0.724,-1.2758,-0.2108,0.0685,0.0
C0242,MI Community 242,MI,2023,60765,14945,56673,32.07,32.86,5.313,1694.3,0,-1.6866,0.2383,2.003,0.6759,-1.3845,-0.5508,0.0
C0243,TX Community 243,TX,2023,77255,16401,41104,22.17,36.5,4.344,510.0,0,-0.6447,-0.3665,1.398,-0.5692,-0.2668,-0.2363,0.0
C0244,VA Community 244,VA,2023,168489,35099,52246,27.1,28.64,0.433,283.3,0,-0.2451,-0.0124,0.9281,1.7327,-0.0256,-0.305,0.0
C0245,FL Community 245,FL,2023,67408,12174,48720,33.05,19.38,0.05,1020.4,0,-0.0811,-0.8487,2.089,-0.2646,-1.373,0.1634,0.0
C0246,NY Community 246,NY,2023,137587,32492,77170,22.44,36.2,4.42,289.0,0,-1.9167,-1.2377,0.861,0.7888,0.4817,0.4572,0.0
C0247,PA Community 247,PA,2023,133838,30974,53006,32.81,41.18,1.297,1678.6,0,-0.2733,1.4254,-0.4863,-0.2903,-0.2014,0.327,0.0
C0248,IL Community 248,IL,2023,136609,23175,65102,28.55,30.22,0.05,1056.4,0,-0.8654,-0.0764,2.368,-0.1262,0.009,-0.8054,0.0
C0249,CA Community 249,CA,2023,76946,19288,93543,20.11,35.24,3.411,703.1,1,0.5798,0.0841,0.3535,0.5266,-0.4856,0.2177,1.2996
C0250,OR Community 250,OR,2023,199925,39474,101885,22.35,43.43,3.241,149.0,1,1.1221,1.3609,0.3729,2.6576,-2.1746,-0.7705,0.5002
C0251,TN Community 251,TN,2023,44535,9489,74221,16.67,35.01,5.959,526.3,0,-1.3556,-1.9616,-0.5384,-0.3301,1.0522,0.0215,0.0
C0252,NY Community 252,NY,2023,104584,22128,74902,29.13,30.06,5.371,432.1,0,0.9986,-0.8622,0.7878,-0.7905,-0.7517,0.4874,0.0
C0253,CA Community 253,CA,2023,341884,86738,97104,16.01,34.54,3.042,6876.0,0,-0.1908,1.2044,-0.7094,0.108,0.6563,0.0636,0.0
C0254,CO Community 254,CO,2023,45108,8956,88206,20.81,44.39,1.971,866.7,0,1.1765,-0.0872,-0.4685,0.8616,0.2526,-0.4351,0.0
C0255,GA Community 255,GA,2023,64775,11846,54385,30.59,36.9,1.893,204.6,0,-0.3343,-0.2464,0.7659,-1.1737,1.1064,-0.7328,0.0
C0256,TX Community 256,TX,2023,53017,14341,51537,21.85,14.97,2.698,340.3,0,1.6283,0.2369,-1.2028,-1.6337,-0.277,-1.3064,0.0
C0257,WA Community 257,WA,2023,48411,8896,65016,32.36,30.24,2.713,487.4,0,-1.0263,0.3643,-0.5674,-0.3586,0.9965,1.9725,0.0
C0258,GA Community 258,GA,2023,132503,29394,92845,27.88,43.67,5.223,280.0,0,-0.0658,-1.5783,-0.8863,-1.314,0.9095,1.2342,0.0
C0259,NC Community 259,NC,2023,74523,15626,56777,26.36,33.23,5.317,1378.0,0,-0.1732,-1.092,0.9622,0.5079,-2.2504,-0.7509,0.0
C0260,IL Community 260,IL,2023,102191,23416,84286,23.63,32.33,1.93,231.9,0,-1.2154,-0.0033,0.6665,-0.8006,2.1259,0.5216,0.0
C0261,OH Community 261,OH,2023,38440,9425,72314,23.72,41.29,1.963,330.0,0,-1.2991,1.8148,0.5424,-0.742,1.3869,0.8058,0.0
C0262,IL Community 262,IL,2023,24985,4460,70430,23.74,30.75,2.975,41.9,0,0.3368,-1.4756,-0.7568,-0.3691,0.3832,-0.4069,0.0
C0263,NY Community 263,NY,2023,160711,34316,87176,21.89,45.44,5.924,219.8,3,2.2599,1.3832,2.3944,-0.489,1.8228,0.041,1.8667
C0264,CO Community 264,CO,2023,43937,11923,90237,23.31,39.03,1.444,288.4,0,-0.8892,0.9207,0.7401,-1.31,-0.022,-0.6219,0.0
C0265,WI Community 265,WI,2023,52317,11553,52741,27.53,37.04,1.588,786.5,0,-0.3143,-0.2232,0.3856,-0.0712,1.3275,-0.2466,0.0
C0266,GA Community 266,GA,2023,127439,26239,84804,27.02,42.6,4.367,3569.7,0,-0.1426,-0.5955,1.7077,0.7802,1.9239,-0.5154,0.0
C0267,VA Community 267,VA,2023,23731,4870,43880,35.73,23.56,0.05,300.2,0,0.0477,-0.0164,-1.053,-1.3165,0.6236,0.4711,0.0
C0268,WA Community 268,WA,2023,31492,6669,99579,24.21,34.44,0.866,1042.1,0,0.3961,-0.921,0.7522,-1.508,-0.1615,-1.2272,0.0
C0269,CO Community 269,CO,2023,27734,6323,87212,25.25,29.53,5.668,849.8,0,-0.2729,-1.3537,-0.1143,1.4711,1.5762,0.4595,0.0
C0270,AZ Community 270,AZ,2023,37721,9294,29860,36.9,14.93,0.05,3280.2,0,-1.6324,0.4779,-2.2238,-0.8625,0.055,1.4803,0.0
C0271,MA Community 271,MA,2023,76532,19622,51541,34.45,19.73,3.256,3904.4,0,0.4504,0.1151,-0.7951,0.4267,-0.7495,-0.7183,0.0
C0272,FL Community 272,FL,2023,56819,12033,55606,27.49,32.23,1.712,1432.6,0,-0.6429,-2.1609,2.2052,-0.7742,-0.8193,-0.465,0.0
C0273,GA Community 273,GA,2023,46150,9959,50795,27.75,13.48,2.472,1333.7,0,0.7497,-1.0388,0.9441,1.49,0.516,-2.3387,0.0
C0274,MO Community 274,MO,2023,130106,25794,54706,33.68,27.62,0.833,3701.4,1,-0.3422,-1.6298,1.0405,-1.2281,-1.3751,0.3527,0.7686
C0275,WI Community 275,WI,2023,59980,14012,74918,24.26,29.64,3.013,679.3,0,0.2188,1.6833,-0.0568,0.7689,0.618,-1.1005,0.0
C0276,NC Community 276,NC,2023,70249,15006,85771,18.49,43.86,3.17,803.6,0,1.7138,1.1897,-0.0287,0.8993,-0.6038,1.2735,0.0
C0277,WA Community 277,WA,2023,86933,21791,83906,18.04,35.58,3.373,617.1,1,-0.1246,-1.616,0.8343,-0.6544,0.0152,-1.0738,1.1503
C0278,OR Community 278,OR,2023,58479,14408,49888,27.28,33.79,2.744,1005.3,0,-0.2954,-0.2973,0.2198,0.2795,0.649,-1.4343,0.0
C0279,WA Community 279,WA,2023,160188,40415,80524,25.73,31.46,2.159,593.4,0,-1.0077,0.6819,1.2025,-1.4532,0.5839,1.405,0.0
C0280,MN Community 280,MN,2023,51452,11443,54446,32.66,23.53,1.503,1507.7,0,0.8266,-0.1807,0.1539,1.3695,2.3605,-1.9423,0.0
C0281,GA Community 281,GA,2023,26013,6679,74021,22.57,42.0,1.881,4558.5,0,-0.7379,1.5815,-1.415,-0.0646,0.7888,0.1717,0.0
C0282,CA Community 282,CA,2023,43562,8378,71197,26.81,33.51,3.292,3035.8,0,-0.8076,0.4946,1.1013,1.211,0.9974,0.0906,0.0
C0283,MN Community 283,MN,2023,26512,5602,80899,21.61,21.87,5.531,2288.5,0,0.5357,-0.3573,0.6259,0.1703,0.9008,-0.0465,0.0
C0284,PA Community 284,PA,2023,132038,31528,39228,31.49,24.34,0.05,199.5,0,-1.0881,-1.0245,-0.6838,1.5318,1.1226,-1.0778,0.0
C0285,CA Community 285,CA,2023,26952,6200,23553,34.84,11.07,0.293,379.3,0,-0.7032,0.7476,0.9885,-1.9309,0.6424,0.7354,0.0
C0286,NC Community 286,NC,2023,82576,15267,65750,21.5,31.32,5.639,225.6,0,-0.5929,1.161,-1.0011,-1.3057,-0.1697,0.9912,0.0
C0287,OH Community 287,OH,2023,73767,14277,95567,20.32,27.43,5.838,721.0,0,-0.9969,-0.3413,1.5717,-0.1884,-0.2594,-0.8455,0.0
C0288,FL Community 288,FL,2023,190294,45295,34620,38.09,19.02,0.05,403.0,0,-1.0141,-0.279,2.1703,-1.5962,2.2384,-1.043,0.0
C0289,AZ Community 289,AZ,2023,24332,5065,53180,35.25,29.22,3.188,4748.9,0,0.2392,1.2531,-0.3119,-0.2572,0.3548,-1.9748,0.0
C0290,AZ Community 290,AZ,2023,69311,16318,46950,32.54,16.59,0.05,1818.5,0,0.3153,-2.2387,-2.0029,0.0173,-0.037,0.8848,0.0
C0291,OH Community 291,OH,2023,40060,9596,79781,21.71,30.56,3.096,1943.2,0,-0.1042,0.0433,1.5392,0.4676,-0.4142,-1.0771,0.0
C0292,WI Community 292,WI,2023,55673,12186,82117,23.6,43.13,5.247,124.8,0,0.1089,0.5125,0.876,0.6949,-0.818,1.015,0.0
C0293,NY Community 293,NY,2023,40929,9812,67968,32.88,26.56,1.271,303.0,0,0.9984,0.3628,0.1222,1.0592,-1.3572,-1.0283,0.0
C0294,MO Community 294,MO,2023,42153,9213,58852,30.58,35.04,0.05,843.3,0,2.0545,-0.3795,-0.2852,1.0774,0.2884,-1.2827,0.0
C0295,MA Community 295,MA,2023,54323,12101,64154,32.38,23.75,6.577,247.0,0,-0.93,-0.4188,-0.6869,-0.2784,-1.0222,0.93,0.0
C0296,VA Community 296,VA,2023,17055,3938,85004,19.94,38.91,1.936,294.6,0,-0.6005,0.4157,-0.644,1.3384,-0.8546,1.1526,0.0
C0297,MA Community 297,MA,2023,50311,12092,35349,34.68,28.81,2.326,949.6,0,1.2258,0.7333,0.2332,-0.5807,0.0016,2.0547,0.0
C0298,CO Community 298,CO,2023,13207,3004,91448,23.15,59.71,3.759,2973.4,0,-0.285,1.9003,-0.8705,-0.3841,-0.1625,0.3814,0.0
C0299,CA Community 299,CA,2023,16269,3545,66080,28.46,27.96,2.338,745.7,0,0.4896,-0.4046,2.015,-0.0305,0.3877,-0.6702,0.0
C0300,IL Community 300,IL,2023,14103,2893,71856,16.12,46.96,1.141,278.8,0,0.0138,-1.8657,-2.0107,-1.8309,-0.4994,-1.2012,0.0
C0301,MO Community 301,MO,2023,35439,8004,64876,26.63,30.51,2.371,1708.1,0,0.3687,0.5458,-0.0441,0.2678,-1.3483,-0.4049,0.0
C0302,AZ Community 302,AZ,2023,148233,29495,40730,37.89,36.77,1.207,1219.8,0,0.2235,1.1909,0.6134,0.0955,-0.8258,-0.5813,0.0
C0303,WA Community 303,WA,2023,300492,64977,61756,21.88,32.7,3.932,1040.2,2,1.4247,0.4766,2.3386,-1.5466,-0.3777,0.5686,0.6656
C0304,FL Community 304,FL,2023,44952,9416,46323,25.29,19.42,4.174,138.2,0,-1.2076,0.6634,0.7982,0.8215,-1.5072,-0.5998,0.0
C0305,GA Community 305,GA,2023,40553,8936,48241,32.33,27.47,0.057,351.0,0,0.8056,-2.0279,0.1965,0.2109,0.0084,-0.5327,0.0
C0306,PA Community 306,PA,2023,30795,8145,112305,10.59,43.71,4.498,506.6,0,0.0402,2.0015,-0.9517,-0.7078,-0.4076,1.4314,0.0
C0307,WI Community 307,WI,2023,81906,17107,115355,16.63,51.95,3.058,264.2,0,0.6548,-0.9258,-1.8304,0.7666,-0.4805,0.8917,0.0
C0308,FL Community 308,FL,2023,36323,7186,69776,29.64,34.27,3.244,184.0,0,-0.8992,0.6562,1.0622,1.0678,1.5548,0.2431,0.0
C0309,TN Community 309,TN,2023,66942,14422,75146,23.16,40.34,1.976,4405.0,0,-1.0374,0.0092,0.0445,-0.602,-0.1657,-0.0499,0.0
C0310,OR Community 310,OR,2023,67818,12960,64366,29.93,41.58,3.903,1600.9,0,0.1617,0.2988,-1.4624,0.0645,0.0252,-2.0316,0.0
C0311,FL Community 311,FL,2023,128333,31045,71344,25.05,36.72,0.711,1267.3,0,1.63,-2.0507,-0.808,-0.2169,1.3353,0.3086,0.0
C0312,FL Community 312,FL,2023,25109,4825,103689,30.23,42.75,3.162,615.3,0,0.9148,-0.9706,-0.6407,1.4074,-0.5109,1.6931,0.0
C0313,GA Community 313,GA,2023,41878,7949,25578,35.11,6.0,2.388,1449.8,0,-1.3419,0.6071,-1.3648,0.489,0.7246,-1.1813,0.0
C0314,TN Community 314,TN,2023,70294,16391,54377,39.26,24.91,2.2,1106.4,0,0.3137,-0.5225,-0.9724,-0.1598,0.8997,0.0722,0.0
C0315,IL Community 315,IL,2023,81594,20611,95826,13.58,46.13,4.887,150.4,1,1.67,0.8542,1.6732,1.0118,0.6238,-0.1696,1.2256
C0316,TX Community 316,TX,2023,51398,13472,64702,31.37,33.82,0.05,4361.4,0,0.2746,-0.5704,0.7745,-0.3776,-0.2732,0.6962,0.0
C0317,AZ Community 317,AZ,2023,21383,4355,95321,20.55,52.43,5.703,199.8,0,1.3281,1.0228,-0.0686,0.9183,1.0765,0.2341,0.0
C0318,CA Community 318,CA,2023,78719,16805,50219,33.96,33.23,0.529,231.9,0,1.6432,0.3125,-0.2862,-0.4213,1.0078,-1.5078,0.0
C0319,MO Community 319,MO,2023,41367,9502,68143,24.1,29.65,3.523,344.5,0,-0.0483,-0.6931,-2.2177,-0.2927,-0.1756,0.1366,0.0
C0000,MN Community 000,MN,2024,90477,19140,38745,32.93,17.19,0.801,87.0,0,-1.322,1.201,1.243,-1.1995,-0.628,-1.6828,0.0
C0001,VA Community 001,VA,2024,55908,11138,79543,28.2,38.76,4.357,1824.5,0,0.2481,-0.912,1.7295,-0.4322,-1.0253,0.7907,0.0
C0002,TN Community 002,TN,2024,15212,3126,86519,24.0,40.63,0.773,254.5,0,0.6409,0.1982,-0.5679,-0.2871,-0.1224,-2.0031,0.0
C0003,VA Community 003,VA,2024,26561,5536,70085,30.76,31.2,1.856,2243.1,0,-2.0242,-0.5583,-0.9874,0.1477,-0.7484,1.1962,0.0
C0004,MA Community 004,MA,2024,103828,26326,84726,28.5,47.2,2.292,4296.1,0,-1.152,-1.4226,1.1614,-0.0336,-0.3321,0.5929,0.0
C0005,AZ Community 005,AZ,2024,145116,34888,79553,20.82,42.86,3.774,1017.2,1,-0.232,1.0438,1.3388,0.2481,-1.4708,-3.3174,0.6891
C0006,TX Community 006,TX,2024,59936,13799,75669,24.48,48.55,6.006,1095.8,0,0.3253,-0.0347,-0.7379,-0.3146,1.653,0.4366,0.0
C0007,WA Community 007,WA,2024,8682,2128,71526,26.49,26.5,2.981,39.4,0,-0.6129,-0.9392,-0.7579,1.0743,0.1444,-0.0488,0.0
C0008,MN Community 008,MN,2024,37786,7639,78379,18.25,36.72,2.245,220.5,0,0.8423,0.0068,0.6138,0.3712,0.7387,-0.0168,0.0
C0009,NY Community 009,NY,2024,59993,15788,85511,26.77,34.29,4.059,901.7,0,1.1459,-1.1134,1.4637,-0.7758,-0.906,2.8836,0.0
C0010,OR Community 010,OR,2024,53452,12388,85829,21.05,27.35,4.404,1652.7,0,-0.5243,1.1493,0.9213,0.0516,-0.3271,-0.1843,0.0
C0011,CO Community 011,CO,2024,123426,26765,23437,28.44,17.7,0.063,734.4,0,0.2707,-1.0576,-0.9256,0.9494,-1.7024,-0.3738,0.0
C0012,PA Community 012,PA,2024,197212,44155,57655,26.48,31.03,1.854,271.4,0,-2.4102,0.5235,-0.2527,1.1594,-0.4848,-2.7735,0.0
C0013,OR Community 013,OR,2024,92381,23862,80397,25.85,31.65,4.726,2964.5,0,-0.4512,1.1574,-0.4003,2.3557,-0.5574,1.5388,0.0
C0014,TN Community 014,TN,2024,95364,24103,40245,30.73,24.95,1.636,1199.6,0,0.1797,0.7021,0.3725,-0.515,2.0361,-1.432,0.0
C0015,MA Community 015,MA,2024,23721,5151,74422,27.66,31.31,1.659,2270.7,0,-1.3918,-1.5393,-0.1904,-0.3873,-1.6583,0.5737,0.0
C0016,AZ Community 016,AZ,2024,55390,12288,50218,31.6,21.17,1.039,1703.7,0,-1.4607,-0.0981,0.2082,-0.5045,-1.0603,-1.0016,0.0
C0017,MN Community 017,MN,2024,14558,3271,98740,25.41,37.42,4.279,1136.0,0,-1.7991,0.9005,-0.3212,0.943,-0.2739,1.5951,0.0
C0018,TX Community 018,TX,2024,59912,11409,73047,24.2,45.07,2.2,1220.6,0,-0.5973,-0.7488,0.7466,-0.6181,-0.1926,-1.0828,0.0
C0019,OH Community 019,OH,2024,66318,16206,61822,28.31,30.25,2.378,568.5,0,0.1242,0.7283,1.0603,0.8775,0.6466,-0.055,0.0
C0020,NC Community 020,NC,2024,200909,41085,82904,22.9,31.0,1.94,82.8,0,0.5343,-0.1332,0.8274,-0.2113,1.3197,-1.1435,0.0
C0021,FL Community 021,FL,2024,174186,29143,91502,27.66,49.35,3.575,1701.3,0,-0.865,1.4502,-0.3242,0.8386,1.4835,-0.2052,0.0
C0022,TX Community 022,TX,2024,213410,43177,82438,23.6,40.89,4.456,942.0,2,0.4829,0.8136,0.5115,-0.5318,1.6588,0.7902,0.9372
C0023,TN Community 023,TN,2024,86616,20208,61237,23.18,25.13,0.05,1865.8,0,0.2888,-0.1017,-0.6225,-0.4711,0.9766,0.8126,0.0
C0024,IL Community 024,IL,2024,13177,2905,40009,37.34,22.0,3.105,521.3,0,-0.0672,0.6469,0.5697,0.4021,1.1376,-1.8854,0.0
C0025,TX Community 025,TX,2024,126140,25979,78950,20.14,23.94,0.976,188.8,0,-0.8304,1.4904,0.8327,0.5303,1.8532,-1.0144,0.0
C0026,MN Community 026,MN,2024,170833,34378,84234,19.92,25.09,3.433,6780.2,0,1.2264,0.3731,-0.8605,-0.7707,0.1201,0.6349,0.0
C0027,AZ Community 027,AZ,2024,80839,15715,95534,23.4,45.81,4.909,439.5,0,-1.1377,0.7705,0.049,-0.0657,0.0127,0.3614,0.0
C0028,WA Community 028,WA,2024,172437,48302,86362,17.71,24.99,3.862,1173.2,2,-1.8589,-0.6562,0.6587,-0.8253,-0.711,0.8773,1.1598
C0029,NC Community 029,NC,2024,57999,10851,136106,12.12,66.25,5.774,1891.2,6,-1.055,0.4612,-0.5965,-1.6988,0.1283,1.5489,10.345
C0030,OH Community 030,OH,2024,72254,16993,70474,24.13,20.13,2.7,810.8,0,0.9624,0.9555,-1.2148,-0.353,-0.57,0.6694,0.0
C0031,MI Community 031,MI,2024,125333,22897,72413,27.12,43.59,5.334,251.8,0,1.1415,-0.9146,0.132,-0.996,0.9023,0.9064,0.0
C0032,MI Community 032,MI,2024,94826,22844,82455,28.43,41.79,2.004,383.5,0,0.3928,-1.1746,-0.5311,0.6898,0.7742,1.8475,0.0
C0033,MN Community 033,MN,2024,30788,6367,73997,18.13,29.2,4.388,1248.2,0,0.0243,0.0623,-2.0118,-0.962,0.2919,-1.8656,0.0
C0034,OH Community 034,OH,2024,41010,9158,36596,38.58,17.2,0.05,249.6,0,0.3081,-0.2475,1.2795,1.6252,0.0786,0.146,0.0
C0035,NC Community 035,NC,2024,89556,23372,69541,27.04,21.33,4.541,1939.2,0,0.2927,-1.8713,0.1352,-1.057,-1.034,0.7946,0.0
C0036,MA Community 036,MA,2024,174878,38703,67970,29.11,24.93,0.855,1569.0,0,-0.8277,-0.2761,0.0457,0.3073,-0.8542,0.2448,0.0
C0037,MI Community 037,MI,2024,49072,11124,78289,26.44,42.49,3.215,235.4,0,0.4653,2.4324,2.7662,-0.8231,-0.3184,0.6357,0.0
C0038,OH Community 038,OH,2024,71434,17746,118444,8.02,53.98,2.956,1793.0,0,0.2404,-0.9513,1.7283,1.1358,-0.5296,-1.861,0.0
C0039,NY Community 039,NY,2024,99416,21871,61504,22.02,19.44,2.345,2313.6,0,-0.1605,-0.752,-1.714,0.8847,0.946,0.5982,0.0
C0040,MN Community 040,MN,2024,62207,17150,46412,31.45,37.21,3.949,1754.8,0,1.412,0.7047,0.1393,0.3618,0.07,-1.7528,0.0
C0041,VA Community 041,VA,2024,134926,35648,97868,25.23,42.22,6.109,5564.2,1,0.2006,-1.1162,-1.2758,-0.1456,0.979,0.3003,0.7411
C0042,CO Community 042,CO,2024,50779,11063,96508,28.82,41.05,3.499,517.7,0,-0.3177,0.6534,0.3514,-1.1576,-0.4859,0.2667,0.0
C0043,IL Community 043,IL,2024,35191,8380,89516,24.2,25.76,0.722,567.7,0,0.2969,1.0217,1.5989,0.8088,-1.9809,-0.2105,0.0
C0044,FL Community 044,FL,2024,25552,6093,51987,30.88,20.99,0.05,203.3,0,0.0606,0.4098,0.4782,-0.8771,1.5742,0.4887,0.0
C0045,GA Community 045,GA,2024,28618,7854,22000,44.98,18.68,4.032,851.6,0,-0.5019,0.2348,1.1347,-0.0852,-2.4637,0.3556,0.0
C0046,NY Community 046,NY,2024,41142,10375,93581,21.16,37.95,3.972,569.6,0,-0.8706,-1.5289,-0.1987,1.0489,-0.1736,0.1145,0.0
C0047,WA Community 047,WA,2024,59770,11292,61813,24.63,29.77,1.692,444.7,0,-0.1136,0.9469,0.6569,-0.7758,0.6724,-0.8305,0.0
C0048,WI Community 048,WI,2024,6588,1374,55339,29.52,20.47,0.05,2290.4,0,0.1283,0.398,1.2188,-0.5469,0.3629,1.138,0.0
C0049,AZ Community 049,AZ,2024,50235,9975,55848,32.45,19.64,0.586,13144.3,0,0.496,-0.1212,-0.5796,0.327,-1.8081,0.0218,0.0
C0050,CA Community 050,CA,2024,52372,13631,22000,32.75,6.0,0.834,474.8,0,-0.5678,-0.562,-0.4561,-1.1323,-1.5571,1.4978,0.0
C0051,MI Community 051,MI,2024,7747,1552,50193,40.34,26.06,1.57,233.2,0,0.1401,-0.2726,-1.4461,-0.3078,0.0321,0.5229,0.0
C0052,AZ Community 052,AZ,2024,52672,11043,58282,31.19,32.5,1.865,1855.8,0,1.1841,0.265,-1.5347,-0.6855,2.5182,0.0348,0.0
C0053,MN Community 053,MN,2024,77344,15612,56546,32.73,38.06,3.941,235.7,0,0.0249,-1.785,0.724,0.1526,1.1301,0.8825,0.0
C0054,NY Community 054,NY,2024,42383,10018,39611,43.8,13.94,0.725,3192.3,0,0.0893,-1.0138,-0.9883,0.1894,-0.8625,1.7217,0.0
C0055,GA Community 055,GA,2024,32713,5944,37716,39.45,9.36,3.067,694.9,0,0.7471,1.1826,-0.1981,-0.5141,-1.1399,-0.9259,0.0
C0056,MI Community 056,MI,2024,6492,1354,69276,26.18,36.71,2.041,1099.5,0,-1.0007,0.5252,1.375,1.4601,0.3582,1.2371,0.0
C0057,WI Community 057,WI,2024,41705,10661,79869,25.23,27.41,5.01,470.1,0,0.3606,0.474,-0.014,1.9391,-0.0012,0.5762,0.0
C0058,TN Community 058,TN,2024,127181,27031,81235,27.26,48.19,4.4,148.3,0,0.516,-0.444,-0.283,-0.9996,1.0961,0.7395,0.0
C0059,GA Community 059,GA,2024,26864,5712,52363,30.73,33.21,2.148,1154.6,0,0.5909,-1.9895,0.5023,1.664,-0.416,1.2466,0.0
C0060,TN Community 060,TN,2024,57564,13592,69120,24.14,27.08,2.78,456.8,0,-0.5301,-0.4082,-0.2184,0.3529,-0.4497,0.0416,0.0
C0061,GA Community 061,GA,2024,90575,22736,86466,21.82,27.63,2.508,672.6,0,0.2731,1.1275,-0.302,1.884,0.7793,-0.2275,0.0
C0062,FL Community 062,FL,2024,94925,18386,85904,28.26,37.53,5.969,2026.0,0,0.8175,-0.4596,-0.5378,-0.5782,0.6289,0.1548,0.0
C0063,AZ Community 063,AZ,2024,103746,22799,104404,19.82,44.44,2.848,1143.8,1,-0.4571,-0.9769,-0.8713,-0.6571,0.5077,-0.8434,0.9639
C0064,TX Community 064,TX,2024,39495,8737,65831,27.84,29.24,2.633,798.9,0,-0.0466,-0.4778,1.2887,1.2991,0.1897,0.8843,0.0
C0065,VA Community 065,VA,2024,112859,23459,73956,26.03,46.24,3.328,1480.1,0,1.7813,-2.0023,0.2435,-0.1445,0.9725,0.7621,0.0
C0066,IL Community 066,IL,2024,158436,33075,82342,28.06,33.68,0.736,1770.0,1,-0.456,-1.2752,0.1206,0.2586,1.8124,1.6412,0.6312
C0067,VA Community 067,VA,2024,104201,24129,45281,38.57,25.06,1.06,4644.9,0,1.7279,2.1842,0.9524,0.9071,-2.8074,0.6492,0.0
C0068,NC Community 068,NC,2024,38989,7607,106516,13.51,61.7,3.558,258.5,1,1.1292,1.1309,0.6188,-0.6049,1.6385,-0.3064,2.5648
C0069,MO Community 069,MO,2024,58945,11313,102395,20.97,56.28,4.888,73.0,0,-0.3776,-0.2912,-1.769,0.1015,-1.3927,0.8856,0.0
C0070,CO Community 070,CO,2024,27480,7099,65907,32.06,40.2,0.2,539.8,0,-1.8567,0.0726,0.6971,1.0117,0.9463,1.3585,0.0
C0071,MN Community 071,MN,2024,100912,20502,70445,31.84,38.0,1.72,2738.7,1,0.3586,-0.4284,0.8821,-1.9314,0.7586,1.7069,0.991
C0072,TN Community 072,TN,2024,32053,6611,109653,12.57,46.87,4.029,724.3,0,-0.223,-0.2997,-0.5094,0.2345,0.1587,-0.2045,0.0
C0073,NC Community 073,NC,2024,86903,19479,55363,35.59,26.99,2.628,1058.8,0,-0.59,-0.5958,0.7358,-0.6646,-0.5709,-1.0806,0.0
C0074,NC Community 074,NC,2024,105349,22946,61787,33.85,48.24,0.077,2647.2,0,-1.2494,0.0282,1.2309,0.1644,0.3455,0.596,0.0
C0075,CA Community 075,CA,2024,8025,2289,66313,21.75,31.15,1.652,365.0,0,-1.8872,1.1134,0.0775,-0.2656,-0.5016,0.4679,0.0
C0076,OH Community 076,OH,2024,267114,65215,108004,20.08,46.05,3.99,869.9,0,0.4853,-0.0266,-0.505,1.8652,-1.1854,-1.6071,0.0
C0077,OH Community 077,OH,2024,64196,13175,37916,33.22,19.44,3.602,99.7,0,-0.3307,-0.7937,1.3692,1.4503,3.7315,-0.0433,0.0
C0078,MN Community 078,MN,2024,17591,4044,96525,20.35,45.71,4.494,9866.5,0,0.2079,2.0023,-1.0002,0.5557,0.2095,-0.0488,0.0
C0079,MA Community 079,MA,2024,37621,9283,41007,30.06,34.77,1.231,639.7,0,0.937,-0.8032,1.1997,0.8509,0.5566,1.4583,0.0
C0080,VA Community 080,VA,2024,59813,13174,76999,27.63,31.78,1.988,1055.4,0,-1.6112,0.1869,-0.3675,0.5576,0.2696,0.4341,0.0
C0081,NC Community 081,NC,2024,36196,7939,36934,34.82,6.0,2.87,345.4,0,-0.1489,0.0885,-0.6251,-1.0335,0.8549,0.7482,0.0
C0082,GA Community 082,GA,2024,42646,9603,59674,29.45,25.84,1.669,2996.5,0,0.0297,0.1221,-0.7646,0.5603,-1.7527,-2.2478,0.0
C0083,WA Community 083,WA,2024,34811,6381,75521,20.42,27.68,3.317,217.3,0,1.3744,-1.3854,0.1989,0.7975,-1.2745,-0.2343,0.0
C0084,OR Community 084,OR,2024,78048,19715,87996,20.97,42.08,1.642,185.7,0,0.3674,0.791,0.3,1.5553,-1.5961,-1.1334,0.0
C0085,IL Community 085,IL,2024,125157,21807,58110,30.01,29.51,0.053,507.2,0,0.3292,-0.3463,0.3002,-0.0925,-0.172,0.1572,0.0
C0086,WA Community 086,WA,2024,102015,23059,81810,26.17,39.48,1.27,1256.0,1,1.8563,2.5161,-0.4214,-0.1798,0.1679,1.6619,0.9802
C0087,OH Community 087,OH,2024,197574,40463,37102,30.2,26.75,0.05,559.3,0,1.0788,0.0965,-0.5411,-0.5336,-0.0698,1.6777,0.0
C0088,NC Community 088,NC,2024,67160,15579,56033,33.89,22.96,2.902,1208.7,0,0.9623,1.1986,-0.7639,-0.9369,1.0337,1.3809,0.0
C0089,MI Community 089,MI,2024,75241,15952,37054,32.18,21.42,1.697,1293.4,0,-0.9093,0.6074,-0.9595,0.5405,0.9576,0.4295,0.0
C0090,MO Community 090,MO,2024,80329,17034,71798,20.68,35.75,2.673,994.1,0,-0.2149,1.7048,0.8111,1.0139,-0.0569,0.6281,0.0
C0091,FL Community 091,FL,2024,30539,5541,57843,33.06,33.33,3.675,548.6,0,-1.8873,-1.212,-1.1179,-0.5298,0.2824,-0.0515,0.0
C0092,AZ Community 092,AZ,2024,157996,36816,103808,16.93,34.56,2.873,143.5,0,0.5224,-0.2103,-0.0677,-0.2614,0.655,1.6688,0.0
C0093,MO Community 093,MO,2024,97624,14609,75144,25.61,38.22,3.544,497.4,0,-0.1113,0.7917,0.3482,-0.9402,0.1061,-2.2542,0.0
C0094,PA Community 094,PA,2024,131048,30956,61671,31.47,40.11,2.247,657.4,0,0.4742,0.0668,0.6127,-1.5633,-1.3771,0.4021,0.0
C0095,MO Community 095,MO,2024,35440,7895,44488,37.25,18.5,0.05,561.7,0,0.0479,0.1349,-0.0242,0.3046,-0.4358,-1.7018,0.0
C0096,WA Community 096,WA,2024,85927,15813,59766,28.25,28.01,2.678,413.5,0,-1.26,0.5835,-0.2977,1.092,1.8623,-0.7117,0.0
C0097,MI Community 097,MI,2024,24964,5569,74276,23.61,32.82,3.885,4840.4,0,-0.4186,-0.4172,-1.5471,-0.5539,0.9395,0.5187,0.0
C0098,TN Community 098,TN,2024,15313,2907,78538,25.78,29.74,2.678,1058.9,0,-0.6876,-0.632,1.3466,-0.4145,0.929,-1.7626,0.0
C0099,OR Community 099,OR,2024,86618,18362,49118,31.8,24.37,4.287,1481.9,0,0.6965,-0.0421,0.6757,1.25,-0.564,0.244,0.0
C0100,AZ Community 100,AZ,2024,110837,25909,44919,31.92,27.08,0.608,235.2,0,1.703,-0.9724,-1.4036,-0.0303,-0.2765,0.5634,0.0
C0101,MA Community 101,MA,2024,202520,45040,44696,26.5,16.86,1.609,380.9,1,0.0029,-0.3527,-1.8164,-0.5414,1.0283,0.2409,0.4938
C0102,MN Community 102,MN,2024,93506,24326,56326,28.71,33.77,0.05,1191.4,0,-1.3006,1.5304,0.5251,0.4543,-0.7962,-0.1346,0.0
C0103,OH Community 103,OH,2024,70217,16008,38687,27.78,29.21,2.915,4125.1,0,-2.0174,-1.0789,0.0461,0.9436,-0.2913,0.7859,0.0
C0104,FL Community 104,FL,2024,59292,10644,45653,27.74,23.5,1.807,888.6,0,-0.8432,-1.1353,0.4668,-0.1789,-1.0905,0.1955,0.0
C0105,PA Community 105,PA,2024,72521,17321,23329,35.91,10.45,2.01,6808.9,0,0.6435,0.4035,0.9334,1.2038,-0.2496,-0.1858,0.0
C0106,VA Community 106,VA,2024,22196,4485,65107,28.67,36.06,1.987,321.2,0,0.3907,1.0865,0.0402,0.8498,0.5015,0.175,0.0
C0107,NY Community 107,NY,2024,40077,9832,97286,13.27,49.29,5.276,823.4,0,0.5413,-0.4434,-0.1614,1.3009,1.6664,-0.6945,0.0
C0108,GA Community 108,GA,2024,17737,3998,100949,23.82,50.06,4.009,122.5,0,0.0112,-0.9345,0.372,0.39,1.0616,1.0604,0.0
C0109,CO Community 109,CO,2024,79926,18944,110735,14.87,41.11,1.481,1075.0,0,2.9882,0.1402,-0.6074,0.8976,0.3983,0.1497,0.0
C0110,NY Community 110,NY,2024,7902,1774,89730,25.67,43.12,5.08,2661.5,0,-1.1198,-0.6651,0.0651,0.9354,-1.208,0.4809,0.0
C0111,GA Community 111,GA,2024,29091,6419,43211,38.81,16.84,1.576,2184.4,0,2.4004,0.9081,-1.9478,0.4545,0.0303,0.4765,0.0
C0112,MA Community 112,MA,2024,84761,17985,70443,30.44,31.71,4.449,97.5,0,1.4685,0.1806,0.0697,-2.3393,-1.4916,-0.477,0.0
C0113,NC Community 113,NC,2024,6461,1659,56774,27.05,21.43,2.092,826.5,0,0.4689,-1.4951,0.5512,1.7832,-0.5406,-0.5928,0.0
C0114,WI Community 114,WI,2024,31234,6339,70354,25.81,40.86,3.627,85.5,0,1.3777,-0.8168,0.5326,0.0445,-1.7182,-1.0835,0.0
C0115,NY Community 115,NY,2024,54770,11490,63231,22.82,30.69,1.614,1023.4,0,-1.9046,-1.1034,1.9967,0.371,-0.1829,-0.0668,0.0
C0116,OR Community 116,OR,2024,60782,11085,75306,32.22,46.41,1.563,1518.4,0,-1.727,-0.1619,1.4745,0.9534,1.7561,0.4462,0.0
C0117,TX Community 117,TX,2024,29572,6349,74066,15.39,41.61,2.874,662.1,0,-0.8339,-0.7172,0.8385,0.8201,0.2714,-0.1528,0.0
C0118,IL Community 118,IL,2024,137867,24186,117516,13.03,55.3,3.172,71.4,2,-0.7084,-0.6251,-1.1002,0.0232,-0.7001,1.2066,1.4507
C0119,MN Community 119,MN,2024,161625,45724,70123,26.4,31.8,4.029,615.4,1,-0.0072,-1.6342,0.1478,0.0579,0.1998,-0.6477,0.6187
C0120,MN Community 120,MN,2024,205542,52575,60448,29.44,30.48,0.05,1371.3,0,-1.0118,0.3042,1.5573,1.0085,-0.4061,-0.8349,0.0
C0121,AZ Community 121,AZ,2024,29204,5939,47248,35.78,16.84,2.282,1980.1,0,-0.323,-0.6265,-0.0191,1.3747,2.9042,-0.1457,0.0
C0122,WI Community 122,WI,2024,38009,7426,76844,19.69,26.42,4.651,3895.0,0,-0.4497,0.4831,-1.7507,-0.3385,-0.2953,0.713,0.0
C0123,MN Community 123,MN,2024,18636,4124,54993,26.49,28.36,1.917,185.3,0,-1.0226,0.2738,1.5163,-0.9714,0.3263,1.2428,0.0
C0124,WA Community 124,WA,2024,20086,3900,70648,28.17,35.42,2.668,229.6,0,-0.9462,-1.2824,-0.3751,1.1334,0.7692,-1.214,0.0
C0125,WA Community 125,WA,2024,79748,20214,52336,34.64,39.09,2.439,116.7,0,-1.9316,-0.8344,1.3493,-1.4633,-0.8178,0.6233,0.0
C0126,GA Community 126,GA,2024,77056,15426,80085,27.88,39.6,4.176,562.3,0,0.6105,0.4605,0.163,-1.1062,-0.1228,-0.4587,0.0
C0127,WA Community 127,WA,2024,191671,39728,63214,32.09,36.18,2.347,722.3,0,0.6947,-0.8209,0.6672,-0.6736,-1.1277,0.5096,0.0
C0128,TX Community 128,TX,2024,169604,30913,47155,40.98,22.0,3.187,695.7,0,0.8022,0.0826,-2.302,2.3951,0.5443,0.1863,0.0
C0129,CO Community 129,CO,2024,74391,18179,52671,35.15,30.84,1.885,847.6,0,-0.1541,-0.0291,0.6858,0.4981,-0.0277,-0.1287,0.0
C0130,OH Community 130,OH,2024,119292,32154,49748,36.42,33.89,0.702,451.7,0,0.7466,-0.379,-0.3863,-0.4836,-0.5626,1.4562,0.0
C0131,IL Community 131,IL,2024,103912,20669,79851,20.94,29.95,2.184,388.7,0,-0.6564,-0.0217,0.4332,1.9012,0.0077,0.9514,0.0
C0132,OR Community 132,OR,2024,20117,4452,82950,26.91,31.37,3.079,784.9,0,0.0617,1.2108,-1.3531,-2.1196,-0.5917,-0.4484,0.0
C0133,MO Community 133,MO,2024,96145,18394,65002,36.01,25.86,1.679,2186.1,0,-1.2874,0.481,0.427,-0.3186,-0.4693,-0.4897,0.0
C0134,PA Community 134,PA,2024,54344,10193,69400,33.3,27.21,1.843,1036.7,1,0.6912,0.2721,-0.688,0.9125,-1.3103,1.1371,1.8401
C0135,MO Community 135,MO,2024,20583,5066,29498,40.26,13.18,0.05,218.3,0,1.3635,-1.1426,0.1708,0.1282,1.1624,-0.4213,0.0
C0136,NY Community 136,NY,2024,29950,6328,53303,31.07,34.62,0.836,313.2,0,1.4589,0.3384,0.8718,-0.1253,-0.1805,-0.7655,0.0
C0137,CA Community 137,CA,2024,48596,11340,86992,18.81,45.41,3.13,1264.2,0,0.5908,-1.0673,0.8965,-0.8199,0.8631,0.2171,0.0
C0138,TN Community 138,TN,2024,77776,18580,59006,32.46,29.18,2.572,4208.4,0,-0.1326,-0.4318,0.6967,-0.0565,1.4194,-0.3301,0.0
C0139,WA Community 139,WA,2024,122600,31591,63746,23.17,38.05,3.866,453.9,0,0.2246,-0.7148,0.793,0.9877,1.0509,0.3754,0.0
C0140,TN Community 140,TN,2024,110451,24721,93455,23.44,39.25,4.127,234.2,1,1.4385,-1.697,-0.8632,-0.0961,-1.1833,-1.0403,0.9054
C0141,GA Community 141,GA,2024,15785,3409,82422,25.04,49.38,1.542,205.8,0,0.0528,1.3211,0.9772,0.3619,0.4483,-0.994,0.0
C0142,MA Community 142,MA,2024,104921,20633,54948,33.83,29.27,3.336,660.7,0,-1.2886,-0.8317,2.1209,0.1419,-0.772,-1.7729,0.0
C0143,OR Community 143,OR,2024,42325,10498,74160,24.52,32.35,1.08,303.4,0,1.0596,0.023,0.8793,0.5294,2.0548,-0.2898,0.0
C0144,MI Community 144,MI,2024,177631,45701,72672,32.22,10.45,3.477,631.2,0,1.3352,-2.3168,1.0472,-1.2299,1.6312,0.026,0.0
C0145,MO Community 145,MO,2024,53008,9477,75032,25.2,34.56,4.244,279.8,0,-0.1039,0.3753,-1.4047,-1.7669,0.2621,-0.3895,0.0
C0146,OH Community 146,OH,2024,216003,43422,85211,26.69,46.72,3.006,2864.1,0,1.3458,0.1494,-0.4351,-1.8314,0.2429,1.2308,0.0
C0147,TN Community 147,TN,2024,81642,16461,48369,35.6,14.46,0.05,1944.6,0,1.1348,0.0193,0.4418,-1.0155,-0.8402,-0.1984,0.0
C0148,IL Community 148,IL,2024,154150,29963,95869,24.28,36.58,4.69,1623.7,0,0.3802,0.6446,1.8912,-0.4174,0.2174,-0.57,0.0
C0149,OR Community 149,OR,2024,30451,7272,38364,34.84,12.79,0.732,1135.7,0,-0.8524,-0.274,1.9872,0.3909,1.5,-0.4237,0.0
C0150,NY Community 150,NY,2024,31371,6863,73944,24.43,31.21,2.998,799.4,0,-0.4199,0.9975,-0.9178,0.3922,0.2577,0.7233,0.0
C0151,AZ Community 151,AZ,2024,22824,5385,31417,37.37,11.42,3.536,496.4,0,-0.0245,0.2637,-1.081,-1.1877,-1.4587,-0.7759,0.0
C0152,TX Community 152,TX,2024,32518,7243,67862,22.86,38.72,4.097,400.3,0,-1.5031,1.6623,-1.5384,-0.6634,-0.6344,2.1803,0.0
C0153,TX Community 153,TX,2024,74680,18878,81752,25.53,41.77,4.43,833.4,1,0.0444,0.655,-0.2751,0.1269,0.7357,-0.3672,1.339
C0154,GA Community 154,GA,2024,70304,15401,70448,35.68,33.41,3.452,212.4,0,0.6399,1.0013,-1.051,0.3604,1.0187,0.318,0.0
C0155,TN Community 155,TN,2024,57417,15298,84260,30.65,42.19,4.991,487.2,0,-0.4967,-0.1978,1.7872,0.8971,0.5764,0.5722,0.0
C0156,NY Community 156,NY,2024,57347,15048,83928,24.87,29.29,4.617,175.0,0,1.29,0.4368,2.0141,-0.1481,-1.5256,1.5034,0.0
C0157,FL Community 157,FL,2024,61135,12397,95778,22.19,36.37,3.45,2353.0,0,0.5772,0.5776,0.494,-0.9321,-0.7071,-0.8522,0.0
C0158,OH Community 158,OH,2024,46026,11366,58191,29.31,24.07,0.05,554.1,1,1.026,0.3436,-1.4527,0.8432,-1.4528,-1.0006,2.1727
C0159,MN Community 159,MN,2024,87679,19461,57927,25.09,32.66,0.099,863.4,0,-1.933,0.2624,1.8077,1.1145,0.9485,-0.0193,0.0
C0160,MI Community 160,MI,2024,63952,15746,86463,18.88,45.3,3.376,392.9,0,-1.4353,1.6796,-0.9823,1.4132,-0.5093,-0.0718,0.0
C0161,WI Community 161,WI,2024,59546,11001,58502,37.79,28.45,4.006,682.1,0,0.5389,-1.1514,-0.2194,1.444,-0.606,2.7209,0.0
C0162,OH Community 162,OH,2024,53108,12538,73864,18.68,37.19,3.93,157.0,0,0.9987,-0.46,-0.1895,-0.6809,-0.7083,1.8637,0.0
C0163,CA Community 163,CA,2024,17611,3976,60501,35.62,38.99,1.927,725.1,0,2.0182,-0.1017,-0.4909,-0.9098,1.8886,1.5111,0.0
C0164,CO Community 164,CO,2024,150235,34309,36772,32.75,24.11,0.782,2000.7,0,0.6732,0.4999,-1.6174,0.3862,-0.3443,0.6743,0.0
C0165,NC Community 165,NC,2024,76402,20097,43828,36.42,26.04,0.05,365.8,0,-0.4129,0.0526,0.428,1.1089,-0.7571,-0.9431,0.0
C0166,AZ Community 166,AZ,2024,97474,18254,78506,28.75,30.06,4.89,842.8,1,-0.6366,1.4369,-0.424,1.5433,1.1304,0.9992,1.0259
C0167,TX Community 167,TX,2024,54523,12867,87579,26.33,45.49,1.79,705.9,0,0.2909,-2.3659,0.6893,-1.2274,2.049,0.0349,0.0
C0168,WI Community 168,WI,2024,25136,4960,84573,26.86,28.57,0.05,902.5,0,0.1511,1.7383,0.6838,-1.6706,-1.4598,0.4626,0.0
C0169,NC Community 169,NC,2024,47999,9768,80882,31.72,49.43,3.758,794.3,1,-0.8685,-0.8585,-1.6363,-1.2331,-0.8984,-0.4841,2.0834
C0170,TX Community 170,TX,2024,27353,6401,52875,33.13,27.91,0.198,4242.8,0,-0.2318,-2.5746,-0.4571,-0.566,0.0177,-0.2889,0.0
C0171,CO Community 171,CO,2024,62305,11736,77706,26.54,32.56,0.05,369.3,0,-1.2101,-0.9117,-0.8893,0.4293,-0.7527,0.0287,0.0
C0172,CO Community 172,CO,2024,50039,7854,40007,38.24,15.3,1.625,931.6,0,-0.0303,1.7059,-1.2016,-0.0894,-0.1543,-1.2446,0.0
C0173,WI Community 173,WI,2024,19546,4592,76536,21.06,36.5,3.178,704.4,0,-0.2766,-0.2001,-0.148,-0.4491,0.5128,0.5991,0.0
C0174,MI Community 174,MI,2024,294253,73089,45570,35.49,25.88,0.482,221.3,0,0.0987,0.1944,-0.2444,0.553,0.9317,1.0923,0.0
C0175,FL Community 175,FL,2024,167540,38341,89634,19.92,35.87,4.204,280.7,1,0.6329,-0.1825,-0.747,0.8678,-0.1897,-0.3246,0.5969
C0176,OH Community 176,OH,2024,61752,15010,69487,21.31,26.5,3.144,622.9,0,0.0685,0.3277,1.157,0.109,-0.2144,-1.1699,0.0
C0177,FL Community 177,FL,2024,89597,16843,97214,26.24,44.21,3.029,2403.3,0,-1.5183,0.8549,-1.6793,0.2608,0.9745,0.617,0.0
C0178,FL Community 178,FL,2024,50329,12040,73857,34.63,26.99,1.78,259.2,0,-0.4035,-0.1087,0.2948,2.3841,0.3033,1.3192,0.0
C0179,NC Community 179,NC,2024,105031,20140,49053,31.91,22.84,2.157,622.8,0,-1.2104,0.753,0.6431,1.2304,0.7632,-0.0249,0.0
C0180,GA Community 180,GA,2024,41855,9028,57809,32.42,20.22,3.541,2788.5,0,-0.1369,0.5605,0.6391,1.6938,1.5266,0.3112,0.0
C0181,OR Community 181,OR,2024,442398,90969,47039,28.8,32.54,1.893,680.1,0,0.6343,0.223,-0.125,-1.7465,-2.1436,-0.2931,0.0
C0182,OR Community 182,OR,2024,434257,96630,48558,30.27,21.35,0.955,907.0,0,-0.1007,-0.165,-1.3534,0.2398,-1.6412,-0.4166,0.0
C0183,WA Community 183,WA,2024,100637,23933,79624,25.65,28.65,3.479,1667.1,1,0.129,-0.8048,-0.5447,-1.1031,-0.3408,-0.4437,0.9937
C0184,IL Community 184,IL,2024,58828,8989,65748,27.43,41.87,3.964,354.6,0,-0.3009,0.6293,1.4054,-0.4877,0.3108,0.7875,0.0
C0185,NC Community 185,NC,2024,46698,9301,63061,27.92,25.17,1.402,216.3,1,-0.2007,-1.7689,1.3086,1.0076,-0.5167,0.5631,2.1414
C0186,VA Community 186,VA,2024,144304,34471,38697,36.47,23.51,0.05,103.5,0,-1.5485,-0.3233,-0.95,0.6616,-0.5072,0.0307,0.0
C0187,WI Community 187,WI,2024,125311,28779,128036,6.48,57.73,6.352,2946.6,7,-1.1387,-1.5389,1.3512,-0.2218,0.2443,-1.0606,5.5861
C0188,MO Community 188,MO,2024,31231,6090,99010,15.15,42.77,5.27,813.1,0,0.0218,-0.5813,-0.3256,-0.6006,1.1678,-1.1321,0.0
C0189,IL Community 189,IL,2024,134726,28417,78188,23.22,27.46,2.922,4661.4,0,-0.5231,-0.2051,-0.3532,-0.6758,0.4944,1.3245,0.0
C0190,AZ Community 190,AZ,2024,101691,21809,65183,24.52,29.7,1.827,201.6,0,0.0515,-0.9247,-0.9323,-0.9389,-1.3468,0.955,0.0
C0191,NY Community 191,NY,2024,132320,29898,61800,31.05,35.66,1.369,5862.5,0,0.123,-1.1379,0.0921,0.2098,-1.7634,0.191,0.0
C0192,AZ Community 192,AZ,2024,114737,22489,76712,22.93,34.17,2.91,640.8,2,-0.1692,-0.2836,0.6727,-1.1294,-0.584,1.1169,1.7431
C0193,OH Community 193,OH,2024,68469,16124,49485,31.41,16.16,0.05,1536.4,0,0.7736,0.3358,-0.256,-0.8492,0.8004,-1.0015,0.0
C0194,OH Community 194,OH,2024,129219,37679,97776,18.07,39.87,4.187,1550.7,0,-0.1181,0.3581,0.0088,-0.2094,-0.2745,-0.1278,0.0
C0195,CO Community 195,CO,2024,75646,14781,86445,27.79,54.67,1.716,270.4,0,0.7358,0.063,1.5834,1.5495,1.5999,-0.4719,0.0
C0196,NC Community 196,NC,2024,256628,73195,79816,20.73,55.45,1.654,125.1,1,-0.345,-0.1769,-0.1898,-0.1489,1.0428,-1.9873,0.3897
C0197,OR Community 197,OR,2024,78703,18486,70751,21.96,26.48,6.071,1155.0,0,-0.6757,0.3897,-0.0438,-0.6145,-1.3609,-1.6007,0.0
C0198,CO Community 198,CO,2024,29850,6567,54408,32.95,36.61,0.05,120.6,0,-2.8124,1.5488,0.5199,-1.8842,1.419,0.1362,0.0
C0199,WI Community 199,WI,2024,24668,5177,113584,20.28,51.49,4.891,266.9,0,0.111,-0.561,0.5928,-0.1225,-0.5888,0.4215,0.0
C0200,NC Community 200,NC,2024,20097,3895,45447,36.48,30.1,3.729,534.5,0,1.11,-0.6672,0.6849,1.1492,-0.1552,-0.662,0.0
C0201,CO Community 201,CO,2024,55277,11710,57690,26.11,40.13,1.31,482.8,0,1.6666,0.436,-0.594,1.9765,0.3447,-0.0175,0.0
C0202,MO Community 202,MO,2024,66445,13641,88634,22.37,43.38,5.168,673.5,0,-1.1479,-0.5189,-1.7057,-0.1249,1.2931,1.3791,0.0
C0203,CO Community 203,CO,2024,10226,2266,66091,25.82,35.82,0.05,308.5,0,0.4808,-0.8633,-1.1401,-0.8077,0.9937,1.3389,0.0
C0204,MO Community 204,MO,2024,38086,9257,82668,29.97,38.57,2.557,557.6,0,1.0122,-0.7345,0.0038,-0.3779,1.3871,0.8587,0.0
C0205,FL Community 205,FL,2024,25255,4527,88590,27.37,30.34,2.374,736.2,1,-0.5332,1.4375,-0.1695,-0.4924,0.4032,-0.7757,3.9596
C0206,WI Community 206,WI,2024,40299,8378,59218,26.41,24.98,3.429,421.3,0,-0.8266,1.8761,0.6715,0.2215,0.6848,1.262,0.0
C0207,PA Community 207,PA,2024,356534,65901,68670,28.18,27.28,3.388,579.8,1,-0.1788,0.2957,1.3557,-1.1065,1.5403,-0.6748,0.2805
C0208,TX Community 208,TX,2024,46447,9660,97829,16.68,32.84,3.912,2593.4,1,1.5058,1.628,-1.3857,-0.7836,0.6652,-1.1428,2.153
C0209,NC Community 209,NC,2024,35165,7421,74217,26.33,26.95,2.501,7361.8,0,0.9966,-0.8152,0.0642,0.3208,0.5166,1.2125,0.0
C0210,TN Community 210,TN,2024,28263,6675,104090,22.25,42.41,1.705,354.3,1,1.0222,-0.4873,3.0134,-1.4197,2.2883,0.3596,3.5382
C0211,GA Community 211,GA,2024,47379,9193,92311,16.34,39.13,3.591,1724.4,1,-1.0395,0.4706,-0.8566,3.4549,0.0041,2.3286,2.1106
C0212,NY Community 212,NY,2024,50802,12583,61875,28.06,33.48,2.55,115.7,0,1.4621,-1.5264,1.3339,0.3774,-2.1355,0.9681,0.0
C0213,VA Community 213,VA,2024,183955,37871,97617,16.85,39.06,3.3,1356.6,2,1.6398,-0.5618,1.026,-0.761,-0.1162,0.8299,1.0872
C0214,WI Community 214,WI,2024,36266,7394,75533,35.58,35.69,3.558,3213.5,0,0.5198,-0.9562,0.338,0.9836,-0.1774,-0.4938,0.0
C0215,NY Community 215,NY,2024,31892,6682,50461,36.5,25.38,1.412,201.6,0,0.3686,0.6158,-1.4629,0.018,0.5793,-0.7287,0.0
C0216,FL Community 216,FL,2024,16956,3998,41289,27.8,19.09,0.05,761.9,0,1.8936,0.1316,0.2279,-2.0198,-0.2249,-0.818,0.0
C0217,OR Community 217,OR,2024,25808,5571,70559,31.8,29.51,2.579,528.7,0,0.96,-1.2837,-0.8435,0.3699,0.6078,0.4254,0.0
C0218,MI Community 218,MI,2024,95824,18602,83012,27.17,39.77,3.193,2132.3,0,-0.1882,1.0899,-0.6865,1.3908,0.754,-0.6598,0.0
C0219,VA Community 219,VA,2024,58704,13164,33456,38.39,29.42,0.414,592.2,0,-0.2693,0.5355,-0.5779,-1.4729,0.6109,-0.9183,0.0
C0220,GA Community 220,GA,2024,171002,36067,53260,29.35,27.95,1.304,523.1,0,-0.5163,0.1988,-0.4356,-0.319,-0.6681,0.8245,0.0
C0221,NY Community 221,NY,2024,54292,10931,81446,29.59,30.08,3.738,301.0,0,-0.4807,0.8519,-0.5671,-0.0642,0.0434,-1.5283,0.0
C0222,MO Community 222,MO,2024,37232,7765,100408,14.7,41.62,0.05,739.6,0,-1.0477,1.0849,1.2431,-0.8902,0.7146,-0.803,0.0
C0223,GA Community 223,GA,2024,75084,14408,33468,35.21,30.89,2.01,833.3,0,0.2597,1.3816,0.6026,0.5326,-1.5851,1.0069,0.0
C0224,WI Community 224,WI,2024,70458,16639,59685,32.43,37.31,3.488,627.7,0,-0.5981,-0.5393,-0.6018,0.2696,0.0913,-0.7062,0.0
C0225,CO Community 225,CO,2024,140423,28660,60277,29.13,42.81,3.023,1079.4,0,0.117,-0.2032,0.5282,-1.6943,0.6101,0.4371,0.0
C0226,NY Community 226,NY,2024,63574,14568,33444,33.83,16.69,1.783,148.0,0,0.0721,-1.5983,-1.1462,-0.5185,3.2285,0.804,0.0
C0227,GA Community 227,GA,2024,59284,12572,51332,42.91,26.03,0.888,250.9,0,2.1337,0.8124,0.7756,-0.1673,0.693,0.7534,0.0
C0228,WA Community 228,WA,2024,98235,17897,75154,22.99,48.36,1.664,2566.1,0,-1.0893,-0.5381,0.6989,0.5224,-0.4446,1.2159,0.0
C0229,TN Community 229,TN,2024,96522,20114,64928,25.45,40.71,1.429,188.1,0,-1.5059,0.3985,1.5261,1.8518,0.7913,-0.1246,0.0
C0230,NY Community 230,NY,2024,79026,16827,99383,14.66,42.76,5.435,1649.4,0,-0.4564,-0.1811,-0.6603,0.1026,1.2032,-2.0646,0.0
C0231,CO Community 231,CO,2024,509672,96581,125004,19.32,50.5,4.307,279.1,2,-0.719,0.1891,-0.7087,-2.0384,1.4688,-0.5038,0.3924
C0232,PA Community 232,PA,2024,237549,57132,56326,34.33,31.67,4.085,1340.1,0,-0.0041,-1.5149,-0.6153,-0.1445,-0.264,1.7847,0.0
C0233,GA Community 233,GA,2024,190451,46017,52575,28.77,17.95,0.791,234.2,0,-0.6553,-0.1172,0.1945,2.2233,-0.7998,0.3797,0.0
C0234,MA Community 234,MA,2024,28569,5205,50700,28.17,26.59,3.807,163.4,0,0.815,-0.0438,0.9236,0.5266,-0.3081,0.7645,0.0
C0235,MA Community 235,MA,2024,137423,29077,96101,17.71,38.54,5.402,1850.8,3,0.8346,0.4818,-0.7451,1.6207,-0.7906,0.8663,2.183
C0236,GA Community 236,GA,2024,60648,12826,103258,19.13,51.35,4.55,505.9,0,-0.3994,0.7035,-0.0592,0.8327,0.6813,-0.1244,0.0
C0237,VA Community 237,VA,2024,14794,3563,66861,26.49,35.15,5.855,1941.0,0,0.1497,0.3209,0.985,-0.4902,-0.2834,-1.0118,0.0
C0238,MI Community 238,MI,2024,43973,8622,42302,30.35,6.54,0.05,516.2,0,-1.4304,-0.3713,0.7185,-1.2394,1.9751,0.557,0.0
C0239,IL Community 239,IL,2024,37659,6269,63102,26.11,20.48,1.654,432.6,0,-2.2101,-0.5176,1.9903,0.3903,-0.9562,0.3834,0.0
C0240,AZ Community 240,AZ,2024,74876,14474,88712,19.15,22.24,3.465,511.6,0,0.3765,-0.0456,0.4853,0.1962,1.1838,0.2763,0.0
C0241,MN Community 241,MN,2024,69018,15167,73465,27.72,41.82,1.384,1707.6,0,-0.5566,-1.8701,-1.0541,1.0696,-1.0978,-2.0192,0.0
C0242,MI Community 242,MI,2024,60765,14945,56673,32.07,32.86,5.313,1694.3,0,-2.4322,-0.7906,0.5429,0.3167,0.7534,0.1206,0.0
C0243,TX Community 243,TX,2024,77255,16401,41104,22.17,36.5,4.344,510.0,0,0.9773,0.6117,-0.0859,-0.9183,-1.638,0.1254,0.0
C0244,VA Community 244,VA,2024,168489,35099,52246,27.1,28.64,0.433,283.3,0,-0.0171,0.1142,1.2097,1.8593,-1.1473,-0.1525,0.0
C0245,FL Community 245,FL,2024,67408,12174,48720,33.05,19.38,0.05,1020.4,0,0.2607,1.9048,-2.1182,-0.6237,0.3307,-1.3151,0.0
C0246,NY Community 246,NY,2024,137587,32492,77170,22.44,36.2,4.42,289.0,1,-0.4469,-0.2142,-0.2391,-0.5146,0.4227,0.9729,0.7268
C0247,PA Community 247,PA,2024,133838,30974,53006,32.81,41.18,1.297,1678.6,0,0.5916,-1.3165,-0.0612,0.6702,0.0542,-0.5433,0.0
C0248,IL Community 248,IL,2024,136609,23175,65102,28.55,30.22,0.05,1056.4,0,-0.7579,-0.7533,0.5769,-0.5713,0.8739,0.586,0.0
C0249,CA Community 249,CA,2024,76946,19288,93543,20.11,35.24,3.411,703.1,0,-0.5253,-0.6279,0.9437,1.3824,1.0615,0.3803,0.0
C0250,OR Community 250,OR,2024,199925,39474,101885,22.35,43.43,3.241,149.0,0,-0.5402,1.5343,-0.2511,-1.3202,0.2293,-0.9978,0.0
C0251,TN Community 251,TN,2024,44535,9489,74221,16.67,35.01,5.959,526.3,0,0.3851,0.4386,-0.3013,-0.4605,1.1296,-0.6317,0.0
C0252,NY Community 252,NY,2024,104584,22128,74902,29.13,30.06,5.371,432.1,0,-0.0021,0.7108,0.0622,0.3048,-0.3811,-1.457,0.0
C0253,CA Community 253,CA,2024,341884,86738,97104,16.01,34.54,3.042,6876.0,1,0.3616,0.329,0.9319,0.4537,1.4998,-1.0562,0.2925
C0254,CO Community 254,CO,2024,45108,8956,88206,20.81,44.39,1.971,866.7,0,0.1665,-0.0975,-1.3105,0.9153,-1.6978,0.3398,0.0
C0255,GA Community 255,GA,2024,64775,11846,54385,30.59,36.9,1.893,204.6,0,-0.2675,-0.3522,1.0226,0.2057,-0.0855,-0.6499,0.0
C0256,TX Community 256,TX,2024,53017,14341,51537,21.85,14.97,2.698,340.3,0,-0.2964,0.6932,-0.5732,-0.4634,-1.2807,1.2647,0.0
C0257,WA Community 257,WA,2024,48411,8896,65016,32.36,30.24,2.713,487.4,0,-0.6613,0.8756,-0.5287,0.0906,0.4455,-0.985,0.0
C0258,GA Community 258,GA,2024,132503,29394,92845,27.88,43.67,5.223,280.0,1,-1.5355,0.3978,0.2515,-0.9601,-0.1592,0.9052,0.7547
C0259,NC Community 259,NC,2024,74523,15626,56777,26.36,33.23,5.317,1378.0,0,-0.7739,-0.8446,1.4502,-1.6186,0.2333,-2.2808,0.0
C0260,IL Community 260,IL,2024,102191,23416,84286,23.63,32.33,1.93,231.9,1,-0.3599,-0.3953,0.404,0.1424,1.0358,0.9136,0.9786
C0261,OH Community 261,OH,2024,38440,9425,72314,23.72,41.29,1.963,330.0,0,-0.0403,1.3955,1.7441,-0.1674,0.8683,-1.5575,0.0
C0262,IL Community 262,IL,2024,24985,4460,70430,23.74,30.75,2.975,41.9,0,0.5404,-0.2985,-0.8158,-0.0786,-0.099,0.5556,0.0
C0263,NY Community 263,NY,2024,160711,34316,87176,21.89,45.44,5.924,219.8,1,-0.0206,-0.9955,0.1633,0.4106,-0.726,-0.41,0.6222
C0264,CO Community 264,CO,2024,43937,11923,90237,23.31,39.03,1.444,288.4,1,-1.0985,-0.7192,-0.9379,0.5992,-0.5953,1.1763,2.276
C0265,WI Community 265,WI,2024,52317,11553,52741,27.53,37.04,1.588,786.5,0,1.417,0.5091,-1.9545,0.1113,0.1346,0.6888,0.0
C0266,GA Community 266,GA,2024,127439,26239,84804,27.02,42.6,4.367,3569.7,0,-0.0687,0.6189,0.3139,1.0394,0.2852,0.0172,0.0
C0267,VA Community 267,VA,2024,23731,4870,43880,35.73,23.56,0.05,300.2,0,-0.7502,0.8549,-0.4068,-0.6415,0.3341,-0.7182,0.0
C0268,WA Community 268,WA,2024,31492,6669,99579,24.21,34.44,0.866,1042.1,0,1.1077,0.8714,-0.8947,0.1375,1.7547,1.0612,0.0
C0269,CO Community 269,CO,2024,27734,6323,87212,25.25,29.53,5.668,849.8,0,-1.6187,0.0908,-0.9218,0.8935,-1.0775,0.0324,0.0
C0270,AZ Community 270,AZ,2024,37721,9294,29860,36.9,14.93,0.05,3280.2,0,0.0497,-1.7997,-0.1349,-1.2688,-0.6682,-0.4527,0.0
C0271,MA Community 271,MA,2024,76532,19622,51541,34.45,19.73,3.256,3904.4,0,0.5122,-0.095,-0.5017,-1.1956,-1.0748,-0.695,0.0
C0272,FL Community 272,FL,2024,56819,12033,55606,27.49,32.23,1.712,1432.6,0,-1.5474,-1.8999,-1.0318,0.2509,-0.5605,-0.225,0.0
C0273,GA Community 273,GA,2024,46150,9959,50795,27.75,13.48,2.472,1333.7,0,-0.5106,-0.8757,-2.05,1.7078,-0.0164,-0.3129,0.0
C0274,MO Community 274,MO,2024,130106,25794,54706,33.68,27.62,0.833,3701.4,0,-0.193,2.1974,-0.3704,-1.7569,2.3191,0.0667,0.0
C0275,WI Community 275,WI,2024,59980,14012,74918,24.26,29.64,3.013,679.3,0,-0.8304,0.4663,-0.8609,0.4465,-0.1516,1.015,0.0
C0276,NC Community 276,NC,2024,70249,15006,85771,18.49,43.86,3.17,803.6,0,-0.5951,-0.8986,1.2313,0.296,0.1461,-1.0033,0.0
C0277,WA Community 277,WA,2024,86933,21791,83906,18.04,35.58,3.373,617.1,0,0.8321,-0.9769,-0.6673,1.869,1.1483,1.3809,0.0
C0278,OR Community 278,OR,2024,58479,14408,49888,27.28,33.79,2.744,1005.3,0,-0.8217,-0.849,-0.8874,0.4046,0.7666,-0.9003,0.0
C0279,WA Community 279,WA,2024,160188,40415,80524,25.73,31.46,2.159,593.4,0,-0.9599,-0.5929,-0.8286,0.1054,-0.1886,-0.2832,0.0
C0280,MN Community 280,MN,2024,51452,11443,54446,32.66,23.53,1.503,1507.7,0,0.6604,0.7943,1.3443,0.0581,-0.7912,0.6892,0.0
C0281,GA Community 281,GA,2024,26013,6679,74021,22.57,42.0,1.881,4558.5,0,-0.3038,-1.9224,1.587,0.0435,1.3395,0.1075,0.0
C0282,CA Community 282,CA,2024,43562,8378,71197,26.81,33.51,3.292,3035.8,0,-0.3871,0.6931,-1.3338,-0.8979,0.2577,0.0453,0.0
C0283,MN Community 283,MN,2024,26512,5602,80899,21.61,21.87,5.531,2288.5,0,-1.1361,-0.3619,-0.2853,0.1791,-1.4366,-1.6034,0.0
C0284,PA Community 284,PA,2024,132038,31528,39228,31.49,24.34,0.05,199.5,0,0.8201,-0.6696,-0.204,-0.2573,-0.6611,-2.4675,0.0
C0285,CA Community 285,CA,2024,26952,6200,23553,34.84,11.07,0.293,379.3,0,-1.6504,1.5524,-0.6309,1.1095,1.2727,0.5373,0.0
C0286,NC Community 286,NC,2024,82576,15267,65750,21.5,31.32,5.639,225.6,1,1.3178,-1.1921,0.1307,0.432,-1.4618,-1.1961,1.211
C0287,OH Community 287,OH,2024,73767,14277,95567,20.32,27.43,5.838,721.0,1,-0.0914,-0.6027,0.204,1.0949,-0.5002,1.3674,1.3556
C0288,FL Community 288,FL,2024,190294,45295,34620,38.09,19.02,0.05,403.0,0,-0.8975,-1.1477,2.5588,0.0273,-0.7414,0.2218,0.0
C0289,AZ Community 289,AZ,2024,24332,5065,53180,35.25,29.22,3.188,4748.9,0,0.6632,0.7856,1.4009,-0.3593,-1.643,1.4697,0.0
C0290,AZ Community 290,AZ,2024,69311,16318,46950,32.54,16.59,0.05,1818.5,0,0.495,1.2632,0.4417,-0.6163,0.4444,0.8444,0.0
C0291,OH Community 291,OH,2024,40060,9596,79781,21.71,30.56,3.096,1943.2,0,0.348,0.2203,-0.1558,-0.6042,-0.8321,0.8331,0.0
C0292,WI Community 292,WI,2024,55673,12186,82117,23.6,43.13,5.247,124.8,0,0.1175,-0.4578,1.5107,0.6424,0.8305,-1.9882,0.0
C0293,NY Community 293,NY,2024,40929,9812,67968,32.88,26.56,1.271,303.0,0,1.1834,-1.5924,-2.5474,0.3899,-0.5689,-0.8933,0.0
C0294,MO Community 294,MO,2024,42153,9213,58852,30.58,35.04,0.05,843.3,0,1.3279,0.0414,0.1125,0.1177,0.2558,0.0762,0.0
C0295,MA Community 295,MA,2024,54323,12101,64154,32.38,23.75,6.577,247.0,0,0.2827,-0.3925,0.5427,0.1624,0.3964,0.0578,0.0
C0296,VA Community 296,VA,2024,17055,3938,85004,19.94,38.91,1.936,294.6,0,-1.0018,0.6896,0.167,-2.2086,0.1532,0.7178,0.0
C0297,MA Community 297,MA,2024,50311,12092,35349,34.68,28.81,2.326,949.6,0,0.1933,0.4961,-0.6285,1.4799,1.1753,1.4944,0.0
C0298,CO Community 298,CO,2024,13207,3004,91448,23.15,59.71,3.759,2973.4,0,0.0755,-0.2274,1.6852,0.9978,0.3502,-0.8441,0.0
C0299,CA Community 299,CA,2024,16269,3545,66080,28.46,27.96,2.338,745.7,0,-0.4061,-0.0918,-0.3161,-0.4278,-0.9759,0.0729,0.0
C0300,IL Community 300,IL,2024,14103,2893,71856,16.12,46.96,1.141,278.8,0,2.1188,-0.2122,0.168,-1.4476,1.5003,-1.2732,0.0
C0301,MO Community 301,MO,2024,35439,8004,64876,26.63,30.51,2.371,1708.1,0,0.3892,-0.3207,0.1573,0.1136,0.125,-1.0884,0.0
C0302,AZ Community 302,AZ,2024,148233,29495,40730,37.89,36.77,1.207,1219.8,0,-0.3326,-0.7183,-1.5344,-0.622,0.5488,-0.989,0.0
C0303,WA Community 303,WA,2024,300492,64977,61756,21.88,32.7,3.932,1040.2,1,-0.3725,0.0391,0.8539,0.9345,0.1602,-0.4466,0.3328
C0304,FL Community 304,FL,2024,44952,9416,46323,25.29,19.42,4.174,138.2,0,0.0723,0.7507,-0.7271,1.1571,1.0665,0.5145,0.0
C0305,GA Community 305,GA,2024,40553,8936,48241,32.33,27.47,0.057,351.0,0,-0.9229,0.5185,-1.9498,-2.0529,-1.1014,0.0321,0.0
C0306,PA Community 306,PA,2024,30795,8145,112305,10.59,43.71,4.498,506.6,0,0.4245,0.8939,-0.0242,-0.4163,0.3742,0.9982,0.0
C0307,WI Community 307,WI,2024,81906,17107,115355,16.63,51.95,3.058,264.2,0,0.1607,-1.0696,-0.3677,-0.2401,2.3054,0.7499,0.0
C0308,FL Community 308,FL,2024,36323,7186,69776,29.64,34.27,3.244,184.0,0,-1.0768,0.4498,-0.8509,-0.4654,1.199,0.5483,0.0
C0309,TN Community 309,TN,2024,66942,14422,75146,23.16,40.34,1.976,4405.0,0,-0.7825,-0.0586,0.4553,1.6386,0.9616,-1.5741,0.0
C0310,OR Community 310,OR,2024,67818,12960,64366,29.93,41.58,3.903,1600.9,0,-2.1365,-0.4439,-0.1854,-0.2982,1.1767,0.5262,0.0
C0311,FL Community 311,FL,2024,128333,31045,71344,25.05,36.72,0.711,1267.3,0,0.2736,0.1954,-1.448,-0.3734,-1.033,1.0435,0.0
C0312,FL Community 312,FL,2024,25109,4825,103689,30.23,42.75,3.162,615.3,0,0.7616,0.0591,-0.6436,0.187,-1.083,1.836,0.0
C0313,GA Community 313,GA,2024,41878,7949,25578,35.11,6.0,2.388,1449.8,0,-0.0128,-2.6856,-0.0972,0.9458,-1.4885,-1.4619,0.0
C0314,TN Community 314,TN,2024,70294,16391,54377,39.26,24.91,2.2,1106.4,0,-0.4007,1.1716,-0.2404,-0.0362,-0.8983,0.2685,0.0
C0315,IL Community 315,IL,2024,81594,20611,95826,13.58,46.13,4.887,150.4,0,-0.4131,0.2129,0.2074,-0.4774,-2.5078,-0.8363,0.0
C0316,TX Community 316,TX,2024,51398,13472,64702,31.37,33.82,0.05,4361.4,0,0.427,0.9915,-1.8008,1.9433,0.8099,-0.4139,0.0
C0317,AZ Community 317,AZ,2024,21383,4355,95321,20.55,52.43,5.703,199.8,0,-1.2057,0.8234,1.6706,-1.3938,1.1095,1.8177,0.0
C0318,CA Community 318,CA,2024,78719,16805,50219,33.96,33.23,0.529,231.9,0,0.0012,2.4916,0.5943,-0.2842,-0.2368,0.5669,0.0
C0319,MO Community 319,MO,2024,41367,9502,68143,24.1,29.65,3.523,344.5,1,1.1292,-1.0429,-0.4376,-0.6195,-1.3846,-0.3249,2.4174
C0000,MN Community 000,MN,2025,90477,19140,38745,32.93,17.19,0.801,87.0,0,-1.8038,-0.2453,-0.7193,1.3856,0.3442,1.2341,0.0
C0001,VA Community 001,VA,2025,55908,11138,79543,28.2,38.76,4.357,1824.5,0,0.2392,-1.4053,-1.5176,-0.788,0.4666,0.8471,0.0
C0002,TN Community 002,TN,2025,15212,3126,86519,24.0,40.63,0.773,254.5,0,2.4424,-0.7688,1.4521,0.3501,-0.1293,0.3118,0.0
C0003,VA Community 003,VA,2025,26561,5536,70085,30.76,31.2,1.856,2243.1,0,0.6895,0.7607,-0.667,2.2701,-0.1645,1.6523,0.0
C0004,MA Community 004,MA,2025,103828,26326,84726,28.5,47.2,2.292,4296.1,0,1.7555,1.2934,0.8499,0.1791,-0.2739,-1.9953,0.0
C0005,AZ Community 005,AZ,2025,145116,34888,79553,20.82,42.86,3.774,1017.2,2,-0.0971,-0.4417,1.9507,0.2837,1.0948,-0.4259,1.3782
C0006,TX Community 006,TX,2025,59936,13799,75669,24.48,48.55,6.006,1095.8,0,0.3308,0.6109,0.1654,0.5691,-0.637,-1.1836,0.0
C0007,WA Community 007,WA,2025,8682,2128,71526,26.49,26.5,2.981,39.4,0,0.5108,0.3707,0.1622,1.1508,-0.5708,-1.3069,0.0
C0008,MN Community 008,MN,2025,37786,7639,78379,18.25,36.72,2.245,220.5,0,-0.2003,-0.2265,0.3209,-0.1563,1.1374,-1.9858,0.0
C0009,NY Community 009,NY,2025,59993,15788,85511,26.77,34.29,4.059,901.7,0,-0.1955,-0.16,0.7559,-0.1258,-0.4126,0.3342,0.0
C0010,OR Community 010,OR,2025,53452,12388,85829,21.05,27.35,4.404,1652.7,1,0.6468,-0.4634,0.1762,1.2479,-0.5724,-1.4179,1.8708
C0011,CO Community 011,CO,2025,123426,26765,23437,28.44,17.7,0.063,734.4,0,-1.6105,0.3607,0.4734,0.5062,0.4301,0.6105,0.0
C0012,PA Community 012,PA,2025,197212,44155,57655,26.48,31.03,1.854,271.4,0,-0.2113,-0.312,-0.3663,0.2824,0.6851,0.397,0.0
C0013,OR Community 013,OR,2025,92381,23862,80397,25.85,31.65,4.726,2964.5,0,0.3411,0.0196,0.417,-0.5906,-0.4414,0.291,0.0
C0014,TN Community 014,TN,2025,95364,24103,40245,30.73,24.95,1.636,1199.6,0,-0.4232,-0.0028,0.5549,-0.1587,0.4745,2.2017,0.0
C0015,MA Community 015,MA,2025,23721,5151,74422,27.66,31.31,1.659,2270.7,0,0.9129,-0.3387,0.1863,1.5454,-1.4327,-0.4777,0.0
C0016,AZ Community 016,AZ,2025,55390,12288,50218,31.6,21.17,1.039,1703.7,0,-0.9159,0.4269,-0.3438,-0.3091,0.7106,-1.0048,0.0
C0017,MN Community 017,MN,2025,14558,3271,98740,25.41,37.42,4.279,1136.0,0,-0.9787,-0.3253,0.8013,0.9703,-0.5087,1.0322,0.0
C0018,TX Community 018,TX,2025,59912,11409,73047,24.2,45.07,2.2,1220.6,0,-1.1554,1.298,-0.1723,0.2821,-0.9542,1.1448,0.0
C0019,OH Community 019,OH,2025,66318,16206,61822,28.31,30.25,2.378,568.5,0,-0.086,0.8986,-0.2733,1.9843,-0.1501,0.0863,0.0
C0020,NC Community 020,NC,2025,200909,41085,82904,22.9,31.0,1.94,82.8,0,0.0066,0.2022,0.658,0.333,1.2007,1.3235,0.0
C0021,FL Community 021,FL,2025,174186,29143,91502,27.66,49.35,3.575,1701.3,1,-0.3984,0.7528,-0.1652,-1.856,0.1003,-0.2031,0.5741
C0022,TX Community 022,TX,2025,213410,43177,82438,23.6,40.89,4.456,942.0,0,0.1282,-2.5458,0.0115,1.3269,-0.642,-0.5558,0.0
C0023,TN Community 023,TN,2025,86616,20208,61237,23.18,25.13,0.05,1865.8,0,-0.2799,0.6068,-0.0473,-2.1956,-0.572,-0.7317,0.0
C0024,IL Community 024,IL,2025,13177,2905,40009,37.34,22.0,3.105,521.3,0,0.3282,1.0104,0.9039,-0.7287,-1.292,-1.4838,0.0
C0025,TX Community 025,TX,2025,126140,25979,78950,20.14,23.94,0.976,188.8,0,1.1678,-1.0379,-0.8165,-1.1638,-0.0887,-0.1951,0.0
C0026,MN Community 026,MN,2025,170833,34378,84234,19.92,25.09,3.433,6780.2,0,1.4284,-1.4492,-0.4204,-2.5598,-0.6084,0.0946,0.0
C0027,AZ Community 027,AZ,2025,80839,15715,95534,23.4,45.81,4.909,439.5,0,0.0086,0.7141,-0.2283,1.5834,1.4047,0.134,0.0
C0028,WA Community 028,WA,2025,172437,48302,86362,17.71,24.99,3.862,1173.2,1,2.0539,1.0322,-1.2335,0.7131,0.334,0.2225,0.5799
C0029,NC Community 029,NC,2025,57999,10851,136106,12.12,66.25,5.774,1891.2,0,0.0171,-0.3623,-0.1042,0.105,-0.137,-2.6352,0.0
C0030,OH Community 030,OH,2025,72254,16993,70474,24.13,20.13,2.7,810.8,0,-1.4063,0.2343,0.0798,0.3546,-0.5926,0.888,0.0
C0031,MI Community 031,MI,2025,125333,22897,72413,27.12,43.59,5.334,251.8,1,-0.9812,0.4357,-0.3551,-1.3288,-2.5033,-0.7515,0.7979
C0032,MI Community 032,MI,2025,94826,22844,82455,28.43,41.79,2.004,383.5,0,1.5685,0.6991,-0.3176,0.3771,0.0889,0.3453,0.0
C0033,MN Community 033,MN,2025,30788,6367,73997,18.13,29.2,4.388,1248.2,0,-0.564,-0.601,-0.3601,1.895,0.5138,-0.2889,0.0
C0034,OH Community 034,OH,2025,41010,9158,36596,38.58,17.2,0.05,249.6,0,1.0734,-1.3669,1.9202,-0.2197,-1.3951,-0.3751,0.0
C0035,NC Community 035,NC,2025,89556,23372,69541,27.04,21.33,4.541,1939.2,0,-1.1299,-1.5918,-0.8452,0.4303,-1.8089,-0.576,0.0
C0036,MA Community 036,MA,2025,174878,38703,67970,29.11,24.93,0.855,1569.0,0,0.1534,-2.0266,-1.023,-0.1585,0.3502,-1.2306,0.0
C0037,MI Community 037,MI,2025,49072,11124,78289,26.44,42.49,3.215,235.4,0,-0.1879,-0.2346,0.2766,1.9706,-0.1913,-1.7664,0.0
C0038,OH Community 038,OH,2025,71434,17746,118444,8.02,53.98,2.956,1793.0,0,0.5864,0.989,-1.6965,1.9227,-0.3964,-1.0168,0.0
C0039,NY Community 039,NY,2025,99416,21871,61504,22.02,19.44,2.345,2313.6,0,-1.2724,0.5172,-0.3356,1.0206,-1.2551,-0.5595,0.0
C0040,MN Community 040,MN,2025,62207,17150,46412,31.45,37.21,3.949,1754.8,0,1.2503,0.2675,0.4369,1.0165,-0.047,-1.5258,0.0
C0041,VA Community 041,VA,2025,134926,35648,97868,25.23,42.22,6.109,5564.2,1,-1.372,1.0266,1.08,-1.7455,-0.645,1.3226,0.7411
C0042,CO Community 042,CO,2025,50779,11063,96508,28.82,41.05,3.499,517.7,0,0.2648,0.569,0.6913,-1.2438,-1.0811,-0.7933,0.0
C0043,IL Community 043,IL,2025,35191,8380,89516,24.2,25.76,0.722,567.7,0,1.9637,-0.3175,-2.6887,-0.9692,-0.2597,2.3358,0.0
C0044,FL Community 044,FL,2025,25552,6093,51987,30.88,20.99,0.05,203.3,0,1.1155,-0.2216,-1.6625,0.1087,-0.0852,-0.5703,0.0
C0045,GA Community 045,GA,2025,28618,7854,22000,44.98,18.68,4.032,851.6,0,1.1703,0.2827,0.2487,-0.4383,0.4251,1.4774,0.0
C0046,NY Community 046,NY,2025,41142,10375,93581,21.16,37.95,3.972,569.6,0,0.3696,-0.5708,-0.1685,-0.3399,-0.7524,-1.509,0.0
C0047,WA Community 047,WA,2025,59770,11292,61813,24.63,29.77,1.692,444.7,0,0.1042,-0.1329,-1.0598,-0.1739,-1.6922,0.7113,0.0
C0048,WI Community 048,WI,2025,6588,1374,55339,29.52,20.47,0.05,2290.4,0,-2.0115,-1.0961,-0.9692,-1.6755,-0.0489,-0.3362,0.0
C0049,AZ Community 049,AZ,2025,50235,9975,55848,32.45,19.64,0.586,13144.3,0,0.44,1.2346,-1.3783,-1.8187,-0.4501,0.4384,0.0
C0050,CA Community 050,CA,2025,52372,13631,22000,32.75,6.0,0.834,474.8,0,-1.4708,1.6727,-0.113,-0.3202,-1.1168,-1.1567,0.0
C0051,MI Community 051,MI,2025,7747,1552,50193,40.34,26.06,1.57,233.2,0,0.6018,-1.0413,0.8279,-1.2421,-0.2959,-0.6587,0.0
C0052,AZ Community 052,AZ,2025,52672,11043,58282,31.19,32.5,1.865,1855.8,0,0.12,0.2075,-0.4423,0.4608,0.4287,1.1577,0.0
C0053,MN Community 053,MN,2025,77344,15612,56546,32.73,38.06,3.941,235.7,1,-0.1723,-0.3439,0.5938,-1.6202,-0.3242,-0.112,1.2929
C0054,NY Community 054,NY,2025,42383,10018,39611,43.8,13.94,0.725,3192.3,0,0.3904,-0.2227,0.822,-1.6006,-0.3904,0.2824,0.0
C0055,GA Community 055,GA,2025,32713,5944,37716,39.45,9.36,3.067,694.9,0,-1.1623,-0.3286,0.795,1.34,2.6488,-0.8068,0.0
C0056,MI Community 056,MI,2025,6492,1354,69276,26.18,36.71,2.041,1099.5,0,0.2149,1.4963,1.2438,0.8319,0.1107,0.932,0.0
C0057,WI Community 057,WI,2025,41705,10661,79869,25.23,27.41,5.01,470.1,0,-1.7891,-0.0012,-0.1394,0.5357,0.5862,1.8258,0.0
C0058,TN Community 058,TN,2025,127181,27031,81235,27.26,48.19,4.4,148.3,0,0.534,0.5952,0.4236,0.4999,-0.148,-1.2541,0.0
C0059,GA Community 059,GA,2025,26864,5712,52363,30.73,33.21,2.148,1154.6,0,-0.1598,-1.0,-1.6705,-0.7235,-0.9177,-0.022,0.0
C0060,TN Community 060,TN,2025,57564,13592,69120,24.14,27.08,2.78,456.8,1,-1.2903,-1.1186,-0.3452,0.3015,0.2707,1.4816,1.7372
C0061,GA Community 061,GA,2025,90575,22736,86466,21.82,27.63,2.508,672.6,0,0.8094,-1.0324,-0.9235,-0.5628,-1.6213,1.1837,0.0
C0062,FL Community 062,FL,2025,94925,18386,85904,28.26,37.53,5.969,2026.0,0,0.884,0.0407,0.013,0.8441,-0.3951,-1.5735,0.0
C0063,AZ Community 063,AZ,2025,103746,22799,104404,19.82,44.44,2.848,1143.8,0,-0.3229,1.0708,0.7573,0.7364,0.1775,-0.4273,0.0
C0064,TX Community 064,TX,2025,39495,8737,65831,27.84,29.24,2.633,798.9,0,0.3975,-0.6072,-0.1034,0.3281,0.9497,0.8405,0.0
C0065,VA Community 065,VA,2025,112859,23459,73956,26.03,46.24,3.328,1480.1,0,-0.8425,-1.6944,-0.9889,0.0485,-0.6463,0.0653,0.0
C0066,IL Community 066,IL,2025,158436,33075,82342,28.06,33.68,0.736,1770.0,0,-0.4438,0.0768,0.1101,1.375,-0.0045,2.0239,0.0
C0067,VA Community 067,VA,2025,104201,24129,45281,38.57,25.06,1.06,4644.9,0,0.1468,0.836,0.5579,-0.2778,0.4702,0.9287,0.0
C0068,NC Community 068,NC,2025,38989,7607,106516,13.51,61.7,3.558,258.5,1,-1.0463,-0.5014,-0.1027,-1.5858,0.4703,1.5604,2.5648
C0069,MO Community 069,MO,2025,58945,11313,102395,20.97,56.28,4.888,73.0,0,-1.2005,-1.1669,0.2974,-0.0317,0.261,0.7477,0.0
C0070,CO Community 070,CO,2025,27480,7099,65907,32.06,40.2,0.2,539.8,0,-0.6966,-0.613,-0.2649,0.1867,-1.2958,-1.0646,0.0
C0071,MN Community 071,MN,2025,100912,20502,70445,31.84,38.0,1.72,2738.7,0,1.548,-1.0145,1.5303,-0.7137,-0.8813,0.8101,0.0
C0072,TN Community 072,TN,2025,32053,6611,109653,12.57,46.87,4.029,724.3,2,-0.9036,1.6147,-0.2311,0.3606,1.0705,-0.2991,6.2397
C0073,NC Community 073,NC,2025,86903,19479,55363,35.59,26.99,2.628,1058.8,0,0.2481,1.3891,1.408,0.9338,-0.4097,1.535,0.0
C0074,NC Community 074,NC,2025,105349,22946,61787,33.85,48.24,0.077,2647.2,0,-2.113,0.4896,1.2076,-0.6507,-0.2504,1.1475,0.0
C0075,CA Community 075,CA,2025,8025,2289,66313,21.75,31.15,1.652,365.0,0,1.0489,0.8558,0.1235,0.399,0.9975,0.2436,0.0
C0076,OH Community 076,OH,2025,267114,65215,108004,20.08,46.05,3.99,869.9,3,0.0911,1.1019,1.2298,1.3732,1.6007,0.9917,1.1231
C0077,OH Community 077,OH,2025,64196,13175,37916,33.22,19.44,3.602,99.7,0,-0.0534,-0.7825,-1.4858,-1.2305,0.2881,0.5645,0.0
C0078,MN Community 078,MN,2025,17591,4044,96525,20.35,45.71,4.494,9866.5,0,1.6129,-0.7736,-0.293,-1.3221,0.6412,-1.1203,0.0
C0079,MA Community 079,MA,2025,37621,9283,41007,30.06,34.77,1.231,639.7,0,-1.5935,-0.6281,-1.4389,0.8585,-1.5946,0.227,0.0
C0080,VA Community 080,VA,2025,59813,13174,76999,27.63,31.78,1.988,1055.4,0,1.3826,-0.7753,-1.2255,-1.6475,0.6135,-0.2179,0.0
C0081,NC Community 081,NC,2025,36196,7939,36934,34.82,6.0,2.87,345.4,0,-1.0263,0.6051,-1.0718,-1.2448,-0.7843,-1.0421,0.0
C0082,GA Community 082,GA,2025,42646,9603,59674,29.45,25.84,1.669,2996.5,0,0.5451,0.951,-0.4022,0.0073,-0.9861,1.0437,0.0
C0083,WA Community 083,WA,2025,34811,6381,75521,20.42,27.68,3.317,217.3,0,0.4968,0.7714,0.714,1.1145,0.9413,-0.1902,0.0
C0084,OR Community 084,OR,2025,78048,19715,87996,20.97,42.08,1.642,185.7,0,0.2379,0.8663,-0.1934,0.4381,-0.1426,-0.2279,0.0
C0085,IL Community 085,IL,2025,125157,21807,58110,30.01,29.51,0.053,507.2,0,-1.3299,0.9065,1.4987,0.9432,-1.3995,-0.3864,0.0
C0086,WA Community 086,WA,2025,102015,23059,81810,26.17,39.48,1.27,1256.0,0,1.1896,-0.278,-1.2873,-0.8634,1.0276,-2.5081,0.0
C0087,OH Community 087,OH,2025,197574,40463,37102,30.2,26.75,0.05,559.3,0,0.3493,-0.062,0.1441,0.1439,0.5174,0.0724,0.0
C0088,NC Community 088,NC,2025,67160,15579,56033,33.89,22.96,2.902,1208.7,0,0.6417,0.0174,-0.3327,-0.4961,0.2903,-1.1001,0.0
C0089,MI Community 089,MI,2025,75241,15952,37054,32.18,21.42,1.697,1293.4,0,0.4847,0.631,0.8583,1.0111,-1.1863,-1.7823,0.0
C0090,MO Community 090,MO,2025,80329,17034,71798,20.68,35.75,2.673,994.1,0,-0.3821,1.4464,0.404,-0.1025,0.9289,2.3243,0.0
C0091,FL Community 091,FL,2025,30539,5541,57843,33.06,33.33,3.675,548.6,0,1.4667,1.1324,-0.0731,1.1336,0.5247,1.4952,0.0
C0092,AZ Community 092,AZ,2025,157996,36816,103808,16.93,34.56,2.873,143.5,1,0.7019,1.6522,-0.1884,-0.5064,0.9562,-0.9949,0.6329
C0093,MO Community 093,MO,2025,97624,14609,75144,25.61,38.22,3.544,497.4,1,-1.34,-1.6771,0.9457,-0.0693,-1.4803,0.2967,1.0243
C0094,PA Community 094,PA,2025,131048,30956,61671,31.47,40.11,2.247,657.4,1,0.1197,-0.6202,-0.5939,-0.5624,0.1267,-0.5232,0.7631
C0095,MO Community 095,MO,2025,35440,7895,44488,37.25,18.5,0.05,561.7,0,0.5906,0.2671,-0.7527,1.178,-0.3486,-0.1557,0.0
C0096,WA Community 096,WA,2025,85927,15813,59766,28.25,28.01,2.678,413.5,0,0.2512,0.362,0.7075,0.487,1.2804,0.0179,0.0
C0097,MI Community 097,MI,2025,24964,5569,74276,23.61,32.82,3.885,4840.4,0,0.2965,-0.1228,-0.3357,1.3455,-0.363,0.5674,0.0
C0098,TN Community 098,TN,2025,15313,2907,78538,25.78,29.74,2.678,1058.9,0,0.5207,0.1047,0.1382,-1.2321,1.1048,-0.245,0.0
C0099,OR Community 099,OR,2025,86618,18362,49118,31.8,24.37,4.287,1481.9,1,-0.4559,0.6807,0.015,0.6727,0.0735,1.7172,1.1545
C0100,AZ Community 100,AZ,2025,110837,25909,44919,31.92,27.08,0.608,235.2,0,-1.4106,-0.1524,-0.1283,2.1268,-0.7514,0.169,0.0
C0101,MA Community 101,MA,2025,202520,45040,44696,26.5,16.86,1.609,380.9,1,0.3066,-0.4064,0.986,-0.8156,-0.1382,1.8194,0.4938
C0102,MN Community 102,MN,2025,93506,24326,56326,28.71,33.77,0.05,1191.4,0,-0.1825,0.4765,-0.738,-0.9709,-0.547,0.614,0.0
C0103,OH Community 103,OH,2025,70217,16008,38687,27.78,29.21,2.915,4125.1,0,-0.6623,1.5475,0.992,-1.4207,-0.5275,0.6325,0.0
C0104,FL Community 104,FL,2025,59292,10644,45653,27.74,23.5,1.807,888.6,0,1.3884,-0.3757,-2.5701,-1.9306,-2.5965,-0.2328,0.0
C0105,PA Community 105,PA,2025,72521,17321,23329,35.91,10.45,2.01,6808.9,0,0.7485,0.4301,0.1662,-1.3367,0.4975,0.6633,0.0
C0106,VA Community 106,VA,2025,22196,4485,65107,28.67,36.06,1.987,321.2,0,0.1207,-0.1705,0.9217,-0.2007,0.1089,-1.3298,0.0
C0107,NY Community 107,NY,2025,40077,9832,97286,13.27,49.29,5.276,823.4,0,-0.7807,0.6663,1.4921,0.3775,-0.4682,0.3677,0.0
C0108,GA Community 108,GA,2025,17737,3998,100949,23.82,50.06,4.009,122.5,0,2.0026,-0.5209,1.0136,0.9373,0.0847,0.8555,0.0
C0109,CO Community 109,CO,2025,79926,18944,110735,14.87,41.11,1.481,1075.0,0,0.055,0.5789,-0.3365,0.1273,-0.8499,-0.7504,0.0
C0110,NY Community 110,NY,2025,7902,1774,89730,25.67,43.12,5.08,2661.5,0,-0.4398,0.7765,-0.4797,-1.045,0.523,-1.6766,0.0
C0111,GA Community 111,GA,2025,29091,6419,43211,38.81,16.84,1.576,2184.4,0,-0.4835,-0.6082,-0.3079,0.0041,-1.632,-0.8634,0.0
C0112,MA Community 112,MA,2025,84761,17985,70443,30.44,31.71,4.449,97.5,0,0.1251,-0.3739,0.5162,0.9198,0.2762,0.6675,0.0
C0113,NC Community 113,NC,2025,6461,1659,56774,27.05,21.43,2.092,826.5,0,0.9681,-0.522,1.2441,0.2096,-0.0437,1.7473,0.0
C0114,WI Community 114,WI,2025,31234,6339,70354,25.81,40.86,3.627,85.5,0,-0.6991,-0.283,0.3826,0.3864,-0.0309,1.8921,0.0
C0115,NY Community 115,NY,2025,54770,11490,63231,22.82,30.69,1.614,1023.4,0,-0.5602,-2.2561,1.208,0.6896,0.366,0.2987,0.0
C0116,OR Community 116,OR,2025,60782,11085,75306,32.22,46.41,1.563,1518.4,0,-1.3021,0.6243,0.5083,0.6012,-0.6114,-0.5556,0.0
C0117,TX Community 117,TX,2025,29572,6349,74066,15.39,41.61,2.874,662.1,0,0.1486,-0.8432,-0.7406,0.203,-1.2379,0.9954,0.0
C0118,IL Community 118,IL,2025,137867,24186,117516,13.03,55.3,3.172,71.4,1,-0.0444,-0.8354,0.8011,-2.3668,-0.1913,-0.7577,0.7253
C0119,MN Community 119,MN,2025,161625,45724,70123,26.4,31.8,4.029,615.4,0,0.169,-0.3186,-1.7961,1.8024,-0.6734,0.4468,0.0
C0120,MN Community 120,MN,2025,205542,52575,60448,29.44,30.48,0.05,1371.3,0,-0.3934,-0.6737,1.4678,-0.0525,0.7907,1.631,0.0
C0121,AZ Community 121,AZ,2025,29204,5939,47248,35.78,16.84,2.282,1980.1,0,0.7158,0.2865,1.563,-0.6045,-0.6064,-0.0101,0.0
C0122,WI Community 122,WI,2025,38009,7426,76844,19.69,26.42,4.651,3895.0,0,0.4599,0.2524,-1.709,0.6857,-0.6865,0.9639,0.0
C0123,MN Community 123,MN,2025,18636,4124,54993,26.49,28.36,1.917,185.3,0,-0.6036,-1.5508,-0.0357,0.1713,2.113,0.2187,0.0
C0124,WA Community 124,WA,2025,20086,3900,70648,28.17,35.42,2.668,229.6,0,-0.4306,0.2616,-0.59,-0.2668,-0.3452,-0.2654,0.0
C0125,WA Community 125,WA,2025,79748,20214,52336,34.64,39.09,2.439,116.7,0,1.026,-1.7788,0.6834,0.5932,-0.4144,0.7636,0.0
C0126,GA Community 126,GA,2025,77056,15426,80085,27.88,39.6,4.176,562.3,0,-1.4486,0.9823,1.4914,-0.0256,0.8365,-0.2358,0.0
C0127,WA Community 127,WA,2025,191671,39728,63214,32.09,36.18,2.347,722.3,1,1.7723,-0.655,-2.0956,-0.9181,2.4096,1.0227,0.5217
C0128,TX Community 128,TX,2025,169604,30913,47155,40.98,22.0,3.187,695.7,1,0.8401,-0.3183,-0.4548,0.7419,0.373,0.7412,0.5896
C0129,CO Community 129,CO,2025,74391,18179,52671,35.15,30.84,1.885,847.6,0,0.6258,1.7068,-0.0441,1.3836,-2.1493,-0.8361,0.0
C0130,OH Community 130,OH,2025,119292,32154,49748,36.42,33.89,0.702,451.7,0,-0.5338,-0.032,-0.3288,0.4079,1.0435,-0.1486,0.0
C0131,IL Community 131,IL,2025,103912,20669,79851,20.94,29.95,2.184,388.7,0,0.891,-0.6011,1.5969,-0.5226,0.134,-0.4469,0.0
C0132,OR Community 132,OR,2025,20117,4452,82950,26.91,31.37,3.079,784.9,0,0.5245,0.6575,-0.3988,0.6511,0.8419,0.2848,0.0
C0133,MO Community 133,MO,2025,96145,18394,65002,36.01,25.86,1.679,2186.1,0,-0.0053,-0.312,-0.4895,0.1493,-0.4933,-0.0039,0.0
C0134,PA Community 134,PA,2025,54344,10193,69400,33.3,27.21,1.843,1036.7,0,-0.5616,-0.5697,0.4042,-1.4263,0.6972,0.4509,0.0
C0135,MO Community 135,MO,2025,20583,5066,29498,40.26,13.18,0.05,218.3,0,0.7739,0.3453,1.8704,-1.4656,0.101,0.8587,0.0
C0136,NY Community 136,NY,2025,29950,6328,53303,31.07,34.62,0.836,313.2,0,-1.678,-0.2009,-1.4338,0.1012,1.701,1.3653,0.0
C0137,CA Community 137,CA,2025,48596,11340,86992,18.81,45.41,3.13,1264.2,0,0.3582,0.9324,-0.086,-0.0024,-0.6848,-0.4008,0.0
C0138,TN Community 138,TN,2025,77776,18580,59006,32.46,29.18,2.572,4208.4,1,1.107,-1.0223,-1.2201,0.6743,0.364,-0.2521,1.2857
C0139,WA Community 139,WA,2025,122600,31591,63746,23.17,38.05,3.866,453.9,0,-0.9275,-0.6015,-0.8356,0.5025,-0.5173,1.1626,0.0
C0140,TN Community 140,TN,2025,110451,24721,93455,23.44,39.25,4.127,234.2,1,-0.0399,-1.2166,0.4404,-1.7805,0.4939,-1.5624,0.9054
C0141,GA Community 141,GA,2025,15785,3409,82422,25.04,49.38,1.542,205.8,0,-1.5681,-0.0559,1.0548,-1.4893,0.2152,-0.7417,0.0
C0142,MA Community 142,MA,2025,104921,20633,54948,33.83,29.27,3.336,660.7,0,-0.4682,-0.5658,1.0719,3.0184,1.2817,-0.88,0.0
C0143,OR Community 143,OR,2025,42325,10498,74160,24.52,32.35,1.08,303.4,0,0.1383,1.0374,-0.9417,-1.1346,-0.4803,0.5974,0.0
C0144,MI Community 144,MI,2025,177631,45701,72672,32.22,10.45,3.477,631.2,0,-0.9706,-0.1171,0.7143,-0.1238,0.1804,-0.8051,0.0
C0145,MO Community 145,MO,2025,53008,9477,75032,25.2,34.56,4.244,279.8,0,0.5317,0.0562,-0.851,0.3769,-0.0,0.0629,0.0
C0146,OH Community 146,OH,2025,216003,43422,85211,26.69,46.72,3.006,2864.1,0,0.3416,-0.2859,-0.2092,0.2627,0.3309,-0.0398,0.0
C0147,TN Community 147,TN,2025,81642,16461,48369,35.6,14.46,0.05,1944.6,0,1.2609,-0.0776,-0.1095,-0.9347,1.7422,1.3034,0.0
C0148,IL Community 148,IL,2025,154150,29963,95869,24.28,36.58,4.69,1623.7,0,0.7171,0.2972,-0.6527,-0.6225,0.2221,0.4012,0.0
C0149,OR Community 149,OR,2025,30451,7272,38364,34.84,12.79,0.732,1135.7,0,-0.7207,0.3781,-0.933,-1.5413,-0.7293,0.5126,0.0
C0150,NY Community 150,NY,2025,31371,6863,73944,24.43,31.21,2.998,799.4,0,-0.3882,-0.1677,1.7671,-0.5027,0.8253,-0.9136,0.0
C0151,AZ Community 151,AZ,2025,22824,5385,31417,37.37,11.42,3.536,496.4,0,-1.1488,-0.7765,0.5404,-0.3372,1.0653,0.1069,0.0
C0152,TX Community 152,TX,2025,32518,7243,67862,22.86,38.72,4.097,400.3,0,1.0828,-1.0232,1.3835,0.4352,1.2038,-1.5832,0.0
C0153,TX Community 153,TX,2025,74680,18878,81752,25.53,41.77,4.43,833.4,0,-0.0786,-1.1631,0.1572,0.2542,-1.1195,-0.1285,0.0
C0154,GA Community 154,GA,2025,70304,15401,70448,35.68,33.41,3.452,212.4,0,0.3621,0.5073,0.9414,-0.0045,-0.1077,0.1546,0.0
C0155,TN Community 155,TN,2025,57417,15298,84260,30.65,42.19,4.991,487.2,0,-0.5875,0.7432,1.2746,-0.2642,0.0128,1.6241,0.0
C0156,NY Community 156,NY,2025,57347,15048,83928,24.87,29.29,4.617,175.0,0,0.1584,-1.3484,-0.1699,-0.1508,-0.0144,0.1124,0.0
C0157,FL Community 157,FL,2025,61135,12397,95778,22.19,36.37,3.45,2353.0,0,-0.266,0.2418,-1.4119,0.0101,1.1152,1.5034,0.0
C0158,OH Community 158,OH,2025,46026,11366,58191,29.31,24.07,0.05,554.1,0,0.7595,0.8094,-1.5291,1.8295,0.7521,0.2662,0.0
C0159,MN Community 159,MN,2025,87679,19461,57927,25.09,32.66,0.099,863.4,0,-0.6046,1.1901,0.4052,1.054,0.3867,0.5289,0.0
C0160,MI Community 160,MI,2025,63952,15746,86463,18.88,45.3,3.376,392.9,0,-0.596,0.9769,0.2043,-0.0793,0.6414,-1.0183,0.0
C0161,WI Community 161,WI,2025,59546,11001,58502,37.79,28.45,4.006,682.1,0,-2.0371,-1.7259,-0.4864,1.685,0.2869,-0.9315,0.0
C0162,OH Community 162,OH,2025,53108,12538,73864,18.68,37.19,3.93,157.0,1,0.2022,-1.2267,-0.5295,0.8803,0.749,0.0812,1.883
C0163,CA Community 163,CA,2025,17611,3976,60501,35.62,38.99,1.927,725.1,0,0.7263,-1.4566,1.367,0.3837,0.7317,-1.5992,0.0
C0164,CO Community 164,CO,2025,150235,34309,36772,32.75,24.11,0.782,2000.7,0,-0.9086,0.3148,-1.2349,-0.6251,0.8635,-1.0266,0.0
C0165,NC Community 165,NC,2025,76402,20097,43828,36.42,26.04,0.05,365.8,0,-0.1921,1.1627,-1.2781,0.1669,1.4621,1.0301,0.0
C0166,AZ Community 166,AZ,2025,97474,18254,78506,28.75,30.06,4.89,842.8,0,-0.6634,1.0042,1.7773,-1.3574,1.2237,1.3381,0.0
C0167,TX Community 167,TX,2025,54523,12867,87579,26.33,45.49,1.79,705.9,0,-0.0772,-0.1197,1.2967,-0.187,-0.3725,-0.1711,0.0
C0168,WI Community 168,WI,2025,25136,4960,84573,26.86,28.57,0.05,902.5,0,0.3464,0.005,0.4304,-0.5979,-0.3926,0.2456,0.0
C0169,NC Community 169,NC,2025,47999,9768,80882,31.72,49.43,3.758,794.3,0,-0.144,-0.5757,1.4548,0.0389,0.0677,-0.3849,0.0
C0170,TX Community 170,TX,2025,27353,6401,52875,33.13,27.91,0.198,4242.8,0,-1.057,-0.5377,0.6641,-0.1244,-1.8612,0.2289,0.0
C0171,CO Community 171,CO,2025,62305,11736,77706,26.54,32.56,0.05,369.3,0,-0.7801,1.2838,-0.7996,-0.4659,-1.3241,-0.3326,0.0
C0172,CO Community 172,CO,2025,50039,7854,40007,38.24,15.3,1.625,931.6,0,0.4594,0.4357,0.0075,-1.9293,-1.3622,-0.0758,0.0
C0173,WI Community 173,WI,2025,19546,4592,76536,21.06,36.5,3.178,704.4,0,-0.0654,-0.3549,-0.7737,0.6321,-0.2148,1.0422,0.0
C0174,MI Community 174,MI,2025,294253,73089,45570,35.49,25.88,0.482,221.3,1,-0.064,-0.7709,0.3304,0.0763,0.6936,-1.8831,0.3398
C0175,FL Community 175,FL,2025,167540,38341,89634,19.92,35.87,4.204,280.7,0,-0.0977,-2.5425,-0.1045,-0.8727,1.0533,0.404,0.0
C0176,OH Community 176,OH,2025,61752,15010,69487,21.31,26.5,3.144,622.9,0,-1.4989,0.7889,0.2762,1.5437,-0.0309,-0.9937,0.0
C0177,FL Community 177,FL,2025,89597,16843,97214,26.24,44.21,3.029,2403.3,0,0.4785,1.038,1.2987,0.86,0.9611,-2.4584,0.0
C0178,FL Community 178,FL,2025,50329,12040,73857,34.63,26.99,1.78,259.2,0,-0.2404,2.1447,-0.3871,0.6508,-1.3475,-2.6627,0.0
C0179,NC Community 179,NC,2025,105031,20140,49053,31.91,22.84,2.157,622.8,0,-0.2753,-0.6678,-0.6536,-2.054,0.1157,-0.8114,0.0
C0180,GA Community 180,GA,2025,41855,9028,57809,32.42,20.22,3.541,2788.5,0,-0.4032,-0.6402,-0.6032,-0.2579,0.9466,0.8573,0.0
C0181,OR Community 181,OR,2025,442398,90969,47039,28.8,32.54,1.893,680.1,0,-1.8956,-0.0382,-2.2185,-1.4425,-2.9847,-0.3454,0.0
C0182,OR Community 182,OR,2025,434257,96630,48558,30.27,21.35,0.955,907.0,0,0.8126,-0.8744,-0.231,2.361,0.3791,1.4954,0.0
C0183,WA Community 183,WA,2025,100637,23933,79624,25.65,28.65,3.479,1667.1,1,-2.2264,0.3841,0.3661,1.7461,-0.5094,0.4257,0.9937
C0184,IL Community 184,IL,2025,58828,8989,65748,27.43,41.87,3.964,354.6,0,1.1097,-0.8009,0.7216,0.1144,0.8134,0.3048,0.0
C0185,NC Community 185,NC,2025,46698,9301,63061,27.92,25.17,1.402,216.3,0,-1.5507,1.571,-0.241,-1.6961,-0.5252,0.1576,0.0
C0186,VA Community 186,VA,2025,144304,34471,38697,36.47,23.51,0.05,103.5,0,-0.3573,-0.3166,-0.6552,0.4184,0.9026,0.8315,0.0
C0187,WI Community 187,WI,2025,125311,28779,128036,6.48,57.73,6.352,2946.6,2,1.0606,2.0643,0.3414,0.339,0.3475,-1.3057,1.596
C0188,MO Community 188,MO,2025,31231,6090,99010,15.15,42.77,5.27,813.1,0,0.8572,0.9716,0.218,-1.1273,0.0894,-1.0131,0.0
C0189,IL Community 189,IL,2025,134726,28417,78188,23.22,27.46,2.922,4661.4,0,-1.6102,-0.9616,-0.2594,1.259,0.2423,-1.6905,0.0
C0190,AZ Community 190,AZ,2025,101691,21809,65183,24.52,29.7,1.827,201.6,0,-0.3015,0.8248,-0.7967,1.4378,-0.9834,1.0086,0.0
C0191,NY Community 191,NY,2025,132320,29898,61800,31.05,35.66,1.369,5862.5,0,-0.0674,-0.7335,-0.488,-1.9911,-0.0454,-0.608,0.0
C0192,AZ Community 192,AZ,2025,114737,22489,76712,22.93,34.17,2.91,640.8,1,0.9481,-1.2342,-0.5879,0.4957,1.4885,0.471,0.8716
C0193,OH Community 193,OH,2025,68469,16124,49485,31.41,16.16,0.05,1536.4,0,-1.5193,0.2665,-1.9772,0.6547,0.6249,-0.439,0.0
C0194,OH Community 194,OH,2025,129219,37679,97776,18.07,39.87,4.187,1550.7,3,-1.2726,-0.446,0.8702,-0.1123,-1.4793,0.9563,2.3216
C0195,CO Community 195,CO,2025,75646,14781,86445,27.79,54.67,1.716,270.4,0,-1.0536,0.4043,-0.971,1.7051,-0.6108,-1.8287,0.0
C0196,NC Community 196,NC,2025,256628,73195,79816,20.73,55.45,1.654,125.1,2,-1.9221,-0.5089,-1.0839,1.7592,0.0085,-1.5912,0.7793
C0197,OR Community 197,OR,2025,78703,18486,70751,21.96,26.48,6.071,1155.0,0,1.8854,0.5385,-0.1108,0.9316,-0.0174,-0.632,0.0
C0198,CO Community 198,CO,2025,29850,6567,54408,32.95,36.61,0.05,120.6,0,-0.2947,0.067,-0.0293,-0.2546,1.1817,-1.7547,0.0
C0199,WI Community 199,WI,2025,24668,5177,113584,20.28,51.49,4.891,266.9,0,1.9772,-0.2731,0.7609,-0.3912,0.9706,0.2613,0.0
C0200,NC Community 200,NC,2025,20097,3895,45447,36.48,30.1,3.729,534.5,0,0.549,-0.2839,-0.935,0.6846,0.5038,0.3839,0.0
C0201,CO Community 201,CO,2025,55277,11710,57690,26.11,40.13,1.31,482.8,0,-0.7529,0.0965,-0.2099,-0.7468,0.5123,1.8613,0.0
C0202,MO Community 202,MO,2025,66445,13641,88634,22.37,43.38,5.168,673.5,0,1.3067,-0.0631,-0.9738,-0.7683,-1.0806,-1.6267,0.0
C0203,CO Community 203,CO,2025,10226,2266,66091,25.82,35.82,0.05,308.5,0,1.7445,-1.5159,-0.5255,0.5346,0.7573,0.1486,0.0
C0204,MO Community 204,MO,2025,38086,9257,82668,29.97,38.57,2.557,557.6,0,1.3034,1.3117,0.399,-2.5043,-0.4209,0.9786,0.0
C0205,FL Community 205,FL,2025,25255,4527,88590,27.37,30.34,2.374,736.2,0,0.2837,-0.3523,-2.1189,0.261,0.1993,-0.4578,0.0
C0206,WI Community 206,WI,2025,40299,8378,59218,26.41,24.98,3.429,421.3,1,-0.0818,-0.8411,1.0909,-0.7969,-0.1005,-0.9435,2.4815
C0207,PA Community 207,PA,2025,356534,65901,68670,28.18,27.28,3.388,579.8,0,1.1133,-0.4167,1.2421,1.514,0.6119,-0.5165,0.0
C0208,TX Community 208,TX,2025,46447,9660,97829,16.68,32.84,3.912,2593.4,0,1.3974,0.1312,0.097,-0.7609,-0.4057,1.2375,0.0
C0209,NC Community 209,NC,2025,35165,7421,74217,26.33,26.95,2.501,7361.8,0,-0.5213,-0.1902,-0.6105,0.9701,-0.8032,0.9081,0.0
C0210,TN Community 210,TN,2025,28263,6675,104090,22.25,42.41,1.705,354.3,0,-0.6858,-0.4984,-1.5002,0.2721,-0.8825,0.635,0.0
C0211,GA Community 211,GA,2025,47379,9193,92311,16.34,39.13,3.591,1724.4,0,1.2331,0.42,0.0327,1.1993,-0.3025,1.4176,0.0
C0212,NY Community 212,NY,2025,50802,12583,61875,28.06,33.48,2.55,115.7,0,0.5904,2.3552,1.8278,-0.3592,-0.3866,-1.4385,0.0
C0213,VA Community 213,VA,2025,183955,37871,97617,16.85,39.06,3.3,1356.6,1,0.1097,-0.2437,0.1751,-0.5935,0.1629,2.3392,0.5436
C0214,WI Community 214,WI,2025,36266,7394,75533,35.58,35.69,3.558,3213.5,0,1.2539,-0.5511,-0.3518,-0.9854,-1.6181,-1.0403,0.0
C0215,NY Community 215,NY,2025,31892,6682,50461,36.5,25.38,1.412,201.6,0,0.889,0.1106,0.2734,1.255,0.0924,-1.7854,0.0
C0216,FL Community 216,FL,2025,16956,3998,41289,27.8,19.09,0.05,761.9,0,-0.4879,-1.7222,0.9333,-0.6977,-1.4989,0.3906,0.0
C0217,OR Community 217,OR,2025,25808,5571,70559,31.8,29.51,2.579,528.7,0,-1.7117,1.164,-0.27,-0.2727,-0.2104,-1.7062,0.0
C0218,MI Community 218,MI,2025,95824,18602,83012,27.17,39.77,3.193,2132.3,0,-0.0851,0.3652,1.3195,1.296,0.1375,0.6727,0.0
C0219,VA Community 219,VA,2025,58704,13164,33456,38.39,29.42,0.414,592.2,0,-1.8738,0.4709,-0.3506,0.7202,-0.8721,-0.3247,0.0
C0220,GA Community 220,GA,2025,171002,36067,53260,29.35,27.95,1.304,523.1,0,1.2255,0.0115,-0.1029,0.1962,0.602,1.5065,0.0
C0221,NY Community 221,NY,2025,54292,10931,81446,29.59,30.08,3.738,301.0,0,-0.9221,0.8682,0.4658,0.9592,-1.3971,0.9812,0.0
C0222,MO Community 222,MO,2025,37232,7765,100408,14.7,41.62,0.05,739.6,0,-0.7315,0.2803,-0.8175,0.4643,0.4221,-2.1246,0.0
C0223,GA Community 223,GA,2025,75084,14408,33468,35.21,30.89,2.01,833.3,0,-0.0,-0.2894,-0.0782,-2.4459,-1.2198,-1.4814,0.0
C0224,WI Community 224,WI,2025,70458,16639,59685,32.43,37.31,3.488,627.7,0,-0.112,0.5965,0.4346,0.0649,-1.2479,-1.7307,0.0
C0225,CO Community 225,CO,2025,140423,28660,60277,29.13,42.81,3.023,1079.4,0,1.903,-1.3703,-0.1508,0.3033,-1.0819,-0.4896,0.0
C0226,NY Community 226,NY,2025,63574,14568,33444,33.83,16.69,1.783,148.0,0,-0.518,2.2935,0.0192,-0.8232,-0.4547,0.8165,0.0
C0227,GA Community 227,GA,2025,59284,12572,51332,42.91,26.03,0.888,250.9,0,0.3414,0.0363,2.8333,-0.0845,1.2364,-0.8523,0.0
C0228,WA Community 228,WA,2025,98235,17897,75154,22.99,48.36,1.664,2566.1,0,-0.25,0.8592,-0.2867,0.4356,0.602,-1.2229,0.0
C0229,TN Community 229,TN,2025,96522,20114,64928,25.45,40.71,1.429,188.1,0,-1.2088,1.0722,0.5191,1.3367,-0.8217,1.3155,0.0
C0230,NY Community 230,NY,2025,79026,16827,99383,14.66,42.76,5.435,1649.4,0,-0.1833,1.1835,-1.056,-0.3432,-0.0085,-0.6474,0.0
C0231,CO Community 231,CO,2025,509672,96581,125004,19.32,50.5,4.307,279.1,3,0.1899,-0.3448,-0.9168,-0.8326,0.8176,-0.4938,0.5886
C0232,PA Community 232,PA,2025,237549,57132,56326,34.33,31.67,4.085,1340.1,0,2.8261,-0.0028,-0.3376,1.0208,-0.4809,0.6057,0.0
C0233,GA Community 233,GA,2025,190451,46017,52575,28.77,17.95,0.791,234.2,1,0.5579,-0.823,-1.688,0.1492,1.0512,1.8346,0.5251
C0234,MA Community 234,MA,2025,28569,5205,50700,28.17,26.59,3.807,163.4,0,-0.055,1.6008,-1.4033,-0.6143,-0.3651,-1.0249,0.0
C0235,MA Community 235,MA,2025,137423,29077,96101,17.71,38.54,5.402,1850.8,2,0.4655,1.276,-0.2591,0.5055,0.2447,0.1646,1.4554
C0236,GA Community 236,GA,2025,60648,12826,103258,19.13,51.35,4.55,505.9,0,-0.0809,0.7359,-0.3546,0.4874,0.8576,-0.7497,0.0
C0237,VA Community 237,VA,2025,14794,3563,66861,26.49,35.15,5.855,1941.0,0,-0.1585,0.5056,0.2778,1.3298,1.0137,-1.3132,0.0
C0238,MI Community 238,MI,2025,43973,8622,42302,30.35,6.54,0.05,516.2,0,0.0595,-0.9453,1.5366,1.3534,1.1403,0.4019,0.0
C0239,IL Community 239,IL,2025,37659,6269,63102,26.11,20.48,1.654,432.6,0,-0.9702,0.1947,0.712,-0.0831,-1.0288,-0.4826,0.0
C0240,AZ Community 240,AZ,2025,74876,14474,88712,19.15,22.24,3.465,511.6,1,0.3792,-1.5424,1.4649,-0.2294,0.0488,0.9255,1.3355
C0241,MN Community 241,MN,2025,69018,15167,73465,27.72,41.82,1.384,1707.6,1,-1.5181,0.7202,-0.3651,0.9553,-2.3347,0.4917,1.4489
C0242,MI Community 242,MI,2025,60765,14945,56673,32.07,32.86,5.313,1694.3,0,0.4273,-1.3506,-1.5774,0.6502,0.2798,-0.9373,0.0
C0243,TX Community 243,TX,2025,77255,16401,41104,22.17,36.5,4.344,510.0,0,-0.4018,2.4577,-0.0532,-0.3251,0.0865,0.974,0.0
C0244,VA Community 244,VA,2025,168489,35099,52246,27.1,28.64,0.433,283.3,1,0.8071,0.3526,-1.1686,-1.611,0.0865,-2.4474,0.5935
C0245,FL Community 245,FL,2025,67408,12174,48720,33.05,19.38,0.05,1020.4,0,-2.3798,0.3803,-0.9805,1.0575,-0.2502,-0.7276,0.0
C0246,NY Community 246,NY,2025,137587,32492,77170,22.44,36.2,4.42,289.0,0,-0.112,-0.92,-0.1497,-0.6113,0.1529,0.1189,0.0
C0247,PA Community 247,PA,2025,133838,30974,53006,32.81,41.18,1.297,1678.6,0,-1.1393,-0.833,-0.4236,0.9407,-0.0942,2.555,0.0
C0248,IL Community 248,IL,2025,136609,23175,65102,28.55,30.22,0.05,1056.4,0,1.192,0.0729,-0.3653,0.6845,-1.4867,0.4921,0.0
C0249,CA Community 249,CA,2025,76946,19288,93543,20.11,35.24,3.411,703.1,0,-0.5471,0.0469,0.9772,-1.2918,-1.9173,0.0718,0.0
C0250,OR Community 250,OR,2025,199925,39474,101885,22.35,43.43,3.241,149.0,0,-1.9148,0.3198,-2.1398,0.4288,0.8276,1.5492,0.0
C0251,TN Community 251,TN,2025,44535,9489,74221,16.67,35.01,5.959,526.3,2,1.6278,-0.4171,-0.0489,0.6737,-2.4061,0.1775,4.4908
C0252,NY Community 252,NY,2025,104584,22128,74902,29.13,30.06,5.371,432.1,0,0.9,0.7825,-1.1599,-0.0286,0.4523,-0.0576,0.0
C0253,CA Community 253,CA,2025,341884,86738,97104,16.01,34.54,3.042,6876.0,0,-2.0961,0.0996,0.2135,-1.2965,0.2063,-0.4033,0.0
C0254,CO Community 254,CO,2025,45108,8956,88206,20.81,44.39,1.971,866.7,0,1.0076,-0.0724,0.8945,0.8775,-1.4731,-0.9892,0.0
C0255,GA Community 255,GA,2025,64775,11846,54385,30.59,36.9,1.893,204.6,0,-1.9183,0.0741,0.8509,-0.9283,1.5588,-0.3729,0.0
C0256,TX Community 256,TX,2025,53017,14341,51537,21.85,14.97,2.698,340.3,0,-2.0285,0.3838,1.411,0.2416,0.3723,-0.8874,0.0
C0257,WA Community 257,WA,2025,48411,8896,65016,32.36,30.24,2.713,487.4,0,0.8366,0.6297,0.6368,-0.1792,1.2147,-0.7033,0.0
C0258,GA Community 258,GA,2025,132503,29394,92845,27.88,43.67,5.223,280.0,0,0.3925,-0.2865,0.0903,0.765,1.1105,-0.0881,0.0
C0259,NC Community 259,NC,2025,74523,15626,56777,26.36,33.23,5.317,1378.0,0,-0.2236,0.1539,0.4418,-0.5819,-0.1032,-0.1857,0.0
C0260,IL Community 260,IL,2025,102191,23416,84286,23.63,32.33,1.93,231.9,0,-1.6897,0.9547,0.7722,0.3343,-0.9881,-0.7626,0.0
C0261,OH Community 261,OH,2025,38440,9425,72314,23.72,41.29,1.963,330.0,0,-2.3081,2.6651,1.3086,0.853,0.9298,-0.7413,0.0
C0262,IL Community 262,IL,2025,24985,4460,70430,23.74,30.75,2.975,41.9,0,-0.4032,-0.8466,0.2201,0.2388,-0.5633,-1.0483,0.0
C0263,NY Community 263,NY,2025,160711,34316,87176,21.89,45.44,5.924,219.8,2,-0.6901,-0.7571,-0.0308,-1.6306,0.8323,0.447,1.2445
C0264,CO Community 264,CO,2025,43937,11923,90237,23.31,39.03,1.444,288.4,0,3.2429,1.7029,0.2362,0.798,-1.067,1.4768,0.0
C0265,WI Community 265,WI,2025,52317,11553,52741,27.53,37.04,1.588,786.5,0,-1.5185,0.7197,0.7262,-0.1152,-0.5451,0.1021,0.0
C0266,GA Community 266,GA,2025,127439,26239,84804,27.02,42.6,4.367,3569.7,0,0.1219,1.0964,0.0352,-0.7233,-0.5402,-0.8517,0.0
C0267,VA Community 267,VA,2025,23731,4870,43880,35.73,23.56,0.05,300.2,0,-2.2876,-1.0064,0.9556,0.6264,-0.8247,-0.0543,0.0
C0268,WA Community 268,WA,2025,31492,6669,99579,24.21,34.44,0.866,1042.1,0,0.205,-1.3259,-0.1484,0.0506,0.388,1.4048,0.0
C0269,CO Community 269,CO,2025,27734,6323,87212,25.25,29.53,5.668,849.8,0,-0.9492,1.436,1.3927,-0.1958,0.3486,-0.4686,0.0
C0270,AZ Community 270,AZ,2025,37721,9294,29860,36.9,14.93,0.05,3280.2,0,0.9544,1.0774,-0.1253,1.8827,-0.5054,-0.8909,0.0
C0271,MA Community 271,MA,2025,76532,19622,51541,34.45,19.73,3.256,3904.4,0,-0.2928,-0.6117,2.3601,0.8877,-0.9235,0.1803,0.0
C0272,FL Community 272,FL,2025,56819,12033,55606,27.49,32.23,1.712,1432.6,0,-2.0366,-0.8184,0.8533,-0.3712,-1.2176,-0.5214,0.0
C0273,GA Community 273,GA,2025,46150,9959,50795,27.75,13.48,2.472,1333.7,0,-0.1722,-0.3272,0.7661,0.9269,-0.2972,0.7429,0.0
C0274,MO Community 274,MO,2025,130106,25794,54706,33.68,27.62,0.833,3701.4,0,-0.7197,1.7655,-1.1618,-0.0143,0.4133,1.8451,0.0
C0275,WI Community 275,WI,2025,59980,14012,74918,24.26,29.64,3.013,679.3,0,-0.1726,-1.4179,0.3948,2.6033,0.5974,-0.429,0.0
C0276,NC Community 276,NC,2025,70249,15006,85771,18.49,43.86,3.17,803.6,0,-1.2615,-0.1006,-0.4354,-0.7544,2.3651,0.411,0.0
C0277,WA Community 277,WA,2025,86933,21791,83906,18.04,35.58,3.373,617.1,1,-0.9985,1.0151,-0.6113,-0.387,0.4209,0.6521,1.1503
C0278,OR Community 278,OR,2025,58479,14408,49888,27.28,33.79,2.744,1005.3,0,-0.6477,-0.36,-0.6466,1.9787,-0.9832,-0.2907,0.0
C0279,WA Community 279,WA,2025,160188,40415,80524,25.73,31.46,2.159,593.4,0,0.4418,0.3685,-1.3835,1.2167,0.6043,-0.2592,0.0
C0280,MN Community 280,MN,2025,51452,11443,54446,32.66,23.53,1.503,1507.7,0,0.1858,-0.2626,0.536,1.2313,-0.8271,0.849,0.0
C0281,GA Community 281,GA,2025,26013,6679,74021,22.57,42.0,1.881,4558.5,0,-0.5098,0.5079,1.6583,1.2561,1.0417,-0.6283,0.0
C0282,CA Community 282,CA,2025,43562,8378,71197,26.81,33.51,3.292,3035.8,0,0.0204,-0.0309,0.2452,-0.613,-1.7586,-0.7275,0.0
C0283,MN Community 283,MN,2025,26512,5602,80899,21.61,21.87,5.531,2288.5,0,2.5318,1.0745,-1.0061,1.3307,-0.8696,0.9545,0.0
C0284,PA Community 284,PA,2025,132038,31528,39228,31.49,24.34,0.05,199.5,0,0.6793,-0.8676,0.6356,0.7016,-0.6053,-0.2717,0.0
C0285,CA Community 285,CA,2025,26952,6200,23553,34.84,11.07,0.293,379.3,0,1.3476,-0.197,-0.6028,0.9652,-0.1446,-0.692,0.0
C0286,NC Community 286,NC,2025,82576,15267,65750,21.5,31.32,5.639,225.6,0,-0.2088,0.19,-0.155,0.0163,0.5194,0.21,0.0
C0287,OH Community 287,OH,2025,73767,14277,95567,20.32,27.43,5.838,721.0,0,-0.4367,0.1028,0.2081,-1.0455,1.9503,-0.4229,0.0
C0288,FL Community 288,FL,2025,190294,45295,34620,38.09,19.02,0.05,403.0,0,0.3848,1.0787,-1.2249,0.2339,1.0128,-0.1395,0.0
C0289,AZ Community 289,AZ,2025,24332,5065,53180,35.25,29.22,3.188,4748.9,0,-1.2773,-1.1062,-0.5361,0.4225,-0.7231,-0.2141,0.0
C0290,AZ Community 290,AZ,2025,69311,16318,46950,32.54,16.59,0.05,1818.5,0,1.8244,-0.3797,-0.0545,2.2727,-0.2559,-0.896,0.0
C0291,OH Community 291,OH,2025,40060,9596,79781,21.71,30.56,3.096,1943.2,0,-0.1361,1.4527,0.8262,0.866,-0.0278,-1.2273,0.0
C0292,WI Community 292,WI,2025,55673,12186,82117,23.6,43.13,5.247,124.8,0,0.1917,1.0355,0.6829,-0.0675,0.0806,-0.1187,0.0
C0293,NY Community 293,NY,2025,40929,9812,67968,32.88,26.56,1.271,303.0,0,1.6849,-2.1512,-0.2572,0.6474,0.3472,-0.8628,0.0
C0294,MO Community 294,MO,2025,42153,9213,58852,30.58,35.04,0.05,843.3,0,0.5442,-0.3537,-1.643,1.8384,1.2493,-0.8339,0.0
C0295,MA Community 295,MA,2025,54323,12101,64154,32.38,23.75,6.577,247.0,2,-1.0476,0.0287,-0.5801,0.3313,-0.8495,-0.5943,3.6817
C0296,VA Community 296,VA,2025,17055,3938,85004,19.94,38.91,1.936,294.6,0,-0.8125,-1.1357,-0.8789,0.7027,-0.7244,-0.3305,0.0
C0297,MA Community 297,MA,2025,50311,12092,35349,34.68,28.81,2.326,949.6,0,0.2454,-0.5893,0.7212,0.5518,-1.5231,-0.3222,0.0
C0298,CO Community 298,CO,2025,13207,3004,91448,23.15,59.71,3.759,2973.4,0,0.806,1.9649,-1.394,-0.2996,-0.212,0.6744,0.0
C0299,CA Community 299,CA,2025,16269,3545,66080,28.46,27.96,2.338,745.7,0,-0.1617,-0.8126,1.1309,-0.1139,-1.7504,-2.4753,0.0
C0300,IL Community 300,IL,2025,14103,2893,71856,16.12,46.96,1.141,278.8,0,-0.2787,-0.8921,0.5957,0.1676,-0.4447,0.6731,0.0
C0301,MO Community 301,MO,2025,35439,8004,64876,26.63,30.51,2.371,1708.1,0,0.7341,-0.8466,0.4254,-0.3536,-0.5884,0.2567,0.0
C0302,AZ Community 302,AZ,2025,148233,29495,40730,37.89,36.77,1.207,1219.8,0,-0.6891,-1.4668,-1.6558,-0.4738,0.6878,-0.7365,0.0
C0303,WA Community 303,WA,2025,300492,64977,61756,21.88,32.7,3.932,1040.2,3,-1.207,-0.179,-0.0857,-0.0348,0.2741,-0.4402,0.9984
C0304,FL Community 304,FL,2025,44952,9416,46323,25.29,19.42,4.174,138.2,0,1.1523,0.3985,-1.4084,-0.2703,-0.1994,0.7219,0.0
C0305,GA Community 305,GA,2025,40553,8936,48241,32.33,27.47,0.057,351.0,0,0.6991,-0.0962,-0.2399,0.1021,0.1568,-0.6098,0.0
C0306,PA Community 306,PA,2025,30795,8145,112305,10.59,43.71,4.498,506.6,1,-0.9915,0.0176,-1.3162,-1.2806,0.1569,-0.1114,3.2473
C0307,WI Community 307,WI,2025,81906,17107,115355,16.63,51.95,3.058,264.2,2,-1.0647,0.0559,1.1942,-0.1397,0.1496,2.1007,2.4418
C0308,FL Community 308,FL,2025,36323,7186,69776,29.64,34.27,3.244,184.0,0,-0.2927,1.5723,0.8041,1.1078,-0.6538,0.6102,0.0
C0309,TN Community 309,TN,2025,66942,14422,75146,23.16,40.34,1.976,4405.0,0,-0.0602,-1.7263,1.2626,1.442,-0.2116,0.8045,0.0
C0310,OR Community 310,OR,2025,67818,12960,64366,29.93,41.58,3.903,1600.9,0,-1.9618,1.4333,0.089,-2.3014,0.3758,0.7984,0.0
C0311,FL Community 311,FL,2025,128333,31045,71344,25.05,36.72,0.711,1267.3,0,-1.8818,-1.2307,0.8097,1.5696,-0.271,0.7505,0.0
C0312,FL Community 312,FL,2025,25109,4825,103689,30.23,42.75,3.162,615.3,0,0.587,-1.0932,0.1041,-1.8566,1.2822,1.7882,0.0
C0313,GA Community 313,GA,2025,41878,7949,25578,35.11,6.0,2.388,1449.8,0,-0.3987,0.3175,-0.6737,0.6198,-1.3368,1.6445,0.0
C0314,TN Community 314,TN,2025,70294,16391,54377,39.26,24.91,2.2,1106.4,0,-0.4387,0.2839,0.263,-0.291,-1.8407,-0.3468,0.0
C0315,IL Community 315,IL,2025,81594,20611,95826,13.58,46.13,4.887,150.4,0,0.6143,-0.5502,0.0229,0.3098,0.3561,0.8312,0.0
C0316,TX Community 316,TX,2025,51398,13472,64702,31.37,33.82,0.05,4361.4,0,-0.1365,-1.1207,1.3987,-0.9181,0.5857,-0.0504,0.0
C0317,AZ Community 317,AZ,2025,21383,4355,95321,20.55,52.43,5.703,199.8,0,1.5558,0.3606,0.6072,-0.3196,1.4157,1.1688,0.0
C0318,CA Community 318,CA,2025,78719,16805,50219,33.96,33.23,0.529,231.9,0,0.7716,0.2945,-1.4686,-0.8871,1.3176,-1.0052,0.0
C0319,MO Community 319,MO,2025,41367,9502,68143,24.1,29.65,3.523,344.5,0,1.6832,-0.3196,1.4523,1.172,0.0197,0.2211,0.0
